v 0.348798990249634 -0.334989011287689 -0.0832331031560898
v 0.31540921330452 -0.393600404262543 0.875411212444305
v 0.264591306447983 0.185572504997253 0.123796902596951
v 0.233669206500053 0.0631004124879837 0.826337099075317
v 0.353576600551605 -0.0485470406711102 0.444138705730438
v 0.294146299362183 0.0381911583244801 -0.0164386592805386
v 0.266331791877747 0.106120198965073 0.467691212892532
v 0.149341002106667 -0.451521992683411 0.166422992944717
v 0.113834701478481 -0.163932904601097 -0.188785299658775
v 0.114009000360966 -0.358339011669159 -0.0759520977735519
v 0.101545996963978 -0.475382000207901 0.663156986236572
v 0.235584601759911 -0.439780503511429 0.419327914714813
v 0.386174291372299 -0.162783399224281 0.189891904592514
v 0.358601987361908 -0.377970010042191 0.178969994187355
v 0.346000909805298 -0.228952303528786 0.664194822311401
v 0.316101998090744 -0.419396013021469 0.649152994155884
v 0.130833804607391 -0.20459920167923 0.951340794563293
v 0.0876765996217728 -0.391182005405426 0.901606023311615
v 0.163250297307968 0.283758699893951 0.304354697465897
v 0.173653900623322 0.284783810377121 0.0870995074510574
v 0.15698030591011 0.0666497796773911 -0.144879698753357
v 0.312468498945236 -0.0949474200606346 -0.0661456435918808
v 0.137177705764771 0.191623404622078 0.699824571609497
v 0.288221508264542 -0.212806805968285 0.863538026809692
v 0.261287808418274 0.0927495211362839 0.679921329021454
v 0.34284919500351 -0.0535278394818306 0.672129213809967
v 0.368501096963882 -0.0222135204821825 0.20732319355011
v 0.274155408143997 0.156405299901962 0.282650589942932
v 0.369136989116669 -0.227721095085144 0.434838712215424
v 0.147565796971321 0.204702004790306 0.491042912006378
v 0.159703001379967 0.322691589593887 -0.0186062194406986
v 0.257914990186691 0.488968998193741 -0.517720997333527
v 0.192385494709015 0.732073724269867 -0.428997695446014
v 0.189281105995178 0.122524000704288 -0.440030813217163
v 0.274802088737488 0.207352593541145 -0.580027997493744
v 0.227322593331337 0.336477905511856 -0.641784429550171
v 0.325455814599991 -0.64234322309494 -0.0645057111978531
v 0.150076597929001 -0.666990220546722 0.114646896719933
v 0.152692094445229 -0.651674926280975 -0.0624168887734413
v 0.131717100739479 -0.68078887462616 0.712670981884003
v 0.312308192253113 -0.65648889541626 0.123645097017288
v 0.267743796110153 -0.670626580715179 0.703592300415039
v 0.128146901726723 -0.662359714508057 0.879721283912659
v 0.264169007539749 0.646946012973785 -0.3698970079422
v 0.176755502820015 0.689135611057281 -0.148107901215553
v 0.263204008340836 0.560374975204468 -0.137190997600555
v 0.432195007801056 0.751245975494385 -0.233456999063492
v 0.424573987722397 0.680438995361328 -0.150855004787445
v 0.38246351480484 0.605717897415161 -0.211569100618362
v -0.00280483299866319 -0.191739499568939 -0.196539595723152
v 0.0129453996196389 0.33145010471344 -0.665914177894592
v -0.00214253109879792 0.0433190204203129 -0.241750493645668
v -7.67313613323495e-05 0.11703210324049 -0.309882491827011
v 2.47501102421666e-05 0.100638702511787 -0.433369606733322
v -0.000858659972436726 0.767424285411835 -0.446736395359039
v 0.0070539740845561 0.834299385547638 -0.293718695640564
v -0.00953756086528301 -0.437712609767914 0.0798829570412636
v -0.00492434808984399 -0.357190907001495 -0.0628446415066719
v 6.78210290061543e-06 0.326234698295593 0.136125400662422
v 0.00659967912361026 0.502395927906036 0.0568740107119083
v -4.33681024090567e-19 0.723905980587006 -0.0597107000648975
v 0.0125550897791982 -0.438963890075684 0.718244612216949
v -0.00157856498844922 0.233278706669807 0.495733201503754
v -0.00147955794818699 -0.33884659409523 0.892792522907257
v -0.00655432092025876 0.220310300588608 0.709858417510986
v 0.00167581904679537 0.130146399140358 0.891345798969269
v 0.193920701742172 0.913281202316284 -0.317939192056656
v 0.156846597790718 0.935888409614563 -0.285770386457443
v 0.218770697712898 0.912041425704956 -0.253172695636749
v 0.133410096168518 0.84186452627182 -0.219567105174065
v 0.0892155170440674 0.809341609477997 -0.207877993583679
v 0.172231003642082 0.8193119764328 -0.334104001522064
v 0.103366702795029 0.849226295948029 -0.284112185239792
v 0.199751004576683 0.790382027626038 -0.244881004095078
v 0.184683993458748 0.762009024620056 -0.196152001619339
v 0.177914306521416 -0.491476386785507 0.416792899370193
v -0.00265776203013957 -0.462973803281784 0.210559606552124
v -0.00166950200218707 -0.486349105834961 0.600706815719604
v 0.106338202953339 -0.0170318093150854 0.969815671443939
v 0.105241902172565 -0.068270280957222 0.975551724433899
v 0.000208239594940096 0.00443170499056578 0.98570328950882
v 0 -0.0756163001060486 0.995507001876831
v 0 -0.0952192023396492 1.02641999721527
v -0.348798990249634 -0.334989011287689 -0.0832331031560898
v -0.316444307565689 -0.39501491189003 0.873706817626953
v -0.265608996152878 0.183990404009819 0.124304600059986
v -0.233759000897408 0.0644622296094894 0.824449002742767
v -0.353576600551605 -0.0485470406711102 0.444138705730438
v -0.335093885660172 -0.385019302368164 0.422861814498901
v -0.305130898952484 0.0326481014490128 -0.00488675106316805
v -0.266503900289536 0.105948403477669 0.46746951341629
v -0.149341002106667 -0.451521992683411 0.166422992944717
v -0.114009000360966 -0.358339011669159 -0.0759520977735519
v -0.101545996963978 -0.475382000207901 0.663156986236572
v -0.239941895008087 -0.436231404542923 0.422602713108063
v -0.384831786155701 -0.161211401224136 0.170084998011589
v -0.358601987361908 -0.377970010042191 0.178969994187355
v -0.346000403165817 -0.228957697749138 0.664195120334625
v -0.316101998090744 -0.419396013021469 0.649152994155884
v -0.128074705600739 -0.200461402535439 0.952786326408386
v -0.0876765996217728 -0.391182005405426 0.901606023311615
v -0.161388605833054 0.285129010677338 0.303980886936188
v -0.311097502708435 -0.0886277630925179 -0.0662725120782852
v -0.128452703356743 0.111413799226284 0.873029291629791
v -0.287694603204727 -0.211406499147415 0.864204883575439
v -0.265804499387741 0.0844247117638588 0.690875113010406
v -0.34284919500351 -0.0535278618335724 0.672129213809967
v -0.368488609790802 -0.0221875701099634 0.207363694906235
v -0.274152010679245 0.156536906957626 0.282314002513885
v -0.369136989116669 -0.227721095085144 0.434838712215424
v -0.131214693188667 0.209683001041412 0.50169712305069
v -0.157313004136086 0.318370014429092 -0.0179664008319378
v -0.187611594796181 0.183422401547432 -0.23987789452076
v -0.231760993599892 0.446299701929092 -0.0469612702727318
v -0.257914990186691 0.488968998193741 -0.517720997333527
v -0.181327894330025 0.726351618766785 -0.441964089870453
v -0.185305193066597 0.121791400015354 -0.433505803346634
v -0.226714998483658 0.337208688259125 -0.641834497451782
v -0.14395010471344 -0.672739923000336 0.100321799516678
v -0.151354402303696 -0.651023089885712 -0.060895461589098
v -0.13200269639492 -0.6822350025177 0.713853478431702
v -0.308360904455185 -0.661243915557861 0.123623996973038
v -0.265675693750381 -0.672717273235321 0.703096389770508
v -0.126590296626091 -0.665769279003143 0.876435518264771
v -0.264169007539749 0.646946012973785 -0.3698970079422
v -0.174395605921745 0.691691875457764 -0.148476302623749
v -0.263204008340836 0.560374975204468 -0.137190997600555
v -0.373711585998535 0.688393175601959 -0.320294797420502
v -0.432195007801056 0.751245975494385 -0.233456999063492
v -0.424573987722397 0.680438995361328 -0.150855004787445
v -0.381946593523026 0.605578482151031 -0.212267205119133
v -0.169963598251343 0.932105183601379 -0.233600094914436
v -0.199087902903557 0.919379770755768 -0.314050793647766
v -0.151123404502869 0.934896171092987 -0.278689712285995
v -0.222440600395203 0.900129020214081 -0.257700711488724
v -0.117970697581768 0.84017151594162 -0.221812695264816
v -0.0875135734677315 0.809472382068634 -0.20754100382328
v -0.172231003642082 0.8193119764328 -0.334104001522064
v -0.112831801176071 0.843665480613708 -0.301282286643982
v -0.219588205218315 0.756590723991394 -0.27585831284523
v -0.199751004576683 0.790382027626038 -0.244881004095078
v -0.184683993458748 0.762009024620056 -0.196152001619339
v -0.285291314125061 0.761078715324402 -0.243896394968033
v -0.125608801841736 -0.453643798828125 0.238828495144844
v -0.116225697100163 -0.476087689399719 0.58010721206665
v -0.102626301348209 -0.0120707396417856 0.968892514705658
v -0.11005300283432 -0.064967580139637 0.974277079105377
v -0.0472481399774551 -0.0826425403356552 1.01312494277954
v 0.281608194112778 -0.419853895902634 0.432000011205673
v 0.225756302475929 -0.43327060341835 0.317806601524353
v 0.262598991394043 -0.446574002504349 0.21416500210762
v 0.277531206607819 -0.4129998087883 0.303479701280594
v 0.218648999929428 -0.474853008985519 0.619944989681244
v 0.255257487297058 -0.429597914218903 0.535925209522247
v 0.238453298807144 -0.34492290019989 -0.117198199033737
v 0.122238896787167 -0.25007238984108 -0.144472703337669
v 0.224150598049164 -0.120543800294399 -0.144124403595924
v 0.328763008117676 -0.189065799117088 -0.0762119963765144
v 0.224571406841278 -0.215301007032394 -0.133720904588699
v 0.30743071436882 -0.0337100811302662 -0.0505754910409451
v 0.136564001441002 -0.0531765297055244 -0.182625696063042
v 0.23812709748745 0.0533352717757225 -0.0739406272768974
v 0.227953106164932 -0.0359923802316189 -0.127302303910255
v 0.299607902765274 -0.289294093847275 0.87132602930069
v 0.114075899124146 -0.281913608312607 0.935900628566742
v 0.216149806976318 -0.274714708328247 0.919578015804291
v 0.36390408873558 -0.12545520067215 0.0426217690110207
v 0.382342308759689 -0.26303431391716 0.167410805821419
v 0.384992003440857 -0.348156988620758 0.0343093797564507
v 0.382625311613083 -0.208657801151276 0.311265707015991
v 0.361204713582993 -0.316489607095718 0.429913014173508
v 0.374452501535416 -0.294114202260971 0.308008104562759
v 0.36962229013443 -0.141318395733833 0.431576609611511
v 0.38530769944191 -0.105681702494621 0.190290302038193
v 0.364580690860748 -0.0394271798431873 0.325651913881302
v 0.381809204816818 -0.12421590089798 0.314985901117325
v 0.349629998207092 0.00391759676858783 0.0909626111388206
v 0.364975988864899 -0.0675865337252617 0.0745719373226166
v 0.343174695968628 -0.4081090092659 0.776656210422516
v 0.341801792383194 -0.314538300037384 0.658474206924438
v 0.336749196052551 -0.30420708656311 0.773696780204773
v 0.283369690179825 -0.120255298912525 0.862426102161407
v 0.351004093885422 -0.142057299613953 0.668698370456696
v 0.323928385972977 -0.0656786635518074 0.773351073265076
v 0.329127609729767 -0.150411203503609 0.772865116596222
v 0.349233508110046 -0.0519371591508389 0.56086802482605
v 0.357632905244827 -0.232646897435188 0.55125617980957
v 0.360819488763809 -0.144442200660706 0.553060293197632
v 0.230247497558594 0.230172500014305 0.105595096945763
v 0.173546299338341 0.297609895467758 0.205733001232147
v 0.211903899908066 0.24758580327034 0.290742605924606
v 0.222173497080803 0.257535696029663 0.207324802875519
v 0.271099388599396 0.126319006085396 0.375774294137955
v 0.152144193649292 0.246157005429268 0.390975892543793
v 0.206166699528694 0.167203098535538 0.479310512542725
v 0.222116202116013 0.190583094954491 0.380917698144913
v 0.238739296793938 0.0875194370746613 0.779154777526855
v 0.194761604070663 0.15726700425148 0.690359115600586
v 0.135836496949196 0.159429892897606 0.799125909805298
v 0.19491009414196 0.086468979716301 0.846809327602386
v 0.193625494837761 0.129216402769089 0.784197628498077
v 0.145779892802238 0.194555506110191 0.588168919086456
v 0.261479198932648 0.101994998753071 0.574990510940552
v 0.201790302991867 0.15893480181694 0.589018225669861
v 0.327243506908417 0.0683216899633408 0.240843504667282
v 0.316959708929062 0.034012358635664 0.454883486032486
v 0.32404750585556 0.0478104315698147 0.345327198505402
v 0.307139009237289 0.0295000392943621 0.67494809627533
v 0.236353904008865 0.0389868095517159 0.848107993602753
v 0.281771689653397 0.035922110080719 0.768576622009277
v 0.192170903086662 0.187787503004074 -0.0279354192316532
v 0.238785102963448 0.148134395480156 0.00779819581657648
v 0.313513696193695 0.0304659008979797 0.566956877708435
v 0.317178606987 0.0907509103417397 0.143986493349075
v 0.149996295571327 0.150695502758026 -0.178865194320679
v 0.190133899450302 0.254713714122772 -0.11216039955616
v 0.151233002543449 0.29041188955307 0.0145236095413566
v 0.172354802489281 0.217574506998062 -0.0744107067584991
v 0.271770507097244 0.235969305038452 -0.300933510065079
v 0.295135408639908 0.388197690248489 -0.206728398799896
v 0.190293103456497 0.374834001064301 -0.0230480991303921
v 0.197486206889153 0.141774103045464 -0.362788408994675
v 0.237745195627213 0.145687893033028 -0.505843222141266
v 0.324508905410767 0.241565406322479 -0.498703986406326
v 0.277368813753128 0.181082203984261 -0.421597212553024
v 0.256012409925461 0.28185111284256 -0.633528470993042
v 0.252431899309158 0.383604109287262 -0.602905988693237
v 0.319127291440964 0.385955512523651 -0.447137296199799
v 0.314390599727631 0.321479588747025 -0.562945902347565
v 0.228165000677109 -0.692421972751617 0.147406995296478
v 0.128279998898506 -0.68970799446106 0.0245746001601219
v 0.238160997629166 -0.677381992340088 -0.0918855965137482
v 0.196759805083275 -0.692516386508942 0.890879809856415
v 0.106804996728897 -0.693951606750488 0.798142790794373
v 0.187780797481537 -0.698950409889221 0.690487086772919
v 0.20073489844799 -0.735446214675903 0.788078904151917
v 0.308565586805344 -0.542829573154449 0.890279412269592
v 0.058612048625946 -0.45530179142952 0.797052502632141
v 0.20108200609684 -0.591422915458679 0.647589921951294
v 0.339603006839752 -0.546359181404114 0.149973794817924
v 0.352932989597321 -0.52055698633194 -0.088512197136879
v 0.380768001079559 -0.540187180042267 0.0188152305781841
v 0.131027802824974 -0.532192707061768 -0.0740218237042427
v 0.242418706417084 -0.523420989513397 -0.123873196542263
v 0.143422201275826 -0.576648712158203 0.141795203089714
v 0.239920496940613 -0.571078717708588 0.188314095139503
v 0.096494197845459 -0.434904009103775 0.034291498363018
v 0.282893985509872 0.569890022277832 -0.257283002138138
v 0.23932009935379 0.521892786026001 -0.0929236933588982
v 0.211462393403053 0.615470588207245 -0.112882301211357
v 0.314408391714096 0.575274288654327 -0.184502199292183
v 0.422877997159958 0.632072985172272 -0.168660998344421
v 0.340373486280441 0.674855411052704 -0.144921198487282
v 0.32634499669075 0.612340986728668 -0.141545996069908
v 0.312593996524811 0.674309015274048 -0.341185003519058
v 0.376602292060852 0.645008623600006 -0.293942302465439
v 0.316063195466995 0.609260320663452 -0.281229197978973
v 0.417773008346558 0.731266021728516 -0.288913995027542
v 0.460287004709244 0.727235972881317 -0.177367001771927
v 0.44791978597641 0.673190474510193 -0.225158393383026
v -0.00113814405631274 0.31920000910759 0.228580802679062
v 0.0925757363438606 0.320057988166809 0.123348198831081
v 0.0891110375523567 0.318087100982666 0.218788102269173
v -0.00011573370284168 0.227017104625702 0.602542877197266
v 0.0733752399682999 0.212968707084656 0.703111410140991
v 0.0753130465745926 0.218997493386269 0.594793319702148
v -0.00659533217549324 0.185980007052422 0.81097412109375
v 0.0670472010970116 0.124710097908974 0.886651873588562
v 0.0711053013801575 0.180739507079124 0.80421507358551
v -0.00219321809709072 -0.409043312072754 0.00719909183681011
v 0.0491226390004158 -0.3418889939785 -0.070162296295166
v 0.0649673715233803 -0.43413770198822 0.0926392897963524
v 0.0468530282378197 -0.409564793109894 0.0251973308622837
v 0.0392223484814167 -0.444884806871414 0.707974910736084
v 0.0321100987493992 -0.40472599864006 0.804764986038208
v -0.00883602257817984 0.262834310531616 0.405712902545929
v 0.0688334032893181 0.262935698032379 0.400119513273239
v -0.000839548476506025 0.329917401075363 0.0755923166871071
v 0.0874752029776573 0.345901012420654 0.0284499004483223
v 0.0960023775696754 0.320011287927628 0.0597019717097282
v 0.000837643223349005 0.407086908817291 0.0509021990001202
v 0.0995020866394043 0.401179403066635 0.0370485112071037
v 0.103593602776527 0.752237319946289 -0.446605294942856
v 0.208610102534294 0.631034672260284 -0.485649287700653
v -0.00980128161609173 0.424363911151886 -0.615600287914276
v 0.139303997159004 0.339131414890289 -0.661728501319885
v 0.143903493881226 0.410753786563873 -0.619689583778381
v 0.00451624998822808 -0.282226294279099 0.936822593212128
v 0.0631566718220711 -0.20028729736805 0.965862989425659
v 0.0551398284733295 -0.27331680059433 0.942033290863037
v -0.00138826598413289 -0.283139288425446 -0.14064060151577
v 0.0556384101510048 -0.274278491735458 -0.141973704099655
v 0.00664371997117996 -0.0876968428492546 -0.221832692623138
v 0.0740897580981255 0.0563562512397766 -0.221550300717354
v 0.0592861510813236 -0.0680035129189491 -0.215968400239944
v 0.0941786170005798 0.129746600985527 -0.289261788129807
v 0.0815700367093086 0.109903298318386 -0.23975670337677
v -1.14310396384099e-05 0.106591202318668 -0.371181786060333
v 0.114659897983074 0.104956798255444 -0.447513997554779
v 0.10218969732523 0.11460330337286 -0.362523287534714
v 0.148397400975227 0.265730708837509 -0.658080101013184
v 0.0774358585476875 0.705159723758698 -0.0919613912701607
v 0.0135806603357196 0.62233978509903 0.00332854990847409
v 0.125573500990868 0.588864624500275 -0.0225997399538755
v 0.229744896292686 0.700985074043274 -0.40911391377449
v 0.246537998318672 0.632342100143433 -0.450635403394699
v 0.225971505045891 0.912487626075745 -0.279244989156723
v 0.180803000926971 0.939034581184387 -0.300611406564713
v 0.15583099424839 0.945919990539551 -0.253015995025635
v 0.20195409655571 0.936191320419312 -0.247024193406105
v 0.198381006717682 0.950852990150452 -0.269730001688004
v 0.162590995430946 0.796640992164612 -0.337705999612808
v 0.199136197566986 0.807348728179932 -0.300276905298233
v 0.190344005823135 0.780418992042542 -0.305321007966995
v 0.157318696379662 0.820536673069 -0.220157101750374
v 0.0963929519057274 0.818439483642578 -0.225572496652603
v 0.189027801156044 0.76921272277832 -0.211193099617958
v 0.145370304584503 0.798686325550079 -0.211896702647209
v 0.101402096450329 0.819725394248962 -0.30417999625206
v 0.142168805003166 0.838273584842682 -0.326667189598083
v 0.123209998011589 0.811864018440247 -0.327104985713959
v 0.0836697965860367 0.8245450258255 -0.249203994870186
v 0.35886549949646 0.760591626167297 -0.246411800384521
v 0.25203350186348 0.716015219688416 -0.338414996862411
v 0.317414194345474 0.732677578926086 -0.311270594596863
v 0.181782096624374 0.740029811859131 -0.179292395710945
v 0.319781005382538 0.735389292240143 -0.176914602518082
v 0.0583949983119965 0.810043096542358 -0.198682799935341
v 0 0.785709023475647 -0.129115998744965
v 0.0778299570083618 0.778364896774292 -0.16258829832077
v 0.0479796305298805 0.829311311244965 -0.301108688116074
v 0.166297495365143 0.779403328895569 -0.386292397975922
v 0.086540587246418 0.813743412494659 -0.366807788610458
v -0.00124783301725984 0.830525279045105 -0.240888103842735
v 0.0501583889126778 0.827022671699524 -0.249144107103348
v 0.19370199739933 0.87269002199173 -0.329391986131668
v 0.124503202736378 0.898941516876221 -0.277900189161301
v 0.168746694922447 0.888976097106934 -0.323714405298233
v 0.120015501976013 0.899832129478455 -0.250676900148392
v 0.000241710906266235 -0.457478612661362 0.672305822372437
v 0.0523986183106899 -0.462846100330353 0.653637886047363
v 0.0648316293954849 -0.458761811256409 0.215753704309464
v -0.00243223994038999 -0.445850789546967 0.128837794065475
v 0.0637924894690514 -0.443849205970764 0.144645094871521
v 0.0151770198717713 -0.517877221107483 0.51787531375885
v 0.116681799292564 -0.51520562171936 0.415331602096558
v 0.078661136329174 -0.510208785533905 0.516871273517609
v -0.00292766490019858 -0.500810086727142 0.301717400550842
v 0.0888854265213013 -0.495168596506119 0.315570294857025
v 0.154613003134727 -0.0208254605531693 0.948383927345276
v 0.133258998394012 -0.033937830477953 0.964110016822815
v 0.11328399926424 -0.117025703191757 0.967410981655121
v 0.200636804103851 -0.111218303442001 0.931922614574432
v 0.10157909989357 0.0366919301450253 0.941059589385986
v 0.192041501402855 0.00879403203725815 0.910340011119843
v 0.0547672212123871 -0.000977959600277245 0.981026887893677
v 0.0544734001159668 -0.0758718028664589 0.989219009876251
v -0.000821729190647602 -0.130169093608856 0.983965516090393
v 0.0543898604810238 -0.123600699007511 0.980579018592834
v 0.0912332534790039 -0.0523582808673382 0.988742589950562
v 0.0378452017903328 -0.0396874994039536 1.01920700073242
v -0.262598991394043 -0.446574002504349 0.21416500210762
v -0.225642502307892 -0.431153506040573 0.302811294794083
v -0.287717700004578 -0.417542785406113 0.422932803630829
v -0.184650003910065 -0.455113500356674 0.533405601978302
v -0.218648999929428 -0.474853008985519 0.619944989681244
v -0.321005910634995 -0.38931131362915 0.541057825088501
v -0.325900286436081 -0.189351797103882 -0.0792152732610703
v -0.223856806755066 -0.119712002575397 -0.144217997789383
v -0.121278703212738 -0.250789999961853 -0.144036993384361
v -0.22299399971962 -0.33831000328064 -0.115584202110767
v -0.22724150121212 -0.218306496739388 -0.132692500948906
v -0.237777397036552 0.0540345497429371 -0.0737904086709023
v -0.308173000812531 -0.0298723801970482 -0.0473434589803219
v -0.228003099560738 -0.036069680005312 -0.127294406294823
v -0.11211159825325 -0.285389989614487 0.935011625289917
v -0.300255686044693 -0.290463894605637 0.871086299419403
v -0.21877409517765 -0.271456986665726 0.918290615081787
v -0.365597009658813 -0.115052700042725 0.0542050786316395
v -0.375962793827057 -0.211056798696518 0.0459660515189171
v -0.361207187175751 -0.313661813735962 0.433712989091873
v -0.382625192403793 -0.208664700388908 0.311265408992767
v -0.374450594186783 -0.294126808643341 0.308012813329697
v -0.364580690860748 -0.0394271798431873 0.325651913881302
v -0.36962229013443 -0.141318395733833 0.431576609611511
v -0.381806701421738 -0.124214597046375 0.315013289451599
v -0.350019007921219 0.00345055595971644 0.0921304002404213
v -0.357789009809494 -0.0559169501066208 0.0540239289402962
v -0.328332811594009 -0.212602600455284 0.772514283657074
v -0.341716289520264 -0.314886599779129 0.657950520515442
v -0.342693686485291 -0.412868112325668 0.784771919250488
v -0.336802214384079 -0.305192589759827 0.774329423904419
v -0.319052308797836 -0.045368991792202 0.772656321525574
v -0.351003706455231 -0.142059206962585 0.668703377246857
v -0.283250987529755 -0.128068804740906 0.86301988363266
v -0.329076409339905 -0.137266501784325 0.773780286312103
v -0.357632905244827 -0.232646897435188 0.551256120204926
v -0.349233508110046 -0.0519371405243874 0.56086790561676
v -0.360819488763809 -0.144442200660706 0.553060173988342
v -0.349201887845993 -0.320305585861206 0.544080018997192
v -0.274795413017273 0.176812306046486 0.180854395031929
v -0.170929700136185 0.299257904291153 0.202613800764084
v -0.234156906604767 0.223837301135063 0.10378360003233
v -0.222662106156349 0.25751730799675 0.203179195523262
v -0.150488704442978 0.245132297277451 0.394165188074112
v -0.271139800548553 0.126255095005035 0.375785887241364
v -0.191593497991562 0.0849231034517288 0.852473080158234
v -0.134159997105598 0.161843001842499 0.796560525894165
v -0.194361701607704 0.157440796494484 0.690906405448914
v -0.193051800131798 0.128763005137444 0.785920381546021
v -0.260506600141525 0.102988302707672 0.575889408588409
v -0.203555405139923 0.1578449010849 0.584639072418213
v -0.316959708929062 0.0340123698115349 0.454883486032486
v -0.327243894338608 0.0683203265070915 0.240845993161201
v -0.32404750585556 0.0478104315698147 0.345327198505402
v -0.254143893718719 0.0142570398747921 0.848910272121429
v -0.307140111923218 0.0294987205415964 0.674943387508392
v -0.284108400344849 0.029149079695344 0.774245977401733
v -0.289692014455795 0.115472100675106 0.0670227631926537
v -0.236090093851089 0.14396770298481 -0.000178771006176248
v -0.313513606786728 0.0304659996181726 0.566956877708435
v -0.317188411951065 0.0907260626554489 0.143920794129372
v -0.191902905702591 0.252999514341354 -0.120238400995731
v -0.155793905258179 0.149168103933334 -0.148197501897812
v -0.192138701677322 0.366893410682678 -0.0284573696553707
v -0.295184701681137 0.388014405965805 -0.206850498914719
v -0.273033112287521 0.236813098192215 -0.301989108324051
v -0.324470490217209 0.241435199975967 -0.498858898878098
v -0.238637194037437 0.145781502127647 -0.505241274833679
v -0.197988495230675 0.14182260632515 -0.363447606563568
v -0.277459889650345 0.181182295084 -0.421573787927628
v -0.31973060965538 0.382949501276016 -0.447605192661285
v -0.250521808862686 0.391496688127518 -0.599145174026489
v -0.254907608032227 0.28749668598175 -0.634544193744659
v -0.31626358628273 0.32008770108223 -0.556050002574921
v -0.238160997629166 -0.677381992340088 -0.0918855965137482
v -0.128279998898506 -0.68970799446106 0.0245746001601219
v -0.228165000677109 -0.692421972751617 0.147406995296478
v -0.286722213029861 -0.692454874515533 0.79559451341629
v -0.211284205317497 -0.695362687110901 0.687401413917542
v -0.106904797255993 -0.694010317325592 0.798454821109772
v -0.198564901947975 -0.693467020988464 0.890309572219849
v -0.307855010032654 -0.552579998970032 0.890619993209839
v -0.102147996425629 -0.5576531291008 0.895443618297577
v -0.0585105717182159 -0.455059498548508 0.797004818916321
v -0.0730121731758118 -0.584284722805023 0.803501188755035
v -0.201345503330231 -0.59071159362793 0.647408783435822
v -0.352549612522125 -0.519118428230286 -0.088730201125145
v -0.337860494852066 -0.544463276863098 0.15220519900322
v -0.383109509944916 -0.53138142824173 0.0308047793805599
v -0.132032707333565 -0.534031808376312 -0.0757777169346809
v -0.254725694656372 -0.532398521900177 -0.122142903506756
v -0.23998449742794 -0.571026086807251 0.188335403800011
v -0.096494197845459 -0.434904009103775 0.034291498363018
v -0.239121198654175 0.52563601732254 -0.094294473528862
v -0.282893985509872 0.569890022277832 -0.257283002138138
v -0.291756689548492 0.489325195550919 -0.279046505689621
v -0.322960585355759 0.681937873363495 -0.145955294370651
v -0.422877997159958 0.632072985172272 -0.168660998344421
v -0.314623594284058 0.575305879116058 -0.184307098388672
v -0.32634499669075 0.612340986728668 -0.141545996069908
v -0.312593996524811 0.674309015274048 -0.341185003519058
v -0.31673601269722 0.607336819171906 -0.278531402349472
v -0.460287004709244 0.727235972881317 -0.177367001771927
v -0.417773008346558 0.731266021728516 -0.288913995027542
v -0.450747787952423 0.67647522687912 -0.224524706602097
v -0.090517058968544 0.320423185825348 0.120607003569603
v -0.0941231474280357 0.300061613321304 0.309601098299026
v -0.0778868272900581 0.318829387426376 0.217832192778587
v -0.0818108767271042 0.22452449798584 0.503393828868866
v -0.0719611123204231 0.212906405329704 0.707703411579132
v -0.0931286290287971 0.213958993554115 0.59982568025589
v -0.0654458329081535 0.121942400932312 0.889487385749817
v -0.0712134763598442 0.180118694901466 0.805607318878174
v -0.0675344094634056 -0.433724999427795 0.0919670388102531
v -0.0508038885891438 -0.341727197170258 -0.0700722113251686
v -0.0306792501360178 -0.341011196374893 0.894680321216583
v -0.038380041718483 -0.444406509399414 0.709294378757477
v -0.0321100987493992 -0.40472599864006 0.804764986038208
v -0.0874752029776573 0.345901012420654 0.0284499004483223
v -0.0968036875128746 0.319696009159088 0.0607254393398762
v -0.0998082235455513 0.400710791349411 0.0368623808026314
v -0.214044094085693 0.628561079502106 -0.485152810811996
v -0.103539898991585 0.752038776874542 -0.446725785732269
v -0.138871192932129 0.341228902339935 -0.661420226097107
v -0.143873795866966 0.411474287509918 -0.61916172504425
v -0.0687711834907532 -0.202560096979141 0.964399576187134
v -0.049959309399128 -0.276306509971619 0.940694093704224
v -0.058078620582819 -0.18350450694561 -0.197108298540115
v -0.0560136996209621 -0.274139404296875 -0.142004102468491
v -0.0591790489852428 -0.0686898082494736 -0.215923696756363
v -0.0942209511995316 0.129751205444336 -0.289298087358475
v -0.0786451399326324 0.109018497169018 -0.240900903940201
v -0.101874299347401 0.114789701998234 -0.361464709043503
v -0.135245695710182 0.590863287448883 -0.0310594998300076
v -0.233868405222893 0.691870391368866 -0.411851912736893
v -0.248192697763443 0.63005667924881 -0.44785338640213
v -0.15583099424839 0.945919990539551 -0.253015995025635
v -0.175888299942017 0.93575531244278 -0.301699101924896
v -0.198381006717682 0.950852990150452 -0.269730001688004
v -0.206466004252434 0.766123473644257 -0.250207990407944
v -0.198991104960442 0.807552576065063 -0.300626307725906
v -0.162590995430946 0.796640992164612 -0.337705999612808
v -0.190344005823135 0.780418992042542 -0.305321007966995
v -0.0963929519057274 0.818439483642578 -0.225572496652603
v -0.158653095364571 0.816164076328278 -0.220067203044891
v -0.131849497556686 0.831166625022888 -0.323587894439697
v -0.123209998011589 0.811864018440247 -0.327104985713959
v -0.0836697965860367 0.8245450258255 -0.249203994870186
v -0.245017200708389 0.750555515289307 -0.192001104354858
v -0.206245705485344 0.764049112796783 -0.222735598683357
v -0.36434268951416 0.760678112506866 -0.232673093676567
v -0.31953489780426 0.731428384780884 -0.312213093042374
v -0.189183592796326 0.736125886440277 -0.177317202091217
v -0.0861532688140869 0.780344724655151 -0.168377697467804
v -0.162890404462814 0.779837191104889 -0.388255894184113
v -0.040933221578598 0.830533385276794 -0.295288294553757
v -0.093089759349823 0.81125682592392 -0.371504187583923
v -0.0511870309710503 0.827037572860718 -0.251095503568649
v -0.19370199739933 0.87269002199173 -0.329391986131668
v -0.218013897538185 0.854946970939636 -0.289896488189697
v -0.132027596235275 0.912161111831665 -0.275894790887833
v -0.156248301267624 0.889026701450348 -0.318880200386047
v -0.120418898761272 0.900577485561371 -0.249157205224037
v -0.184580102562904 0.866646111011505 -0.226434007287025
v -0.22141769528389 -0.455019414424896 0.420967996120453
v -0.0653219893574715 -0.45823860168457 0.214002102613449
v -0.0662368610501289 -0.444355487823486 0.149350300431252
v -0.15514549612999 -0.47318559885025 0.312744110822678
v -0.11598140001297 -0.515442609786987 0.415359199047089
v -0.105574898421764 -0.504586279392242 0.514031887054443
v -0.0878289416432381 -0.494230210781097 0.312361985445023
v -0.16089640557766 -0.0486699193716049 0.952793121337891
v -0.110470697283745 -0.117128096520901 0.968254089355469
v -0.2041385024786 -0.10789729654789 0.929742217063904
v -0.0551332794129848 -0.000819103792309761 0.980767488479614
v -0.0652144476771355 0.0636905431747437 0.936407923698425
v -0.0544734001159668 -0.0758718028664589 0.989219009876251
v -0.0654896721243858 -0.122915796935558 0.978964328765869
v -0.0380764789879322 -0.0380201004445553 1.01759898662567
v -0.0225127004086971 -0.0924615636467934 1.02219498157501
v 0.325896590948105 -0.392627209424973 0.413331985473633
v 0.289174288511276 -0.412342190742493 0.365199893712997
v 0.324067503213882 -0.388106495141983 0.322582691907883
v 0.331714808940887 -0.383331298828125 0.350301086902618
v 0.254099488258362 -0.422115296125412 0.311220109462738
v 0.264364510774612 -0.421755194664001 0.360375791788101
v 0.209900006651878 -0.457621991634369 0.202317997813225
v 0.274845987558365 -0.418754011392593 0.252658009529114
v 0.195633605122566 -0.43724450469017 0.240704298019409
v 0.231211006641388 -0.43096598982811 0.245486006140709
v 0.312494993209839 -0.422580003738403 0.208415001630783
v 0.310619503259659 -0.398661911487579 0.266451895236969
v 0.288215398788452 -0.414848297834396 0.535217881202698
v 0.280226588249207 -0.41942510008812 0.482899487018585
v 0.298290312290192 -0.411455005407333 0.455692797899246
v 0.26978999376297 -0.455493003129959 0.624002993106842
v 0.236563995480537 -0.444227993488312 0.584475994110107
v 0.310050398111343 -0.400972604751587 0.579423129558563
v 0.28617250919342 -0.420554786920547 0.584219992160797
v 0.156119003891945 -0.458525985479355 0.595789015293121
v 0.22394010424614 -0.439133286476135 0.535720586776733
v 0.164011001586914 -0.483033001422882 0.631406009197235
v 0.191143006086349 -0.453860998153687 0.591117978096008
v 0.223327994346619 -0.442076504230499 0.479339092969894
v 0.252441704273224 -0.429932296276093 0.481454789638519
v 0.303324013948441 -0.340540409088135 -0.109449401497841
v 0.280916392803192 -0.195183798670769 -0.113646097481251
v 0.339518994092941 -0.257182002067566 -0.080283097922802
v 0.119728602468967 -0.292635589838028 -0.115973502397537
v 0.169032201170921 -0.236762806773186 -0.140908494591713
v 0.174397498369217 -0.284156292676926 -0.121222801506519
v 0.174556598067284 -0.151949003338814 -0.166458398103714
v 0.225988402962685 -0.163340106606483 -0.140977695584297
v 0.125572204589844 -0.205782100558281 -0.16936020553112
v 0.17346179485321 -0.182089194655418 -0.159906998276711
v 0.318234503269196 -0.119225703179836 -0.0660420134663582
v 0.270701497793198 -0.0969645828008652 -0.109788097441196
v 0.269677102565765 -0.146094903349876 -0.117143698036671
v 0.314357101917267 -0.0181208308786154 -0.028196519240737
v 0.276322185993195 -0.0261363293975592 -0.0825914666056633
v 0.229800999164581 0.0105860698968172 -0.10674250125885
v 0.274093896150589 0.0443525910377502 -0.0405592806637287
v 0.221544399857521 -0.0900856703519821 -0.143188402056694
v 0.307267487049103 -0.063154973089695 -0.0629725381731987
v 0.266708105802536 -0.0641067028045654 -0.106328003108501
v 0.183947905898094 -0.0438974499702454 -0.156299397349358
v 0.177481800317764 -0.0934087932109833 -0.167810395359993
v 0.196302801370621 0.0638175830245018 -0.108092300593853
v 0.148493304848671 0.0059996098279953 -0.165651693940163
v 0.191245898604393 0.00938219204545021 -0.135912105441093
v 0.30721840262413 -0.34153538942337 0.876480102539062
v 0.211295306682587 -0.331904411315918 0.92048168182373
v 0.264749497175217 -0.329151809215546 0.904169917106628
v 0.256597310304642 -0.223194107413292 0.896552920341492
v 0.215916201472282 -0.245018601417542 0.920239329338074
v 0.292742490768433 -0.261352598667145 0.870149075984955
v 0.268068194389343 -0.25423601269722 0.89056658744812
v 0.169894799590111 -0.281974405050278 0.929248094558716
v 0.17674919962883 -0.188557699322701 0.938672602176666
v 0.169961795210838 -0.244652703404427 0.934964895248413
v 0.158973604440689 -0.39274850487709 0.920696675777435
v 0.0981462523341179 -0.334956705570221 0.918242275714874
v 0.148424595594406 -0.336035788059235 0.923673212528229
v 0.359615296125412 -0.205025106668472 -0.0251344796270132
v 0.380930602550507 -0.278010904788971 0.0348117798566818
v 0.341281712055206 -0.100121200084686 -0.0157667491585016
v 0.35019651055336 -0.151563405990601 -0.0215536598116159
v 0.385029703378677 -0.218995407223701 0.191789999604225
v 0.377527296543121 -0.145995795726776 0.105944402515888
v 0.380663514137268 -0.179273694753647 0.113159403204918
v 0.378637909889221 -0.355534702539444 0.113677203655243
v 0.363257795572281 -0.334700286388397 0.308140814304352
v 0.368164896965027 -0.306311994791031 0.370225012302399
v 0.354895889759064 -0.350269705057144 0.373150706291199
v 0.379456490278244 -0.278847992420197 0.244308397173882
v 0.369739413261414 -0.322928696870804 0.244746997952461
v 0.386410087347031 -0.192178100347519 0.248050197958946
v 0.380160301923752 -0.251599192619324 0.309585601091385
v 0.38445919752121 -0.234933406114578 0.245120495557785
v 0.366663187742233 -0.27260759472847 0.432597398757935
v 0.376251995563507 -0.219892397522926 0.374027609825134
v 0.373748391866684 -0.263978809118271 0.372194796800613
v 0.364831209182739 -0.0931966528296471 0.43000540137291
v 0.375359803438187 -0.131869092583656 0.377132892608643
v 0.376777499914169 -0.0809753090143204 0.307488888502121
v 0.358838200569153 -0.0447647012770176 0.384988814592361
v 0.370865195989609 -0.0872868373990059 0.368695199489594
v 0.383596301078796 -0.16628460586071 0.313066989183426
v 0.370208501815796 -0.18225359916687 0.43640860915184
v 0.377148300409317 -0.175713807344437 0.375598013401031
v 0.386348813772202 -0.134332999587059 0.189127400517464
v 0.385441809892654 -0.111649796366692 0.253049194812775
v 0.387359410524368 -0.154470205307007 0.250271290540695
v 0.368548989295959 -0.0320612788200378 0.266370713710785
v 0.380285114049911 -0.0730423778295517 0.246562197804451
v 0.329508811235428 0.0186065100133419 0.0370745286345482
v 0.359814792871475 -0.0375557690858841 0.0770543664693832
v 0.343057900667191 -0.0595294497907162 0.00821898877620697
v 0.338821589946747 -0.0197417102754116 0.0221577100455761
v 0.362487286329269 -0.0102759702131152 0.148686304688454
v 0.371540993452072 -0.0578634701669216 0.118677496910095
v 0.361566007137299 -0.102537199854851 0.0440964214503765
v 0.336686611175537 -0.0703546777367592 -0.0126658799126744
v 0.340696096420288 -0.345720499753952 0.772769093513489
v 0.32481050491333 -0.296846687793732 0.826728880405426
v 0.332972586154938 -0.349333703517914 0.827172100543976
v 0.332592606544495 -0.364507496356964 0.647824883460999
v 0.340650886297226 -0.309652090072632 0.717391073703766
v 0.337095499038696 -0.409795999526978 0.723751723766327
v 0.33902370929718 -0.357121288776398 0.713024795055389
v 0.338851600885391 -0.224355101585388 0.71977162361145
v 0.331385314464569 -0.25897029042244 0.773605585098267
v 0.344583213329315 -0.271151214838028 0.661583185195923
v 0.339624106884003 -0.266858011484146 0.718744218349457
v 0.311733394861221 -0.215730205178261 0.822267770767212
v 0.319911897182465 -0.270296901464462 0.824913799762726
v 0.281708210706711 -0.0894992128014565 0.862309813499451
v 0.310260802507401 -0.134107604622841 0.820187509059906
v 0.327791810035706 -0.0947272479534149 0.773941218852997
v 0.300970792770386 -0.0425809808075428 0.815084218978882
v 0.309487998485565 -0.106417402625084 0.820285320281982
v 0.328403890132904 -0.179513201117516 0.77287757396698
v 0.348926305770874 -0.185980007052422 0.666589081287384
v 0.342289388179779 -0.14119179546833 0.722664773464203
v 0.341244786977768 -0.181688696146011 0.717657923698425
v 0.334741711616516 -0.0543206892907619 0.724603414535522
v 0.349811613559723 -0.0976801365613937 0.670542120933533
v 0.341318786144257 -0.0978068187832832 0.723733484745026
v 0.350845187902451 -0.0506554916501045 0.503064870834351
v 0.35758438706398 -0.0963016301393509 0.558443307876587
v 0.364951193332672 -0.142374604940414 0.489384114742279
v 0.360565692186356 -0.0981587469577789 0.496249586343765
v 0.356688797473907 -0.142160803079605 0.613122999668121
v 0.347101897001266 -0.0527459606528282 0.617345094680786
v 0.354707509279251 -0.0971711724996567 0.615261614322662
v 0.352135598659515 -0.231263294816017 0.607960402965546
v 0.360072612762451 -0.18761320412159 0.554509818553925
v 0.355147808790207 -0.187073096632957 0.610766589641571
v 0.362603902816772 -0.240326702594757 0.493260711431503
v 0.364493310451508 -0.194474697113037 0.495746999979019
v 0.355058789253235 -0.316160291433334 0.491063207387924
v 0.341268986463547 -0.350597411394119 0.538422405719757
v 0.338534206151962 -0.370124995708466 0.477245599031448
v 0.354815512895584 -0.277009606361389 0.547991573810577
v 0.359176188707352 -0.286576092243195 0.490424394607544
v 0.344817012548447 -0.317866414785385 0.60060727596283
v 0.349610596895218 -0.274675101041794 0.604684114456177
v 0.227353096008301 0.249873995780945 0.156151205301285
v 0.270612508058548 0.182723999023438 0.151945292949677
v 0.246489003300667 0.22423580288887 0.160832598805428
v 0.176067396998405 0.293228209018707 0.148258298635483
v 0.200020402669907 0.280393809080124 0.205075696110725
v 0.208954706788063 0.254862099885941 0.101214297115803
v 0.204401195049286 0.274007201194763 0.152131006121635
v 0.187433302402496 0.268649488687515 0.299870789051056
v 0.19650049507618 0.27704519033432 0.251280605792999
v 0.273908585309982 0.171206906437874 0.236103907227516
v 0.247989103198051 0.200636297464371 0.28543359041214
v 0.263626903295517 0.121706500649452 0.419218510389328
v 0.241156399250031 0.169335395097733 0.375121504068375
v 0.211579397320747 0.179614394903183 0.42999279499054
v 0.230311393737793 0.145036295056343 0.475805014371872
v 0.246623396873474 0.142725199460983 0.422525495290756
v 0.218209698796272 0.218447506427765 0.338114112615585
v 0.271760702133179 0.143317297101021 0.327806800603867
v 0.24768440425396 0.181164994835854 0.329731106758118
v 0.159259796142578 0.267155587673187 0.344819813966751
v 0.179897502064705 0.227902203798294 0.389987707138062
v 0.179365396499634 0.188503995537758 0.480435609817505
v 0.145019605755806 0.224295392632484 0.440066605806351
v 0.190675795078278 0.196789607405663 0.433266907930374
v 0.2271438986063 0.0867907032370567 0.803522527217865
v 0.220059797167778 0.136132806539536 0.68558132648468
v 0.194601595401764 0.146376401185989 0.738600313663483
v 0.219460099935532 0.125734597444534 0.733742892742157
v 0.13783560693264 0.17905330657959 0.749616682529449
v 0.166895493865013 0.146150395274162 0.789850771427155
v 0.166428506374359 0.176300093531609 0.695399582386017
v 0.167214706540108 0.164345294237137 0.744072377681732
v 0.147044897079468 0.106011800467968 0.866206526756287
v 0.163878306746483 0.124485403299332 0.8304163813591
v 0.225615903735161 0.138556197285652 0.581500113010406
v 0.234795898199081 0.133597999811172 0.526701927185059
v 0.142792403697968 0.199054405093193 0.539814472198486
v 0.173767298460007 0.178963392972946 0.58883398771286
v 0.169129595160484 0.184698596596718 0.536227107048035
v 0.137605294585228 0.196473702788353 0.643242716789246
v 0.168771505355835 0.179750800132751 0.64324951171875
v 0.255358099937439 0.105678997933865 0.629356622695923
v 0.346714705228806 0.00429048389196396 0.334862411022186
v 0.320358097553253 0.0397427082061768 0.399575501680374
v 0.337615013122559 -0.0061861271969974 0.449176013469696
v 0.341935306787491 -0.00185200804844499 0.39181450009346
v 0.350384593009949 0.0218880195170641 0.22318060696125
v 0.326764404773712 0.0575602017343044 0.2923484146595
v 0.350140392780304 0.0122112901881337 0.278566598892212
v 0.298236608505249 0.0898591130971909 0.356668293476105
v 0.301153689622879 0.114886902272701 0.258639603853226
v 0.300382703542709 0.102179400622845 0.306807994842529
v 0.292876094579697 0.0714769512414932 0.46135801076889
v 0.295380890369415 0.0792987272143364 0.408369809389114
v 0.327950805425644 -0.0108769601210952 0.673465728759766
v 0.299658000469208 0.0271562803536654 0.726028323173523
v 0.308348804712296 -0.014199529774487 0.771949529647827
v 0.320344299077988 -0.0125194499269128 0.724631786346436
v 0.279886186122894 0.0696188136935234 0.678467273712158
v 0.276357293128967 0.0627926588058472 0.72505921125412
v 0.271696388721466 0.0151175195351243 0.82017308473587
v 0.235294595360756 0.0970916599035263 -0.0439177006483078
v 0.210525199770927 0.10961440205574 -0.0638424679636955
v 0.230105102062225 0.193334594368935 0.0464549995958805
v 0.190404802560806 0.237623602151871 0.0272428393363953
v 0.210245400667191 0.216799601912498 0.0395686104893684
v 0.274547904729843 0.161969304084778 0.106141999363899
v 0.267397105693817 0.131671905517578 0.0377780199050903
v 0.265846490859985 0.163454994559288 0.0801555067300797
v 0.298541009426117 0.0741122514009476 0.0296002794057131
v 0.270750790834427 0.0887997522950172 -0.00454192887991667
v 0.311212509870529 0.0303042307496071 0.62192440032959
v 0.288978695869446 0.067678339779377 0.570688724517822
v 0.286193788051605 0.0679999366402626 0.624888718128204
v 0.334054708480835 -0.00953055638819933 0.563688516616821
v 0.332017213106155 -0.0100545901805162 0.619503378868103
v 0.315060287714005 0.031309898942709 0.510950207710266
v 0.335453689098358 -0.008492779918015 0.506673812866211
v 0.290897786617279 0.068336047232151 0.515727519989014
v 0.33564418554306 0.0458276085555553 0.117814503610134
v 0.324281692504883 0.0792305022478104 0.19144569337368
v 0.345645189285278 0.0332048796117306 0.169163897633553
v 0.3049476146698 0.0998422726988792 0.093152143061161
v 0.3201062977314 0.0595141015946865 0.0709761902689934
v 0.297734409570694 0.132346495985985 0.178967595100403
v 0.288960009813309 0.140875801444054 0.12141589820385
v 0.301411211490631 0.123672798275948 0.208093002438545
v 0.167309403419495 0.183212801814079 -0.120203800499439
v 0.17914280295372 0.204607799649239 -0.0454282499849796
v 0.169112205505371 0.159987702965736 -0.101756997406483
v 0.196712300181389 0.226490005850792 -0.169298395514488
v 0.178155094385147 0.238309398293495 -0.0965856313705444
v 0.153284803032875 0.162525296211243 -0.203283295035362
v 0.173860296607018 0.200127005577087 -0.139508098363876
v 0.149720996618271 0.300799995660782 -0.00470029003918171
v 0.170230492949486 0.254071086645126 -0.0165474507957697
v 0.179519593715668 0.287798792123795 -0.0636727884411812
v 0.168322697281837 0.269594311714172 -0.0404459796845913
v 0.159226804971695 0.283903688192368 0.0380236990749836
v 0.234216198325157 0.209147199988365 -0.272662311792374
v 0.21852870285511 0.281082510948181 -0.135410904884338
v 0.275564193725586 0.346033692359924 -0.174624904990196
v 0.306234300136566 0.269751310348511 -0.335702508687973
v 0.294757395982742 0.318728089332581 -0.249804198741913
v 0.206952005624771 0.401490598917007 -0.0276211798191071
v 0.219783097505569 0.3398197889328 -0.0807436779141426
v 0.267340302467346 0.419808089733124 -0.117611400783062
v 0.245944201946259 0.380217492580414 -0.0918975695967674
v 0.20027220249176 0.312429487705231 -0.0758700370788574
v 0.186009898781776 0.156437397003174 -0.310389399528503
v 0.239883705973625 0.159162402153015 -0.386959105730057
v 0.282574892044067 0.211634501814842 -0.367065101861954
v 0.237053200602531 0.182778298854828 -0.327257305383682
v 0.212333604693413 0.129823699593544 -0.458045393228531
v 0.269421190023422 0.164621695876122 -0.468548208475113
v 0.233326002955437 0.141860499978065 -0.443343997001648
v 0.305815786123276 0.218095496296883 -0.544866681098938
v 0.259348809719086 0.174059599637985 -0.548760414123535
v 0.290414392948151 0.185769006609917 -0.506422877311707
v 0.328804105520248 0.265181601047516 -0.444038689136505
v 0.313930690288544 0.244185701012611 -0.40438449382782
v 0.326762706041336 0.282503992319107 -0.534027576446533
v 0.329436212778091 0.34263488650322 -0.409940898418427
v 0.332881987094879 0.305289894342422 -0.480172991752625
v 0.26148509979248 0.24307219684124 -0.616068184375763
v 0.280608713626862 0.292443811893463 -0.615507185459137
v 0.307437986135483 0.258592307567596 -0.578533113002777
v 0.242789804935455 0.356699287891388 -0.62669450044632
v 0.241795793175697 0.311115205287933 -0.641967594623566
v 0.255975991487503 0.429549008607864 -0.563621997833252
v 0.28714519739151 0.408481597900391 -0.53698319196701
v 0.332546085119247 -0.656502306461334 -0.0399534106254578
v 0.291198313236237 -0.715615272521973 0.0357520692050457
v 0.288911998271942 -0.666279017925262 -0.0831981003284454
v 0.27070340514183 -0.682134926319122 0.14006669819355
v 0.325785309076309 -0.676162719726562 0.0830148905515671
v 0.281727105379105 -0.704738914966583 0.0986151620745659
v 0.132977396249771 -0.687690317630768 0.0550558008253574
v 0.182766005396843 -0.687312006950378 0.135766997933388
v 0.177513092756271 -0.716739416122437 0.0832090973854065
v 0.136552006006241 -0.67510998249054 -0.0280041992664337
v 0.186682298779488 -0.701216816902161 -0.0452415011823177
v 0.251546204090118 -0.671522319316864 0.888490319252014
v 0.195631697773933 -0.724416077136993 0.844734489917755
v 0.254047095775604 -0.719795525074005 0.788835108280182
v 0.290080100297928 -0.679414927959442 0.82788872718811
v 0.245900303125381 -0.708612680435181 0.850147485733032
v 0.110044002532959 -0.678433299064636 0.843833088874817
v 0.147774800658226 -0.725997924804688 0.79798811674118
v 0.148520395159721 -0.680164217948914 0.884679973125458
v 0.145023196935654 -0.71045047044754 0.843454480171204
v 0.15446400642395 -0.693955421447754 0.700624883174896
v 0.200705498456955 -0.728120386600494 0.735808908939362
v 0.155858904123306 -0.722128987312317 0.748636722564697
v 0.285962104797363 -0.683713495731354 0.747636377811432
v 0.244877099990845 -0.685047328472137 0.692832708358765
v 0.245723098516464 -0.711167812347412 0.73051118850708
v 0.342443287372589 -0.467399388551712 0.778852581977844
v 0.323899686336517 -0.559880971908569 0.72767037153244
v 0.303909987211227 -0.498066008090973 0.668955981731415
v 0.313540011644363 -0.474577009677887 0.887894988059998
v 0.330396890640259 -0.553691625595093 0.844535410404205
v 0.313057899475098 -0.624719619750977 0.844980478286743
v 0.286387413740158 -0.621166288852692 0.691003382205963
v 0.0655679777264595 -0.433023899793625 0.85513561964035
v 0.0666722431778908 -0.519472301006317 0.790509223937988
v 0.0790259018540382 -0.562195181846619 0.855329275131226
v 0.0969194024801254 -0.478778004646301 0.897494971752167
v 0.0706713795661926 -0.498346894979477 0.850457310676575
v 0.106683999300003 -0.5346360206604 0.682874023914337
v 0.0829653814435005 -0.593338489532471 0.744235992431641
v 0.0699559971690178 -0.474220007658005 0.735292017459869
v 0.0842198878526688 -0.63938307762146 0.806242287158966
v 0.121729701757431 -0.654018998146057 0.703880310058594
v 0.0972287431359291 -0.654650390148163 0.747180223464966
v 0.109929800033569 -0.618062913417816 0.886510789394379
v 0.0883829295635223 -0.632321715354919 0.840470016002655
v 0.251474291086197 -0.580804705619812 0.652524590492249
v 0.207782804965973 -0.530048072338104 0.637570917606354
v 0.259823113679886 -0.516119182109833 0.642703473567963
v 0.1987085044384 -0.649043917655945 0.66038978099823
v 0.242594599723816 -0.634892880916595 0.664410412311554
v 0.150465294718742 -0.600943028926849 0.664087295532227
v 0.155285596847534 -0.655888497829437 0.676797688007355
v 0.147018507122993 -0.533958971500397 0.654835879802704
v 0.155357301235199 -0.564582228660583 0.922566711902618
v 0.215417802333832 -0.476057708263397 0.927264094352722
v 0.146036103367805 -0.474775493144989 0.921425879001617
v 0.208201199769974 -0.634532809257507 0.91899448633194
v 0.243659198284149 -0.627263784408569 0.913221120834351
v 0.349816113710403 -0.45329350233078 0.161247700452805
v 0.387098699808121 -0.440254986286163 0.0319124683737755
v 0.376480311155319 -0.453336805105209 0.0983730480074883
v 0.352205693721771 -0.621033012866974 0.0888215303421021
v 0.378246814012527 -0.528482019901276 -0.0315295793116093
v 0.360587507486343 -0.606484711170197 -0.0352258011698723
v 0.35444501042366 -0.427850991487503 -0.0878124982118607
v 0.381098300218582 -0.433641612529755 -0.0345474295318127
v 0.241650000214577 -0.430447787046432 -0.120641998946667
v 0.12703999876976 -0.448098987340927 -0.0735784992575645
v 0.180237099528313 -0.43777260184288 -0.106829300522804
v 0.300583690404892 -0.523931503295898 -0.117753200232983
v 0.302688211202621 -0.427173912525177 -0.115679502487183
v 0.302574813365936 -0.605475425720215 -0.103327497839928
v 0.147565007209778 -0.517320573329926 0.148996293544769
v 0.18685619533062 -0.582551777362823 0.172821193933487
v 0.252115309238434 -0.50454181432724 0.196651205420494
v 0.193250104784966 -0.515640914440155 0.181308001279831
v 0.231701999902725 -0.635805010795593 0.175617605447769
v 0.296545892953873 -0.562485098838806 0.178063005208969
v 0.284379512071609 -0.624557197093964 0.167229294776917
v 0.306801110506058 -0.483783185482025 0.188101693987846
v 0.100483700633049 -0.491068214178085 0.0382970906794071
v 0.0953700989484787 -0.405611008405685 -0.0214782003313303
v 0.101680301129818 -0.470085114240646 -0.016822149977088
v 0.115074701607227 -0.624980270862579 -0.0202340893447399
v 0.117609396576881 -0.62730348110199 0.0843899697065353
v 0.11251500248909 -0.451918989419937 0.0935688018798828
v 0.116027399897575 -0.503916025161743 0.0977070927619934
v 0.268754601478577 0.526407778263092 -0.464235693216324
v 0.285419493913651 0.520540118217468 -0.359225988388062
v 0.310549110174179 0.423483401536942 -0.358114302158356
v 0.290936887264252 0.479112714529037 -0.420486390590668
v 0.278055012226105 0.600764989852905 -0.320107996463776
v 0.269343793392181 0.592184901237488 -0.380999803543091
v 0.279496103525162 0.558363676071167 -0.331029713153839
v 0.247007995843887 0.54474002122879 -0.114114001393318
v 0.271436303853989 0.501664280891418 -0.170563593506813
v 0.277875006198883 0.55689001083374 -0.190964996814728
v 0.298125594854355 0.433213114738464 -0.241840496659279
v 0.315252989530563 0.399265587329865 -0.334676891565323
v 0.198735892772675 0.644073784351349 -0.125071495771408
v 0.272128790616989 0.610793471336365 -0.130426093935966
v 0.321885406970978 0.639793992042542 -0.138067796826363
v 0.249643906950951 0.682422578334808 -0.150298997759819
v 0.26247650384903 0.640092074871063 -0.135180905461311
v 0.289471000432968 0.569073975086212 -0.162468999624252
v 0.324346005916595 0.587714016437531 -0.156719997525215
v 0.281768202781677 0.582884311676025 -0.138860002160072
v 0.401582986116409 0.612716019153595 -0.191760003566742
v 0.380320996046066 0.618570029735565 -0.152412995696068
v 0.362956702709198 0.59431791305542 -0.200057595968246
v 0.367841988801956 0.597467005252838 -0.171939998865128
v 0.394174307584763 0.681985914707184 -0.146236896514893
v 0.430348992347717 0.658276975154877 -0.1543820053339
v 0.384792000055313 0.647907972335815 -0.143703997135162
v 0.293798208236694 0.597287476062775 -0.274740308523178
v 0.294317990541458 0.572728991508484 -0.209870994091034
v 0.285879999399185 0.662048995494843 -0.349088996648788
v 0.334098398685455 0.646756827831268 -0.31889209151268
v 0.289249002933502 0.633593320846558 -0.325613290071487
v 0.341370910406113 0.617771625518799 -0.284069508314133
v 0.345079004764557 0.681326985359192 -0.333155989646912
v 0.378348499536514 0.61261922121048 -0.242620602250099
v 0.348223388195038 0.598558306694031 -0.243657901883125
v 0.393743008375168 0.706764996051788 -0.312299996614456
v 0.448345810174942 0.716253280639648 -0.255207806825638
v 0.419485598802567 0.665385127067566 -0.266796499490738
v 0.410847008228302 0.682541728019714 -0.290442705154419
v 0.452589005231857 0.744444012641907 -0.206816002726555
v 0.471552014350891 0.708579003810883 -0.199184000492096
v 0.432410001754761 0.746455013751984 -0.258302986621857
v 0.460792005062103 0.730831027030945 -0.231062993407249
v 0.447396993637085 0.702391982078552 -0.158150002360344
v 0.46033701300621 0.681447982788086 -0.173250004649162
v 0.419077098369598 0.636170923709869 -0.225543096661568
v -0.000220980393351056 0.324748486280441 0.167017802596092
v 0.0470104813575745 0.319868505001068 0.223116099834442
v 0.0460547208786011 0.325343489646912 0.135040402412415
v 0.0471222996711731 0.324212104082108 0.16394829750061
v 0.0397377610206604 0.301557511091232 0.312602788209915
v 0.0862976163625717 0.312198102474213 0.264617502689362
v -0.00292124599218369 0.314338386058807 0.258569985628128
v 0.0440332889556885 0.313092201948166 0.267413914203644
v 0.141045793890953 0.309387296438217 0.206119000911713
v 0.145075604319572 0.307082712650299 0.154787197709084
v -0.0015035750111565 0.228160202503204 0.547143876552582
v 0.0306167304515839 0.225425198674202 0.60454922914505
v 0.0797562301158905 0.219644606113434 0.546402275562286
v 0.0395927913486958 0.217232897877693 0.713278114795685
v 0.0711749196052551 0.216463893651962 0.673657715320587
v -2.35360093938652e-05 0.225732401013374 0.658286809921265
v 0.0312981195747852 0.224116906523705 0.657375872135162
v 0.104799598455429 0.210749894380569 0.60076367855072
v 0.107213400304317 0.20334030687809 0.703146874904633
v 0.106896497309208 0.208617806434631 0.649896323680878
v 0.114438198506832 0.21776869893074 0.492170810699463
v 0.112067997455597 0.210949599742889 0.54426121711731
v 0.000957024225499481 0.207433104515076 0.760851323604584
v 0.0387065410614014 0.188801005482674 0.79903382062912
v 0.0760283023118973 0.198965400457382 0.757025182247162
v 0.0345522910356522 0.128526702523232 0.890209674835205
v 0.0705664977431297 0.155184894800186 0.847693502902985
v -0.00319363991729915 0.161924004554749 0.851413726806641
v 0.0422185808420181 0.158905997872353 0.850695371627808
v 0.103929400444031 0.17217980325222 0.801608383655548
v 0.0986808687448502 0.117461502552032 0.882112085819244
v 0.101864002645016 0.148973405361176 0.841977000236511
v 0.107141397893429 0.190528392791748 0.754195928573608
v 0.000303613109281287 -0.424298197031021 0.0350900813937187
v 0.0598048195242882 -0.416158705949783 0.0443978793919086
v 0.0371079407632351 -0.434633612632751 0.0771377235651016
v 0.0553033612668514 -0.37073490023613 -0.0318352282047272
v 0.0804385989904404 -0.407577008008957 0.0250119995325804
v 0.0781392008066177 -0.343401998281479 -0.068029098212719
v 0.0771327018737793 -0.378764986991882 -0.0229809992015362
v 0.101980999112129 -0.437420010566711 0.118873000144958
v 0.0918712019920349 -0.426508992910385 0.0746888965368271
v 0.00561278313398361 -0.369396388530731 0.853698790073395
v 0.0106098400428891 -0.397824287414551 0.806179583072662
v 0.035088911652565 -0.380993485450745 0.850519001483917
v 0.0261022206395864 -0.343985587358475 0.890953898429871
v 0.0352263003587723 -0.426310986280441 0.75720202922821
v 0.0473693013191223 -0.423079013824463 0.799814999103546
v 0.0641499012708664 -0.454692989587784 0.696537971496582
v 0.0543416999280453 -0.442449986934662 0.745122015476227
v 0.0576974004507065 -0.36046901345253 0.893822014331818
v 0.053317841142416 -0.403642207384109 0.852200627326965
v 0.00154592399485409 0.281672596931458 0.362187713384628
v 0.0420442894101143 0.264328002929688 0.401214092969894
v 0.079200953245163 0.283686995506287 0.354056298732758
v 0.0501179210841656 0.284245401620865 0.35585018992424
v 0.0829756408929825 0.241364404559135 0.445239812135696
v -0.00720829702913761 0.246292293071747 0.447935104370117
v 0.0257346704602242 0.246159106492996 0.447021186351776
v 0.120731197297573 0.255675613880157 0.396150201559067
v 0.114455498754978 0.236583694815636 0.440182000398636
v 0.0109070297330618 0.337440311908722 0.0490693487226963
v 0.0330237708985806 0.329300791025162 0.0712130889296532
v 0.0744897723197937 0.332482814788818 0.0413304008543491
v 0.055518601089716 0.349752187728882 0.0347812511026859
v 0.0436281003057957 0.336528986692429 0.0475409999489784
v 0.0873702466487885 0.320816308259964 0.091988131403923
v 0.000447842990979552 0.327197402715683 0.106221199035645
v 0.0540047511458397 0.325541108846664 0.0933869481086731
v 0.121438503265381 0.311723709106445 0.0463312491774559
v 0.121127396821976 0.310597687959671 0.0780742689967155
v 0.116045497357845 0.337860286235809 0.015370050445199
v 0.128156200051308 0.315055310726166 0.0157516095787287
v 0.052132248878479 0.394282788038254 0.0446865111589432
v 0.0669005364179611 0.452269911766052 0.0529599897563457
v 0.0949965864419937 0.3761245906353 0.0314670912921429
v 0.00742202019318938 0.378424495458603 0.0423860885202885
v 0.0384908095002174 0.374528795480728 0.0401167310774326
v 0.150207802653313 0.388475507497787 0.012712650001049
v 0.177398696541786 0.427231788635254 0.0047554038465023
v 0.0775113180279732 0.502250194549561 -0.563338816165924
v 0.0521080493927002 0.764392614364624 -0.445804804563522
v 0.109528496861458 0.700503885746002 -0.475410103797913
v 0.00249977991916239 0.707634627819061 -0.479875206947327
v 0.0633546486496925 0.710951924324036 -0.475122600793839
v 0.193070396780968 0.680752277374268 -0.466741114854813
v 0.164167299866676 0.691594183444977 -0.470052301883698
v 0.204828605055809 0.502664089202881 -0.541144728660583
v 0.232047006487846 0.56521600484848 -0.501918017864227
v 0.194051906466484 0.552096724510193 -0.522497475147247
v 0.0626775622367859 0.436261594295502 -0.60669618844986
v 0.0771697610616684 0.388923108577728 -0.639750778675079
v 0.138271406292915 0.451161891222 -0.590416073799133
v 0.00815644022077322 0.445928901433945 -0.600126624107361
v 0.0760063827037811 0.456136494874954 -0.591922104358673
v 0.204492405056953 0.406297385692596 -0.609298586845398
v 0.197416096925735 0.340287387371063 -0.651121318340302
v 0.185134395956993 0.369012713432312 -0.640507578849792
v 0.0261815506964922 -0.234013304114342 0.959240674972534
v -0.0144544104114175 -0.320014804601669 0.909963309764862
v 0.0230818893760443 -0.307136207818985 0.921756982803345
v 0.0838321298360825 -0.278740912675858 0.938974976539612
v 0.0973720923066139 -0.196387603878975 0.96073991060257
v -0.00154132198076695 -0.317037492990494 -0.108669102191925
v 0.0259873904287815 -0.280948609113693 -0.14120189845562
v 0.0514801405370235 -0.31152218580246 -0.105986900627613
v 0.0223678294569254 -0.317326605319977 -0.105890803039074
v 0.0234258398413658 -0.194846794009209 -0.195020705461502
v 0.050957091152668 -0.233870193362236 -0.173852697014809
v 0.0242641903460026 -0.240101292729378 -0.172124698758125
v 0.0907830372452736 -0.264573097229004 -0.142015293240547
v 0.0823216512799263 -0.175651997327805 -0.195019707083702
v 0.0773956105113029 -0.224631294608116 -0.174025699496269
v 0.0796433016657829 -0.304818987846375 -0.10887099802494
v 0.0105163296684623 -0.163955703377724 -0.204728692770004
v 0.0307742692530155 -0.0709919333457947 -0.222558706998825
v 0.0301968306303024 0.0407191887497902 -0.236641600728035
v 0.00109515397343785 -0.028080390766263 -0.231069803237915
v 0.0278328992426395 -0.0125289596617222 -0.229792401194572
v 0.109181098639965 -0.0590201914310455 -0.196258500218391
v 0.117913998663425 0.0614731386303902 -0.186609297990799
v 0.107771597802639 0.00368299009278417 -0.193975299596786
v 0.0934297293424606 -0.119222797453403 -0.201932802796364
v -0.00274712103419006 0.0764739066362381 -0.250777214765549
v 0.0404956489801407 0.103017099201679 -0.258217394351959
v 0.0763649791479111 0.0849392265081406 -0.227853998541832
v 0.0459793694317341 0.119729600846767 -0.304495185613632
v 0.0874835178256035 0.125827506184578 -0.261307895183563
v -0.000662274018395692 0.114291496574879 -0.283165097236633
v 0.0358001701533794 0.116233199834824 -0.277893096208572
v 0.120373800396919 0.12508200109005 -0.210662007331848
v 0.142949402332306 0.151998206973076 -0.259432703256607
v 0.127932906150818 0.14252769947052 -0.234257698059082
v 0.12008859962225 0.0980516895651817 -0.191431701183319
v -9.52881327975774e-06 0.112886898219585 -0.339236110448837
v 0.0569211691617966 0.110590100288391 -0.360074013471603
v 0.105879597365856 0.127660006284714 -0.316714197397232
v 0.0510904602706432 0.115699402987957 -0.333917587995529
v 0.0580639988183975 0.101021498441696 -0.448599189519882
v 1.75202203536173e-05 0.102008298039436 -0.401636809110641
v 0.0482506714761257 0.102400101721287 -0.404207289218903
v 0.151516795158386 0.132439196109772 -0.338797092437744
v 0.166657000780106 0.11535120010376 -0.456199109554291
v 0.153010204434395 0.116435997188091 -0.398297905921936
v 0.133454501628876 0.135284706950188 -0.314483612775803
v 0.003154061967507 0.107832096517086 -0.488073110580444
v 0.0829440727829933 0.128781095147133 -0.540629088878632
v 0.116533502936363 0.112303800880909 -0.491944313049316
v 0.0659965574741364 0.110385797917843 -0.496288388967514
v 0.156247705221176 0.158263102173805 -0.578038811683655
v -0.00396222388371825 0.148775801062584 -0.576448619365692
v 0.224597498774529 0.191983699798584 -0.597452819347382
v 0.216486394405365 0.159876003861427 -0.558898627758026
v 0.169807597994804 0.118248000741005 -0.482725411653519
v -0.000548351090401411 0.211141005158424 -0.637196600437164
v 0.16304150223732 0.225962594151497 -0.638718605041504
v 0.07589091360569 0.219924196600914 -0.642950713634491
v 0.141125693917274 0.312608391046524 -0.6643385887146
v -0.00358193903230131 0.307070404291153 -0.668306410312653
v 0.210900694131851 0.262506604194641 -0.646003484725952
v 0.191809296607971 0.31011301279068 -0.656958281993866
v 0.122162900865078 0.534799098968506 0.0139589300379157
v 0.0611149594187737 0.610183775424957 -0.00098615710157901
v 0.0514768213033676 0.545212507247925 0.0361489206552505
v 0.173373594880104 0.602938771247864 -0.0759944170713425
v 0.144860595464706 0.651747286319733 -0.0989127978682518
v 0 0.672218978404999 -0.0228265002369881
v 0.0363000109791756 0.713642299175262 -0.0665311366319656
v 0.237614005804062 0.630468010902405 -0.469873011112213
v 0.257335692644119 0.610113382339478 -0.440408706665039
v 0.25321701169014 0.578269004821777 -0.474783003330231
v 0.211762294173241 0.711549520492554 -0.432076185941696
v 0.242538794875145 0.65978991985321 -0.435876309871674
v 0.222267597913742 0.67445957660675 -0.455194413661957
v 0.254212886095047 0.634832680225372 -0.423693090677261
v 0.214048802852631 0.937209784984589 -0.270464390516281
v 0.191875994205475 0.948988974094391 -0.288378000259399
v 0.212965905666351 0.929218471050262 -0.297761201858521
v 0.177450001239777 0.953646004199982 -0.260405004024506
v 0.173108994960785 0.951035022735596 -0.277835011482239
v 0.171174496412277 0.932691395282745 -0.23392279446125
v 0.219478398561478 0.754252970218658 -0.286103904247284
v 0.199083998799324 0.773370027542114 -0.281405001878738
v 0.178221002221107 0.788374006748199 -0.325574994087219
v 0.190247893333435 0.772612512111664 -0.330431014299393
v 0.18748639523983 0.813982605934143 -0.322016805410385
v 0.194575503468513 0.788255274295807 -0.294614285230637
v 0.202175006270409 0.775481998920441 -0.251996994018555
v 0.203273698687553 0.798506319522858 -0.27107560634613
v 0.19922100007534 0.781930029392242 -0.276399999856949
v 0.192515999078751 0.777938008308411 -0.227759003639221
v 0.174268007278442 0.789156019687653 -0.220565006136894
v 0.122290000319481 0.805308997631073 -0.211385995149612
v 0.124825499951839 0.822425782680511 -0.218194797635078
v 0.107520796358585 0.797313928604126 -0.196338996291161
v 0.131309196352959 0.788007080554962 -0.195768103003502
v 0.160880506038666 0.775865316390991 -0.19910030066967
v 0.143328994512558 0.804627001285553 -0.337251991033554
v 0.100184999406338 0.816042006015778 -0.313185006380081
v 0.119841396808624 0.843069076538086 -0.309522300958633
v 0.16034360229969 0.834031105041504 -0.333613306283951
v 0.0780918970704079 0.822575986385345 -0.248927995562553
v 0.0823495537042618 0.821626484394073 -0.280408501625061
v 0.068777397274971 0.819708824157715 -0.225609302520752
v 0.102029003202915 0.843891978263855 -0.232988998293877
v 0.0970518514513969 0.849900186061859 -0.256165713071823
v 0.206466004252434 0.766123473644257 -0.250207990407944
v 0.233153104782104 0.755344808101654 -0.264117300510406
v 0.215758994221687 0.757673025131226 -0.200461998581886
v 0.261211693286896 0.760812103748322 -0.226890102028847
v 0.236403092741966 0.759974300861359 -0.236799195408821
v 0.283349812030792 0.750968873500824 -0.27995491027832
v 0.236166805028915 0.739213228225708 -0.314096212387085
v 0.262321412563324 0.744440078735352 -0.292960405349731
v 0.308513194322586 0.763252913951874 -0.237872898578644
v 0.295973896980286 0.758913218975067 -0.258984595537186
v 0.3748978972435 0.728177309036255 -0.307537406682968
v 0.405498713254929 0.757740080356598 -0.234508201479912
v 0.3889220058918 0.755135297775269 -0.263122111558914
v 0.317986011505127 0.708046972751617 -0.333577007055283
v 0.348150312900543 0.711398005485535 -0.326952993869781
v 0.258235991001129 0.693552017211914 -0.356882989406586
v 0.284725993871689 0.698216021060944 -0.343912988901138
v 0.27951368689537 0.755708515644073 -0.204148799180984
v 0.244746699929237 0.756970822811127 -0.205411493778229
v 0.177018105983734 0.717014610767365 -0.164895594120026
v 0.249036893248558 0.709561705589294 -0.163749903440475
v 0.395120710134506 0.713295102119446 -0.157018095254898
v 0.356665104627609 0.756894171237946 -0.210506305098534
v 0.403846710920334 0.752434611320496 -0.202615901827812
v 0.306347906589508 0.759624719619751 -0.214497804641724
v 0.0610603094100952 0.795539081096649 -0.175680503249168
v 0.109362401068211 0.778636872768402 -0.177827700972557
v 0.0841517671942711 0.79597532749176 -0.18600669503212
v 0.0347466208040714 0.776946604251862 -0.131604701280594
v 0.025799760594964 0.815592229366302 -0.195937395095825
v 0.0366269797086716 0.803186774253845 -0.17491340637207
v 0.0749177634716034 0.743234694004059 -0.125893294811249
v 0 0.760453999042511 -0.0953914970159531
v 0.0462466590106487 0.754609823226929 -0.113473899662495
v 0.122089199721813 0.753458082675934 -0.165442496538162
v 0.124856702983379 0.728993713855743 -0.151593506336212
v 0.140084102749825 0.765754878520966 -0.18138499557972
v 0.0262654107064009 0.832555413246155 -0.30960339307785
v -0.0113969901576638 0.830964624881744 -0.337139487266541
v 0.0194996707141399 0.830334305763245 -0.337240397930145
v 0.106463298201561 0.812441527843475 -0.345502585172653
v 0.155848905444145 0.792262375354767 -0.36126908659935
v 0.13907890021801 0.792933821678162 -0.383349597454071
v 0.00316831399686635 0.80409562587738 -0.408401787281036
v 0.0402093194425106 0.822729825973511 -0.222362995147705
v 0.0221507996320724 0.830450475215912 -0.246375098824501
v 0.0115695502609015 0.825102508068085 -0.219411596655846
v 0.0309251304715872 0.832167983055115 -0.27756530046463
v 0.0599872209131718 0.826873898506165 -0.276655614376068
v -0.00153114402201027 0.834067523479462 -0.268763214349747
v 0.193758606910706 0.758995413780212 -0.380510687828064
v 0.21066789329052 0.736765027046204 -0.388507694005966
v 0.195665195584297 0.745239317417145 -0.40703609585762
v 0.199765205383301 0.759778320789337 -0.351274996995926
v 0.179969102144241 0.776966571807861 -0.35826501250267
v 0.231852397322655 0.730385482311249 -0.344516098499298
v 0.214599296450615 0.748861491680145 -0.33448401093483
v 0.234252199530602 0.715333819389343 -0.364086806774139
v 0.182638004422188 0.844163000583649 -0.332751005887985
v 0.20868219435215 0.837262988090515 -0.301786988973618
v 0.194415599107742 0.841493487358093 -0.323465913534164
v 0.202087998390198 0.898608982563019 -0.32218998670578
v 0.220478802919388 0.896888077259064 -0.30200120806694
v 0.219133004546165 0.871206998825073 -0.252254992723465
v 0.221317797899246 0.866313576698303 -0.286374509334564
v 0.226087495684624 0.889301300048828 -0.269345104694366
v 0.207472994923592 0.823979020118713 -0.249258995056152
v 0.21208119392395 0.826021313667297 -0.275799095630646
v 0.120003096759319 0.872272372245789 -0.293419003486633
v 0.139728203415871 0.894638776779175 -0.303391695022583
v 0.140634700655937 0.86578232049942 -0.316991895437241
v 0.142094403505325 0.91620147228241 -0.288983911275864
v 0.161250397562981 0.916264176368713 -0.307653188705444
v 0.163848400115967 0.859002590179443 -0.330636203289032
v 0.126612901687622 0.865097522735596 -0.222369506955147
v 0.126234993338585 0.896791994571686 -0.23275700211525
v 0.112672001123428 0.868658006191254 -0.232445999979973
v 0.161972194910049 0.905639111995697 -0.224273398518562
v 0.141818001866341 0.921806991100311 -0.235424995422363
v 0.135781794786453 0.923974812030792 -0.267024010419846
v 0.108039297163486 0.874821186065674 -0.264147907495499
v 0.202738597989082 0.862033009529114 -0.235898599028587
v 0.155605494976044 0.853437721729279 -0.220200404524803
v 0.194799795746803 0.838200628757477 -0.233962893486023
v 0.195748195052147 0.908128380775452 -0.231815695762634
v 0.211705401539803 0.886577129364014 -0.241968706250191
v 0.179204806685448 -0.457049190998077 0.538140892982483
v 0.222187593579292 -0.45288810133934 0.42536249756813
v 0.102981001138687 -0.465723007917404 0.632974028587341
v 0.139757797122002 -0.465653300285339 0.581154406070709
v 0.163958102464676 -0.479510813951492 0.520814716815948
v 0.131776005029678 -0.479856610298157 0.559415578842163
v 0.20499050617218 -0.473693698644638 0.41827380657196
v 0.172748804092407 -0.490483790636063 0.469114392995834
v 0.193307399749756 -0.476292699575424 0.468953013420105
v 0.045258279889822 -0.454234004020691 0.681389510631561
v 0.073244996368885 -0.46650430560112 0.63641881942749
v 0.0786247774958611 -0.462242990732193 0.655785322189331
v 0.0231629200279713 -0.46053558588028 0.664168894290924
v 0.0185990501195192 -0.450379312038422 0.690565586090088
v 0.0245695598423481 -0.480408787727356 0.612706124782562
v -0.00242264498956501 -0.475607603788376 0.626638412475586
v 0.024840859696269 -0.470250189304352 0.638414680957794
v 0.0933089628815651 -0.480817288160324 0.586236476898193
v 0.0794700980186462 -0.473962008953094 0.611115217208862
v 0.0306341592222452 -0.446073412895203 0.138555094599724
v 0.0147383995354176 -0.439577400684357 0.0904442965984344
v 0.143140494823456 -0.443497002124786 0.19806070625782
v 0.0950024500489235 -0.442101389169693 0.147019296884537
v 0.0969047173857689 -0.456684708595276 0.227852895855904
v 0.0510667003691196 -0.448408097028732 0.165422007441521
v 0.0915133729577065 -0.449817597866058 0.200437501072884
v 0.0294000208377838 -0.46212050318718 0.212519198656082
v 0.0275847092270851 -0.450366705656052 0.164948806166649
v 0.165142193436623 -0.445531904697418 0.248185306787491
v 0.20272159576416 -0.462939500808716 0.360563814640045
v 0.174368798732758 -0.482651710510254 0.363395690917969
v 0.171436697244644 -0.466110497713089 0.31449818611145
v 0.144332900643349 -0.458662092685699 0.267304688692093
v 0.0474050305783749 -0.51630049943924 0.514970898628235
v 0.0777731165289879 -0.493604511022568 0.564527571201324
v 0.0470332987606525 -0.496987402439117 0.568279683589935
v 0.0583397597074509 -0.527577877044678 0.410207509994507
v 0.10073360055685 -0.517245411872864 0.467045605182648
v -0.00779537484049797 -0.530063390731812 0.469481885433197
v 0.0520092993974686 -0.526847183704376 0.467844098806381
v 0.134792506694794 -0.494927912950516 0.516623973846436
v 0.147173002362251 -0.505207479000092 0.415750205516815
v 0.146289199590683 -0.502790212631226 0.467269897460938
v -0.00255027902312577 -0.521132588386536 0.357176810503006
v 0.044649600982666 -0.500671625137329 0.308695107698441
v 0.10108920186758 -0.509360015392303 0.363356202840805
v 0.0555384196341038 -0.516254186630249 0.356247901916504
v 0.0831538736820221 -0.475235104560852 0.265552312135696
v -0.00492165191099048 -0.481837093830109 0.257726788520813
v 0.0269684605300426 -0.48090010881424 0.258973598480225
v 0.112052202224731 -0.46899288892746 0.267646789550781
v 0.14667059481144 -0.49521678686142 0.36486428976059
v 0.160042107105255 -0.0552972704172134 0.953702986240387
v 0.110766902565956 -0.0443274304270744 0.975894510746002
v 0.131869092583656 -0.063785657286644 0.966140985488892
v 0.172721296548843 -0.081125371158123 0.94767951965332
v 0.2126325070858 -0.0804512575268745 0.923696577548981
v 0.18813219666481 -0.06461351364851 0.938916087150574
v 0.124295197427273 -0.0918514728546143 0.966344475746155
v 0.141915395855904 -0.116072498261929 0.957845091819763
v 0.151031702756882 -0.0868768319487572 0.956792116165161
v 0.218690395355225 -0.163124203681946 0.91929030418396
v 0.125996395945549 -0.145471200346947 0.960548579692841
v 0.168856993317604 -0.162795200943947 0.94422721862793
v 0.245364800095558 -0.161744207143784 0.901171982288361
v 0.244492992758751 -0.0510209798812866 0.89414370059967
v 0.238451093435287 -0.081073597073555 0.903517186641693
v 0.174137398600578 -0.00563950417563319 0.929591417312622
v 0.181809693574905 -0.0348398312926292 0.937203526496887
v 0.241262897849083 -0.0042076432146132 0.874910175800323
v 0.185168504714966 0.0578761100769043 0.882304012775421
v 0.220258295536041 0.0450952611863613 0.861464619636536
v 0.155425801873207 0.0406514294445515 0.913740873336792
v 0.161235094070435 0.0594663210213184 0.897368371486664
v 0.117009103298187 0.0215939003974199 0.943799912929535
v 0.145680204033852 0.00785224419087172 0.938542783260345
v 0.0292651709169149 0.00154635997023433 0.98505711555481
v 0.00230806996114552 0.0319473706185818 0.966847121715546
v 0.0799939930438995 -0.00621439283713698 0.975685179233551
v -0.00452473107725382 0.0949499309062958 0.922815918922424
v 0.0393961817026138 0.0868977829813957 0.925229012966156
v 0.0529429614543915 -0.1537014991045 0.97612851858139
v 0.0258594397455454 -0.119175300002098 0.984697580337524
v 0.0020158679690212 -0.1598169952631 0.978738486766815
v 0.0849210321903229 -0.118187703192234 0.975172281265259
v 0.0664954334497452 -0.0954825803637505 0.982407689094543
v 0.094877727329731 -0.0927910730242729 0.975602984428406
v -0.0139699596911669 -0.102529898285866 0.988075017929077
v 0.0273784007877111 -0.0760817974805832 0.993721008300781
v 0.0393438711762428 -0.0989720299839973 0.986504673957825
v 0.0891949608922005 -0.0313587412238121 0.987422823905945
v 0.0700136795639992 -0.0469608493149281 1.007208943367
v 0.0587195605039597 -0.0758911669254303 1.00528204441071
v 0.0508087687194347 -0.06401277333498 1.02500402927399
v 0.0468051582574844 -0.0207276493310928 0.999406218528748
v 0.068451777100563 -0.0215048994868994 0.991863608360291
v -0.00540318805724382 -0.0380612015724182 1.02284204959869
v 0.0477855987846851 -0.0718253031373024 0.99557101726532
v 0.0121378498151898 -0.0725471004843712 1.00083303451538
v 0.0781084001064301 -0.0665268525481224 0.9879390001297
v 0.0326682887971401 -0.0893180593848228 1.01840603351593
v -0.00037799499114044 -0.084455281496048 1.01452600955963
v 0.0171885397285223 -0.0933305695652962 1.03211402893066
v -0.312017112970352 -0.395567804574966 0.305493086576462
v -0.313618987798691 -0.404227614402771 0.424158304929733
v -0.313445299863815 -0.398815602064133 0.357559502124786
v -0.312494993209839 -0.422580003738403 0.208415001630783
v -0.274845987558365 -0.418754011392593 0.252658009529114
v -0.317847400903702 -0.395200699567795 0.251435101032257
v -0.188394099473953 -0.439817309379578 0.249835297465324
v -0.254250913858414 -0.421507507562637 0.30343109369278
v -0.209900006651878 -0.457621991634369 0.202317997813225
v -0.231211006641388 -0.43096598982811 0.245486006140709
v -0.26252219080925 -0.426894694566727 0.42278328537941
v -0.233371004462242 -0.436377704143524 0.362764298915863
v -0.259769409894943 -0.423695802688599 0.361999809741974
v -0.28092360496521 -0.41903880238533 0.486914098262787
v -0.294803589582443 -0.410714596509933 0.536428213119507
v -0.323380291461945 -0.391568511724472 0.48438960313797
v -0.299717605113983 -0.410336196422577 0.471618711948395
v -0.217960700392723 -0.441037088632584 0.533008813858032
v -0.164011001586914 -0.483033001422882 0.631406009197235
v -0.236563995480537 -0.444227993488312 0.584475994110107
v -0.156119003891945 -0.458525985479355 0.595789015293121
v -0.191143006086349 -0.453860998153687 0.591117978096008
v -0.311466813087463 -0.402212798595428 0.594499528408051
v -0.26978999376297 -0.455493003129959 0.624002993106842
v -0.339518994092941 -0.257182002067566 -0.080283097922802
v -0.279619187116623 -0.200902506709099 -0.113963097333908
v -0.301823794841766 -0.334831207990646 -0.109808802604675
v -0.291880786418915 -0.256482303142548 -0.110613003373146
v -0.276540786027908 -0.0958506762981415 -0.103741601109505
v -0.22614960372448 -0.163639903068542 -0.140909001231194
v -0.315671294927597 -0.138711392879486 -0.0769873186945915
v -0.125632107257843 -0.205683797597885 -0.169374495744705
v -0.17512409389019 -0.229127198457718 -0.142546102404594
v -0.17257909476757 -0.183092206716537 -0.160060897469521
v -0.173774495720863 -0.344913005828857 -0.107072100043297
v -0.136691197752953 -0.287574589252472 -0.119062103331089
v -0.273559391498566 0.0443141795694828 -0.0413874909281731
v -0.219526201486588 0.0105336001142859 -0.114395797252655
v -0.270709991455078 -0.0332728885114193 -0.0924419164657593
v -0.307583302259445 -0.00341884209774435 -0.0321335084736347
v -0.148455202579498 0.00570829911157489 -0.165682107210159
v -0.18379670381546 -0.0439249388873577 -0.156398102641106
v -0.200263097882271 0.0611183606088161 -0.105563499033451
v -0.191751092672348 0.00942261423915625 -0.135518699884415
v -0.224592193961143 -0.0874001234769821 -0.141030803322792
v -0.123635098338127 -0.115601897239685 -0.191258698701859
v -0.177309900522232 -0.0934362933039665 -0.167905896902084
v -0.306751310825348 -0.0597752183675766 -0.0622298903763294
v -0.265378385782242 -0.0730151608586311 -0.109351202845573
v -0.213565707206726 -0.330615013837814 0.920028328895569
v -0.262134402990341 -0.284967303276062 0.900546729564667
v -0.307130306959152 -0.341850399971008 0.876577973365784
v -0.267063707113266 -0.330607712268829 0.903337478637695
v -0.0981876477599144 -0.327948898077011 0.921902298927307
v -0.169160395860672 -0.281336396932602 0.929413914680481
v -0.146970897912979 -0.390253603458405 0.920274198055267
v -0.148141399025917 -0.337650001049042 0.92356950044632
v -0.215021893382072 -0.244280502200127 0.920681178569794
v -0.121552899479866 -0.24188420176506 0.945515811443329
v -0.251422911882401 -0.196411296725273 0.898510575294495
v -0.258237093687057 -0.255930304527283 0.899228394031525
v -0.376121193170547 -0.340155005455017 -0.0324130617082119
v -0.380975604057312 -0.275883287191391 0.0378289297223091
v -0.379285514354706 -0.374589711427689 0.0991252437233925
v -0.376410990953445 -0.144337400794029 0.100600101053715
v -0.370189905166626 -0.165301397442818 0.0450853705406189
v -0.384173214435577 -0.23143470287323 0.177661895751953
v -0.350130885839462 -0.148137301206589 -0.0193533506244421
v -0.349190205335617 -0.358635991811752 0.427388489246368
v -0.3681361079216 -0.306446701288223 0.37036269903183
v -0.363031595945358 -0.335119992494583 0.307506501674652
v -0.354498207569122 -0.351157903671265 0.369887501001358
v -0.376251995563507 -0.219892397522926 0.374027609825134
v -0.380159795284271 -0.25160351395607 0.309590190649033
v -0.366662591695786 -0.272603988647461 0.43260470032692
v -0.373748302459717 -0.263978987932205 0.37219500541687
v -0.379411399364471 -0.279080599546432 0.24407009780407
v -0.386427491903305 -0.192763596773148 0.247406795620918
v -0.384354293346405 -0.235026195645332 0.247258603572845
v -0.369663387537003 -0.323112696409225 0.245272099971771
v -0.358838200569153 -0.0447646901011467 0.384988695383072
v -0.376777410507202 -0.0809748694300652 0.307487994432449
v -0.375359803438187 -0.131869092583656 0.377132892608643
v -0.364831209182739 -0.0931966528296471 0.43000540137291
v -0.370865195989609 -0.0872868523001671 0.368695199489594
v -0.378395885229111 -0.0600344613194466 0.184945404529572
v -0.385495513677597 -0.112044401466846 0.253008812665939
v -0.368548899888992 -0.0320609994232655 0.266371309757233
v -0.38028758764267 -0.0730590671300888 0.24660649895668
v -0.383595108985901 -0.166260704398155 0.313071310520172
v -0.386318206787109 -0.133994102478027 0.185724303126335
v -0.386911004781723 -0.15234799683094 0.255817711353302
v -0.370208501815796 -0.18225359916687 0.43640860915184
v -0.377148300409317 -0.175713807344437 0.375598013401031
v -0.330374985933304 -0.0445602387189865 -0.0129126803949475
v -0.351362705230713 -0.0270602498203516 0.0559980794787407
v -0.329545110464096 0.018927289173007 0.0375487096607685
v -0.334796696901321 -0.0237812697887421 0.00887943245470524
v -0.333631098270416 -0.0692233219742775 -0.0178072396665812
v -0.377771198749542 -0.0934489592909813 0.124154701828957
v -0.362274199724197 -0.00970403198152781 0.149225994944572
v -0.371133387088776 -0.047944650053978 0.126391693949699
v -0.325014889240265 -0.298242300748825 0.826762616634369
v -0.340781092643738 -0.35901740193367 0.761512577533722
v -0.332677185535431 -0.350788801908493 0.829975306987762
v -0.312543988227844 -0.222401201725006 0.82182377576828
v -0.331600904464722 -0.261595189571381 0.773761987686157
v -0.344583690166473 -0.271158993244171 0.661575376987457
v -0.340644001960754 -0.310323297977448 0.716793775558472
v -0.338765412569046 -0.225780799984932 0.719887614250183
v -0.339625388383865 -0.266930997371674 0.718748986721039
v -0.332146406173706 -0.365204811096191 0.644989788532257
v -0.338006407022476 -0.36194059252739 0.702447474002838
v -0.303987711668015 -0.0590832196176052 0.820007026195526
v -0.282288998365402 -0.0996531024575233 0.862650394439697
v -0.308014392852783 -0.0868981629610062 0.819975614547729
v -0.349811613559723 -0.0976803675293922 0.670542180538177
v -0.342314094305038 -0.14141820371151 0.722532987594604
v -0.334768503904343 -0.0543686002492905 0.724537372589111
v -0.341295093297958 -0.0977899879217148 0.723870873451233
v -0.328560709953308 -0.184955403208733 0.771789371967316
v -0.348924189805984 -0.186001792550087 0.666598379611969
v -0.340709090232849 -0.181594297289848 0.720991790294647
v -0.285464197397232 -0.183947995305061 0.863732874393463
v -0.310211300849915 -0.174736902117729 0.821241617202759
v -0.364951193332672 -0.142374604940414 0.489384114742279
v -0.35758438706398 -0.0963016301393509 0.558443307876587
v -0.350845187902451 -0.0506554804742336 0.503064870834351
v -0.360565692186356 -0.0981587395071983 0.496249586343765
v -0.36260399222374 -0.240324705839157 0.493260502815247
v -0.360072612762451 -0.18761320412159 0.554509818553925
v -0.364493310451508 -0.194474697113037 0.495746999979019
v -0.356688797473907 -0.142160803079605 0.613122999668121
v -0.352135509252548 -0.231263399124146 0.607960522174835
v -0.355147808790207 -0.187073096632957 0.610766589641571
v -0.347101897001266 -0.0527459494769573 0.617345094680786
v -0.354707509279251 -0.0971711724996567 0.615261614322662
v -0.335934489965439 -0.364459991455078 0.535231709480286
v -0.351202100515366 -0.33357098698616 0.486770689487457
v -0.342386603355408 -0.361813694238663 0.48467230796814
v -0.344797104597092 -0.317985892295837 0.60050767660141
v -0.354814797639847 -0.276985198259354 0.548017621040344
v -0.349610686302185 -0.274678409099579 0.604680299758911
v -0.359388798475266 -0.285075813531876 0.490359395742416
v -0.268272489309311 0.187126904726028 0.155501902103424
v -0.247808992862701 0.223638907074928 0.196284607052803
v -0.22815890610218 0.248865306377411 0.155736699700356
v -0.250691711902618 0.205106005072594 0.114635996520519
v -0.254954010248184 0.211185604333878 0.164547696709633
v -0.248176395893097 0.200448498129845 0.285091996192932
v -0.227487504482269 0.243728294968605 0.249446198344231
v -0.272620588541031 0.174046099185944 0.233909606933594
v -0.242665693163872 0.223436206579208 0.241938203573227
v -0.200615093111992 0.279562294483185 0.208699703216553
v -0.186491906642914 0.269383609294891 0.299666285514832
v -0.197781294584274 0.277289897203445 0.242433398962021
v -0.202328905463219 0.264217406511307 0.11540099978447
v -0.176664993166924 0.293433487415314 0.150488704442978
v -0.203125298023224 0.273675888776779 0.148066401481628
v -0.238426104187965 0.137451305985451 0.473941594362259
v -0.24215529859066 0.168331995606422 0.374574214220047
v -0.246361494064331 0.143057897686958 0.422540903091431
v -0.177209004759789 0.229435995221138 0.390592485666275
v -0.180917397141457 0.18583619594574 0.485329300165176
v -0.225994899868965 0.209543004631996 0.334184795618057
v -0.156695201992989 0.266530811786652 0.349296808242798
v -0.182543992996216 0.250340104103088 0.345471501350403
v -0.27268260717392 0.141779392957687 0.328242689371109
v -0.244831904768944 0.186070695519447 0.328646212816238
v -0.215414494276047 0.0659863278269768 0.846640110015869
v -0.185201302170753 0.104512602090836 0.834711372852325
v -0.216251596808434 0.109857201576233 0.782164692878723
v -0.24573889374733 0.0700624734163284 0.795251309871674
v -0.164204895496368 0.145480707287788 0.794411301612854
v -0.161676794290543 0.10076379776001 0.861435115337372
v -0.155262395739555 0.133992403745651 0.823434412479401
v -0.172200694680214 0.169444099068642 0.708593428134918
v -0.135284304618835 0.180914506316185 0.747099220752716
v -0.163015097379684 0.167603000998497 0.740618109703064
v -0.242764502763748 0.101859800517559 0.731391072273254
v -0.218983396887779 0.137088596820831 0.685500085353851
v -0.220072001218796 0.125349596142769 0.733280003070831
v -0.26418200135231 0.102183997631073 0.520811676979065
v -0.215185299515724 0.151207998394966 0.529742419719696
v -0.234346494078636 0.134027495980263 0.526332914829254
v -0.199916794896126 0.158427804708481 0.636238813400269
v -0.266134887933731 0.0924368128180504 0.631859719753265
v -0.221790999174118 0.139488995075226 0.634943902492523
v -0.131011500954628 0.197106599807739 0.668287813663483
v -0.163946896791458 0.185527801513672 0.570653975009918
v -0.158518299460411 0.183841899037361 0.660993218421936
v -0.1390271037817 0.19911290705204 0.565648376941681
v -0.172211602330208 0.182783201336861 0.539016723632812
v -0.337615013122559 -0.00618611788377166 0.449176013469696
v -0.320358097553253 0.0397427305579185 0.399575501680374
v -0.346714705228806 0.00429046619683504 0.334862411022186
v -0.341935306787491 -0.00185200897976756 0.39181450009346
v -0.298237085342407 0.0898582488298416 0.356668412685394
v -0.292876213788986 0.0714768394827843 0.461357802152634
v -0.295380890369415 0.0792986825108528 0.408369690179825
v -0.301171809434891 0.114831902086735 0.258714914321899
v -0.326764404773712 0.0575602203607559 0.2923484146595
v -0.300382912158966 0.102179199457169 0.306807994842529
v -0.350384593009949 0.021888030692935 0.223180696368217
v -0.350140392780304 0.0122112901881337 0.278566688299179
v -0.309932500123978 -0.0172235891222954 0.770876824855804
v -0.298983186483383 0.0283203907310963 0.725704312324524
v -0.32795050740242 -0.0108764404430985 0.673465728759766
v -0.319799095392227 -0.0114355897530913 0.724582374095917
v -0.266270399093628 -0.0168549902737141 0.855901300907135
v -0.285368412733078 -0.00390686001628637 0.814620971679688
v -0.233973905444145 0.0422168597579002 0.848214983940125
v -0.256634294986725 0.0477298088371754 0.809371471405029
v -0.281349807977676 0.0675521865487099 0.679381787776947
v -0.265035212039948 0.0783012807369232 0.71999317407608
v -0.240556299686432 0.100789003074169 -0.0348440706729889
v -0.208836004137993 0.174505606293678 -0.0121786696836352
v -0.178518503904343 0.139332205057144 -0.0900183916091919
v -0.206986501812935 0.111155301332474 -0.0662452131509781
v -0.298571407794952 0.0742019489407539 0.0298235490918159
v -0.267990201711655 0.130830302834511 0.0379605181515217
v -0.270982205867767 0.088469922542572 -0.00449512805789709
v -0.221145495772362 0.227114006876945 0.0800826400518417
v -0.274407297372818 0.161305293440819 0.103433601558208
v -0.257242500782013 0.175059005618095 0.0758162811398506
v -0.191413402557373 0.239646807312965 0.0333504192531109
v -0.288948893547058 0.0677207112312317 0.570735573768616
v -0.311209291219711 0.0303101297467947 0.621928989887238
v -0.285283893346786 0.0691019669175148 0.62564080953598
v -0.315060287714005 0.031309898942709 0.510950207710266
v -0.290898412466049 0.0683356001973152 0.515724718570709
v -0.334054708480835 -0.00953055638819933 0.563688516616821
v -0.335453689098358 -0.00849277433007956 0.506673812866211
v -0.332017213106155 -0.0100545901805162 0.619503378868103
v -0.324280798435211 0.079232320189476 0.191446304321289
v -0.33568748831749 0.0457408092916012 0.117853499948978
v -0.34564420580864 0.0332069098949432 0.169166803359985
v -0.300979405641556 0.124502301216125 0.208573594689369
v -0.301621705293655 0.1050646007061 0.0910166129469872
v -0.288969606161118 0.140743404626846 0.121096700429916
v -0.320072412490845 0.0595178306102753 0.0708139836788177
v -0.177297800779343 0.206968605518341 -0.0481691099703312
v -0.167622700333595 0.182921394705772 -0.117104403674603
v -0.148159205913544 0.123288698494434 -0.157131895422935
v -0.163989394903183 0.152346104383469 -0.117962799966335
v -0.156093895435333 0.287718892097473 0.0425486117601395
v -0.169012397527695 0.256293386220932 -0.019721120595932
v -0.177955895662308 0.246825098991394 0.00637391116470098
v -0.179526999592781 0.287915587425232 -0.0636071935296059
v -0.177758798003197 0.238002493977547 -0.095681257545948
v -0.149720996618271 0.300799995660782 -0.00470029003918171
v -0.168458506464958 0.270206689834595 -0.0424552410840988
v -0.16360729932785 0.174343407154083 -0.190831393003464
v -0.200184196233749 0.228455096483231 -0.173018604516983
v -0.173576295375824 0.199455201625824 -0.138678506016731
v -0.21828630566597 0.284211605787277 -0.131563305854797
v -0.267582386732101 0.276787996292114 -0.232996106147766
v -0.218323200941086 0.236807897686958 -0.196596100926399
v -0.173525497317314 0.342173397541046 -0.0238377507776022
v -0.199150800704956 0.31330069899559 -0.0731793493032455
v -0.266012400388718 0.416776388883591 -0.114537797868252
v -0.276158809661865 0.340581685304642 -0.181291103363037
v -0.206126496195793 0.386282414197922 -0.034007340669632
v -0.307369291782379 0.270535886287689 -0.33892759680748
v -0.296907395124435 0.309535205364227 -0.263066589832306
v -0.278023391962051 0.20564529299736 -0.366329908370972
v -0.23967219889164 0.159089997410774 -0.386804789304733
v -0.188120797276497 0.158455193042755 -0.306581288576126
v -0.239134699106216 0.182563096284866 -0.330954790115356
v -0.329791396856308 0.267216205596924 -0.445095896720886
v -0.306592285633087 0.20830599963665 -0.460202097892761
v -0.31038299202919 0.235024601221085 -0.404092907905579
v -0.259522497653961 0.174706399440765 -0.549553513526917
v -0.26934340596199 0.164507895708084 -0.468734890222549
v -0.305807590484619 0.218082800507545 -0.544871687889099
v -0.290391385555267 0.185734406113625 -0.506538927555084
v -0.204721003770828 0.126982301473618 -0.454269289970398
v -0.329418987035751 0.341044396162033 -0.410016596317291
v -0.316073387861252 0.367288410663605 -0.508216500282288
v -0.326832711696625 0.281466603279114 -0.53443968296051
v -0.332638710737228 0.302485197782516 -0.478973597288132
v -0.255975991487503 0.429549008607864 -0.563621997833252
v -0.284350603818893 0.348935306072235 -0.595948100090027
v -0.290977507829666 0.394092202186584 -0.546851277351379
v -0.242136493325233 0.313198894262314 -0.6416996717453
v -0.293917596340179 0.296994209289551 -0.604418277740479
v -0.23751300573349 0.357628792524338 -0.629027426242828
v -0.269189596176147 0.239097893238068 -0.610839009284973
v -0.30767560005188 0.258032888174057 -0.57800430059433
v -0.288911998271942 -0.666279017925262 -0.0831981003284454
v -0.281699389219284 -0.719487190246582 0.0396791510283947
v -0.136638805270195 -0.665560901165009 -0.0331056490540504
v -0.168956205248833 -0.720551788806915 0.0253543704748154
v -0.200122505426407 -0.67161899805069 -0.0843828171491623
v -0.182766005396843 -0.687312006950378 0.135766997933388
v -0.231268092989922 -0.718131721019745 0.102657698094845
v -0.136630997061729 -0.686120986938477 0.0787634029984474
v -0.179423898458481 -0.717236995697021 0.0821524113416672
v -0.280025988817215 -0.706876277923584 0.0974961593747139
v -0.291897505521774 -0.672477126121521 0.837660491466522
v -0.249974593520164 -0.721575498580933 0.782198786735535
v -0.202730894088745 -0.721585690975189 0.852518379688263
v -0.249753996729851 -0.710235595703125 0.842690706253052
v -0.244538500905037 -0.685809075832367 0.693006217479706
v -0.200145706534386 -0.728500783443451 0.737309575080872
v -0.285456985235214 -0.683676183223724 0.745288789272308
v -0.245887696743011 -0.710826277732849 0.730247914791107
v -0.126547902822495 -0.697467386722565 0.741047084331512
v -0.153957799077034 -0.727675199508667 0.79832398891449
v -0.154175996780396 -0.693902313709259 0.700936377048492
v -0.148440599441528 -0.718517482280731 0.749274015426636
v -0.149710595607758 -0.678219377994537 0.887553870677948
v -0.143942698836327 -0.708259522914886 0.847221076488495
v -0.305433988571167 -0.488232314586639 0.666480600833893
v -0.341192603111267 -0.490943491458893 0.789304912090302
v -0.329716503620148 -0.49491161108017 0.718616127967834
v -0.271203994750977 -0.630107700824738 0.681845426559448
v -0.315355896949768 -0.629187405109406 0.829517126083374
v -0.313540011644363 -0.474577009677887 0.887894988059998
v -0.337414085865021 -0.474946290254593 0.839998781681061
v -0.0969194024801254 -0.478778004646301 0.897494971752167
v -0.0790216773748398 -0.579072594642639 0.849654912948608
v -0.0665197670459747 -0.515189528465271 0.788583815097809
v -0.0649917423725128 -0.435684591531754 0.853663980960846
v -0.0700497329235077 -0.496895790100098 0.846697092056274
v -0.113737799227238 -0.611380577087402 0.892240285873413
v -0.0889157876372337 -0.632435619831085 0.843627512454987
v -0.121691502630711 -0.654204905033112 0.704032421112061
v -0.0837925300002098 -0.596161723136902 0.742930471897125
v -0.0971656367182732 -0.654656827449799 0.747517585754395
v -0.0699559971690178 -0.474220007658005 0.735292017459869
v -0.106683999300003 -0.5346360206604 0.682874023914337
v -0.0817516595125198 -0.5265132188797 0.726544618606567
v -0.207290098071098 -0.529687106609344 0.637632608413696
v -0.251192808151245 -0.581100821495056 0.652532696723938
v -0.261741012334824 -0.515430212020874 0.643554627895355
v -0.149673998355865 -0.600580513477325 0.664597928524017
v -0.15054190158844 -0.536554992198944 0.652883112430573
v -0.198673695325851 -0.649047493934631 0.660399317741394
v -0.155266895890236 -0.655898571014404 0.676820278167725
v -0.245125100016594 -0.632841527462006 0.664317011833191
v -0.217449098825455 -0.474697798490524 0.926836907863617
v -0.15358330309391 -0.553739488124847 0.923375189304352
v -0.149207204580307 -0.475835412740707 0.922503292560577
v -0.269047498703003 -0.475445806980133 0.916214883327484
v -0.200669899582863 -0.637268781661987 0.918849289417267
v -0.387201398611069 -0.441217005252838 0.0309603307396173
v -0.376346707344055 -0.446191698312759 0.100548103451729
v -0.35373929142952 -0.416243314743042 -0.0872400775551796
v -0.378264188766479 -0.528289616107941 -0.0317270085215569
v -0.381055504083633 -0.434605807065964 -0.0347061716020107
v -0.340741991996765 -0.59789901971817 -0.0798228979110718
v -0.359453201293945 -0.608511388301849 -0.03532575070858
v -0.329146206378937 -0.6025230884552 0.139921396970749
v -0.12703999876976 -0.448098987340927 -0.0735784992575645
v -0.194032803177834 -0.534520387649536 -0.11203920096159
v -0.242108002305031 -0.431458413600922 -0.12076660245657
v -0.179631903767586 -0.437455594539642 -0.106677897274494
v -0.186268195509911 -0.612740814685822 -0.101888798177242
v -0.300811499357224 -0.523778080940247 -0.117744199931622
v -0.301037192344666 -0.605567216873169 -0.104396998882294
v -0.306118190288544 -0.428911507129669 -0.114997401833534
v -0.252291798591614 -0.504870116710663 0.19657090306282
v -0.187174692749977 -0.580104172229767 0.173473194241524
v -0.197944700717926 -0.51558119058609 0.183593794703484
v -0.295951813459396 -0.561900615692139 0.178694799542427
v -0.306361705064774 -0.483391106128693 0.188522502779961
v -0.232008203864098 -0.635399580001831 0.175758793950081
v -0.284158706665039 -0.624103724956512 0.167538493871689
v -0.148121103644371 -0.634519815444946 0.132992699742317
v -0.182699903845787 -0.640275776386261 0.159055396914482
v -0.0953700989484787 -0.405611008405685 -0.0214782003313303
v -0.10140860080719 -0.49079829454422 0.0420911088585854
v -0.101759798824787 -0.472123593091965 -0.0161773599684238
v -0.11251500248909 -0.451918989419937 0.0935688018798828
v -0.121116697788239 -0.624975800514221 0.0911237373948097
v -0.116194702684879 -0.620785117149353 -0.028419429436326
v -0.308473497629166 0.433307588100433 -0.36375018954277
v -0.285298585891724 0.518774628639221 -0.369178712368011
v -0.268128097057343 0.530636787414551 -0.463110685348511
v -0.291052490472794 0.480372190475464 -0.417016804218292
v -0.297447890043259 0.434867888689041 -0.23967769742012
v -0.317310601472855 0.389458388090134 -0.328719288110733
v -0.270439893007278 0.5009486079216 -0.166719704866409
v -0.277875006198883 0.55689001083374 -0.190964996814728
v -0.247007995843887 0.54474002122879 -0.114114001393318
v -0.268818110227585 0.594581186771393 -0.382194012403488
v -0.278055012226105 0.600764989852905 -0.320107996463776
v -0.279987096786499 0.555168628692627 -0.331977993249893
v -0.251690089702606 0.687180995941162 -0.152782499790192
v -0.317406803369522 0.654310286045074 -0.139875203371048
v -0.27258488535881 0.609571218490601 -0.130715906620026
v -0.198975905776024 0.645937323570251 -0.12605120241642
v -0.430348992347717 0.658276975154877 -0.1543820053339
v -0.380320996046066 0.618570029735565 -0.152412995696068
v -0.391128391027451 0.683891713619232 -0.146254107356071
v -0.384792000055313 0.647907972335815 -0.143703997135162
v -0.362963706254959 0.594322979450226 -0.199943497776985
v -0.324346005916595 0.587714016437531 -0.156719997525215
v -0.401582986116409 0.612716019153595 -0.191760003566742
v -0.367841988801956 0.597467005252838 -0.171939998865128
v -0.245112493634224 0.574311494827271 -0.118294797837734
v -0.289471000432968 0.569073975086212 -0.162468999624252
v -0.281395703554153 0.58238422870636 -0.139339104294777
v -0.319483011960983 0.584702014923096 -0.228703394532204
v -0.294438987970352 0.591849029064178 -0.26603901386261
v -0.294317990541458 0.572728991508484 -0.209870994091034
v -0.377861499786377 0.612693309783936 -0.2436213940382
v -0.34124419093132 0.619930326938629 -0.287485897541046
v -0.345858007669449 0.59798538684845 -0.244392797350883
v -0.345079004764557 0.681326985359192 -0.333155989646912
v -0.362513095140457 0.660643219947815 -0.315511614084244
v -0.285879999399185 0.662048995494843 -0.349088996648788
v -0.290372014045715 0.624108016490936 -0.317788004875183
v -0.448345810174942 0.716253280639648 -0.255207806825638
v -0.393743008375168 0.706764996051788 -0.312299996614456
v -0.410722702741623 0.682370007038116 -0.290425986051559
v -0.447288990020752 0.655955970287323 -0.196803003549576
v -0.447396993637085 0.702391982078552 -0.158150002360344
v -0.471552014350891 0.708579003810883 -0.199184000492096
v -0.46033701300621 0.681447982788086 -0.173250004649162
v -0.432410001754761 0.746455013751984 -0.258302986621857
v -0.452589005231857 0.744444012641907 -0.206816002726555
v -0.460792005062103 0.730831027030945 -0.231062993407249
v -0.0471649207174778 0.325343787670135 0.131715506315231
v -0.09538684040308 0.319538295269012 0.168354794383049
v -0.0499929785728455 0.319929897785187 0.221523806452751
v -0.139498993754387 0.309881389141083 0.209868595004082
v -0.139090701937675 0.305360496044159 0.103401899337769
v -0.129517093300819 0.295438200235367 0.306131511926651
v -0.086518183350563 0.312249809503555 0.264370799064636
v -0.117975503206253 0.308116108179092 0.263968706130981
v -0.0433606207370758 0.300345301628113 0.315764099359512
v -0.0495582111179829 0.228156700730324 0.515143871307373
v -0.0478069894015789 0.224041998386383 0.577449023723602
v -0.0370607487857342 0.226511597633362 0.547368824481964
v -0.117481298744678 0.205709397792816 0.609565675258636
v -0.113207697868347 0.220580592751503 0.485140591859818
v -0.103242099285126 0.205935105681419 0.69005811214447
v -0.104379996657372 0.208487004041672 0.660198986530304
v -0.0350942686200142 0.218787804245949 0.709520876407623
v -0.0790454298257828 0.203101992607117 0.737866699695587
v -0.0381709188222885 0.184885695576668 0.808459877967834
v -0.0345903299748898 0.205629795789719 0.760410904884338
v -0.103462003171444 0.172317400574684 0.801739513874054
v -0.0986574292182922 0.11857870221138 0.881133198738098
v -0.0658672302961349 0.15541909635067 0.84918338060379
v -0.0975622683763504 0.149038597941399 0.844179928302765
v -0.0309225991368294 0.128778800368309 0.890375018119812
v -0.033595260232687 0.159592404961586 0.852039575576782
v -0.0189661309123039 -0.429858088493347 0.0556892901659012
v -0.0649946480989456 -0.424136787652969 0.0645029619336128
v -0.0296473298221827 -0.403210192918777 0.00613400200381875
v -0.0804385989904404 -0.407577008008957 0.0250119995325804
v -0.101980999112129 -0.437420010566711 0.118873000144958
v -0.0918712019920349 -0.426508992910385 0.0746888965368271
v -0.0781392008066177 -0.343401998281479 -0.068029098212719
v -0.0474052913486958 -0.373272985219955 -0.030236829072237
v -0.0771327018737793 -0.378764986991882 -0.0229809992015362
v -0.0272815097123384 -0.349586188793182 -0.0670430734753609
v -0.0235788095742464 -0.367708891630173 -0.0452012903988361
v -0.0125228697434068 -0.393847614526749 0.813371479511261
v -0.0276893191039562 -0.374101400375366 0.85367751121521
v -0.0473693013191223 -0.423079013824463 0.799814999103546
v -0.0576974004507065 -0.36046901345253 0.893822014331818
v -0.0496446006000042 -0.39423269033432 0.852471590042114
v -0.0641499012708664 -0.454692989587784 0.696537971496582
v -0.0352263003587723 -0.426310986280441 0.75720202922821
v -0.0543416999280453 -0.442449986934662 0.745122015476227
v -0.0132882902398705 -0.435669004917145 0.726079881191254
v -0.0351648591458797 0.26407578587532 0.402233898639679
v -0.0491547100245953 0.284054696559906 0.356381803750992
v -0.121010400354862 0.25689309835434 0.393593490123749
v -0.128630101680756 0.275974214076996 0.351249814033508
v -0.0782921388745308 0.242310807108879 0.445480614900589
v -0.112085402011871 0.237329006195068 0.439565092325211
v -0.0436281003057957 0.336528986692429 0.0475409999489784
v -0.128228604793549 0.307570606470108 0.0470027588307858
v -0.120967999100685 0.31980699300766 0.0225689001381397
v -0.0921699926257133 0.31970939040184 0.0906547904014587
v -0.0430817902088165 0.326306790113449 0.099777951836586
v -0.0522319599986076 0.404475212097168 0.0474738590419292
v -0.068653017282486 0.449957013130188 0.0525731816887856
v -0.18650309741497 0.47579550743103 -0.00378097291104496
v -0.164381295442581 0.40165838599205 0.00701590999960899
v -0.0973955765366554 0.376655995845795 0.0311031397432089
v -0.136998906731606 0.359029591083527 0.00977540481835604
v -0.0514758713543415 0.375502794981003 0.0393341593444347
v -0.0638264566659927 0.633221387863159 -0.508710622787476
v -0.232047006487846 0.56521600484848 -0.501918017864227
v -0.196483597159386 0.492979794740677 -0.550173699855804
v -0.190570294857025 0.556949317455292 -0.521523714065552
v -0.114854402840137 0.701076686382294 -0.474511802196503
v -0.192562893033028 0.681574285030365 -0.466500103473663
v -0.168843805789948 0.678006112575531 -0.475122392177582
v -0.0585998483002186 0.709472417831421 -0.476570606231689
v -0.134061798453331 0.3642578125 -0.650944828987122
v -0.0696713626384735 0.40471339225769 -0.629199028015137
v -0.202516600489616 0.406120091676712 -0.610633909702301
v -0.195959001779556 0.337261706590652 -0.652463614940643
v -0.184299394488335 0.367967188358307 -0.641140878200531
v -0.140782594680786 0.453373610973358 -0.588329970836639
v -0.203799694776535 0.445788711309433 -0.579360723495483
v -0.0380869582295418 -0.208192601799965 0.966100513935089
v -0.05858388915658 -0.230041697621346 0.958088874816895
v -0.0245476197451353 -0.264879107475281 0.946205198764801
v -0.0286722108721733 -0.236672803759575 0.958098113536835
v -0.0799931585788727 -0.280194312334061 0.938532888889313
v -0.0988985374569893 -0.200516507029533 0.959700882434845
v -0.0895432829856873 -0.228731393814087 0.954372525215149
v -0.0415438115596771 -0.3185074031353 0.915239095687866
v -0.0704658329486847 -0.322582095861435 0.920279383659363
v -0.0521431602537632 -0.311428189277649 -0.105986900627613
v -0.0276523493230343 -0.280572891235352 -0.141274899244308
v -0.0244755502790213 -0.317131012678146 -0.105834096670151
v -0.0796433016657829 -0.304818987846375 -0.10887099802494
v -0.085552878677845 -0.175506696105003 -0.194534197449684
v -0.0488374717533588 -0.233657404780388 -0.174077898263931
v -0.0769214481115341 -0.224984794855118 -0.173932000994682
v -0.0306547395884991 -0.189144998788834 -0.197341799736023
v -0.0201214998960495 -0.239138603210449 -0.172571703791618
v -0.0330839492380619 -0.0713414922356606 -0.222259297966957
v -0.0299666598439217 -0.13272899389267 -0.212695807218552
v -0.106535099446774 -0.0595400296151638 -0.197573199868202
v -0.0936200618743896 -0.120540298521519 -0.201821997761726
v -0.119778402149677 0.0501309484243393 -0.184872195124626
v -0.0626177564263344 -0.0128124300390482 -0.218583196401596
v -0.107530802488327 0.00394059810787439 -0.194157898426056
v -0.0296888705343008 0.0364384613931179 -0.23615600168705
v -0.0282591599971056 -0.0130256600677967 -0.229680106043816
v -0.0795644670724869 0.085386149585247 -0.226286098361015
v -0.0497750788927078 0.103409200906754 -0.254057198762894
v -0.0360714383423328 0.0829069688916206 -0.247829899191856
v -0.119812302291393 0.124352596700191 -0.210197299718857
v -0.11841619759798 0.0997788980603218 -0.195812299847603
v -0.142585307359695 0.151687294244766 -0.260333806276321
v -0.0874548628926277 0.125868692994118 -0.26170140504837
v -0.129466503858566 0.143084496259689 -0.23120890557766
v -0.0462704114615917 0.119764603674412 -0.304332494735718
v -0.105861097574234 0.127655297517776 -0.316712409257889
v -0.0569282583892345 0.110604703426361 -0.360009789466858
v -0.051118079572916 0.115706101059914 -0.333899587392807
v -0.116503700613976 0.109114699065685 -0.400079190731049
v -0.164852604269981 0.118652902543545 -0.408157587051392
v -0.0583157986402512 0.101038098335266 -0.449199795722961
v -0.0484063886106014 0.102408401668072 -0.404168993234634
v -0.123202003538609 0.11192149668932 -0.488758891820908
v -0.0765903070569038 0.124000400304794 -0.530415773391724
v -0.0724033936858177 0.112495802342892 -0.500688195228577
v -0.192003294825554 0.134044304490089 -0.522390723228455
v -0.181058093905449 0.123700596392155 -0.494514107704163
v -0.227601304650307 0.19400329887867 -0.597705006599426
v -0.134675800800323 0.14942429959774 -0.569305777549744
v -0.151988506317139 0.235652402043343 -0.64504212141037
v -0.0760200619697571 0.219529792666435 -0.642657816410065
v -0.210285097360611 0.262584894895554 -0.646161317825317
v -0.143600195646286 0.315136909484863 -0.663860321044922
v -0.195192605257034 0.307265490293503 -0.656809508800507
v -0.0658593326807022 0.306431889533997 -0.668169319629669
v -0.0561798699200153 0.607895970344543 0.00201751501299441
v -0.125605806708336 0.536475419998169 0.0119326002895832
v -0.0937158167362213 0.664996981620789 -0.0664962008595467
v -0.177741006016731 0.604381918907166 -0.0803720504045486
v -0.126817300915718 0.699972987174988 -0.130678206682205
v -0.138370007276535 0.649804174900055 -0.0917273908853531
v -0.210539400577545 0.5606889128685 -0.0769534036517143
v -0.173650696873665 0.522171914577484 -0.014214769937098
v -0.237614005804062 0.630468010902405 -0.469873011112213
v -0.25321701169014 0.578269004821777 -0.474783003330231
v -0.249391496181488 0.66640317440033 -0.396220594644547
v -0.249754801392555 0.647894382476807 -0.423453897237778
v -0.201374799013138 0.726031720638275 -0.426664888858795
v -0.218595594167709 0.682500779628754 -0.451890200376511
v -0.215324103832245 0.917293310165405 -0.248776897788048
v -0.19759139418602 0.938087224960327 -0.245381906628609
v -0.211701303720474 0.93891978263855 -0.269246309995651
v -0.224957004189491 0.917224407196045 -0.276071190834045
v -0.177450001239777 0.953646004199982 -0.260405004024506
v -0.191875994205475 0.948988974094391 -0.288378000259399
v -0.173108994960785 0.951035022735596 -0.277835011482239
v -0.210759893059731 0.933645725250244 -0.296115398406982
v -0.199083998799324 0.773370027542114 -0.281405001878738
v -0.211786299943924 0.757335424423218 -0.303578406572342
v -0.203132793307304 0.797880828380585 -0.27103778719902
v -0.194563195109367 0.788216412067413 -0.294627487659454
v -0.202175006270409 0.775481998920441 -0.251996994018555
v -0.19922100007534 0.781930029392242 -0.276399999856949
v -0.178221002221107 0.788374006748199 -0.325574994087219
v -0.187183201313019 0.813932120800018 -0.322219789028168
v -0.184071898460388 0.777983427047729 -0.333318710327148
v -0.192515999078751 0.777938008308411 -0.227759003639221
v -0.145952001214027 0.797793507575989 -0.211540892720222
v -0.174268007278442 0.789156019687653 -0.220565006136894
v -0.160658597946167 0.775287687778473 -0.198319897055626
v -0.130557104945183 0.787480413913727 -0.194698303937912
v -0.184060499072075 0.772871971130371 -0.212648004293442
v -0.122290000319481 0.805308997631073 -0.211385995149612
v -0.102003201842308 0.794734716415405 -0.191412001848221
v -0.130041897296906 0.818893015384674 -0.216481000185013
v -0.143328994512558 0.804627001285553 -0.337251991033554
v -0.156403496861458 0.837442398071289 -0.332776099443436
v -0.105010002851486 0.817882001399994 -0.310157001018524
v -0.0860029980540276 0.820457994937897 -0.291303992271423
v -0.100184999406338 0.816042006015778 -0.313185006380081
v -0.0876023024320602 0.823457002639771 -0.279262006282806
v -0.0783940032124519 0.822685480117798 -0.259220510721207
v -0.0596005991101265 0.826949000358582 -0.279017508029938
v -0.0926180779933929 0.840103507041931 -0.253397285938263
v -0.102029003202915 0.843891978263855 -0.232988998293877
v -0.244211494922638 0.75284618139267 -0.270835787057877
v -0.226454704999924 0.758610188961029 -0.249041497707367
v -0.265476197004318 0.760136425495148 -0.217909604310989
v -0.254349797964096 0.759374976158142 -0.246859595179558
v -0.235063105821609 0.760139405727386 -0.221928402781487
v -0.215758994221687 0.757673025131226 -0.200461998581886
v -0.233599007129669 0.73896998167038 -0.319872587919235
v -0.317986011505127 0.708046972751617 -0.333577007055283
v -0.258235991001129 0.693552017211914 -0.356882989406586
v -0.284725993871689 0.698216021060944 -0.343912988901138
v -0.380041897296906 0.739224195480347 -0.29712438583374
v -0.398540288209915 0.758934319019318 -0.236184597015381
v -0.343117088079453 0.759172976016998 -0.256553590297699
v -0.387847512960434 0.752999007701874 -0.271950006484985
v -0.278514385223389 0.748274683952332 -0.191262394189835
v -0.237093403935432 0.732559502124786 -0.17709769308567
v -0.353667408227921 0.756521224975586 -0.20811839401722
v -0.300247013568878 0.759864628314972 -0.215587601065636
v -0.402740091085434 0.751176178455353 -0.200377196073532
v -0.395633310079575 0.713993072509766 -0.157542496919632
v -0.195756003260612 0.710507929325104 -0.16253200173378
v -0.112081699073315 0.775718688964844 -0.177047699689865
v -0.0473338402807713 0.803194582462311 -0.180681005120277
v -0.0593903996050358 0.811954617500305 -0.202290803194046
v -0.0724114030599594 0.796037316322327 -0.18120239675045
v -0.121756203472614 0.752373993396759 -0.164233893156052
v -0.139592602849007 0.764108777046204 -0.180155098438263
v -0.0798744410276413 0.744508802890778 -0.130670502781868
v -0.0250505302101374 0.780885219573975 -0.132732197642326
v -0.0313354283571243 0.814949929714203 -0.196898505091667
v -0.0388701893389225 0.813832521438599 -0.385797411203384
v -0.0645271316170692 0.824099481105804 -0.3362036049366
v -0.0298548899590969 0.831660985946655 -0.314895808696747
v -0.0485770292580128 0.799453973770142 -0.410406112670898
v -0.18182660639286 0.763291120529175 -0.394196510314941
v -0.1389240026474 0.792655885219574 -0.384330689907074
v -0.105370603501797 0.812712609767914 -0.346173495054245
v -0.155732795596123 0.792084515094757 -0.362467914819717
v -0.131856098771095 0.802928626537323 -0.357351005077362
v -0.0832867026329041 0.820205628871918 -0.325054287910461
v -0.0237662494182587 0.830228924751282 -0.246308699250221
v -0.0422251299023628 0.82272857427597 -0.223524793982506
v -0.0156615804880857 0.82486891746521 -0.219579294323921
v -0.0323889590799809 0.83178037405014 -0.273229390382767
v -0.0711846500635147 0.820644497871399 -0.230594202876091
v -0.2006825953722 0.752823173999786 -0.375672698020935
v -0.20297859609127 0.741358578205109 -0.402135014533997
v -0.229517698287964 0.730076789855957 -0.348694086074829
v -0.241078302264214 0.707049489021301 -0.366341710090637
v -0.19939349591732 0.761234104633331 -0.34644341468811
v -0.214753195643425 0.749514818191528 -0.331421613693237
v -0.180157199501991 0.775763213634491 -0.36243999004364
v -0.206399902701378 0.835490584373474 -0.304767191410065
v -0.212810292840004 0.869727790355682 -0.310291707515717
v -0.182638004422188 0.844163000583649 -0.332751005887985
v -0.194461703300476 0.841488778591156 -0.323430597782135
v -0.214849904179573 0.851588428020477 -0.250562608242035
v -0.221563205122948 0.860237777233124 -0.270529389381409
v -0.212942004203796 0.829897582530975 -0.277106195688248
v -0.221713006496429 0.885752975940704 -0.253374010324478
v -0.225600197911263 0.884689629077911 -0.28184500336647
v -0.202087998390198 0.898608982563019 -0.32218998670578
v -0.218484997749329 0.905180513858795 -0.303976505994797
v -0.134718105196953 0.891834020614624 -0.299144804477692
v -0.115926496684551 0.868124127388 -0.290968000888824
v -0.139162704348564 0.862136602401733 -0.317413002252579
v -0.177587404847145 0.886807978153229 -0.327525913715363
v -0.166255295276642 0.864754676818848 -0.329997897148132
v -0.176437392830849 0.909290194511414 -0.318599104881287
v -0.152646794915199 0.915081918239594 -0.302158385515213
v -0.105207599699497 0.868812024593353 -0.258005887269974
v -0.126234993338585 0.896791994571686 -0.23275700211525
v -0.129150494933128 0.864935219287872 -0.221874296665192
v -0.112672001123428 0.868658006191254 -0.232445999979973
v -0.136705994606018 0.926531970500946 -0.249134004116058
v -0.155944898724556 0.907918989658356 -0.225104004144669
v -0.141818001866341 0.921806991100311 -0.235424995422363
v -0.170719593763351 0.839348614215851 -0.223153099417686
v -0.204530298709869 0.865588784217834 -0.23730580508709
v -0.193959698081017 0.839537680149078 -0.232854902744293
v -0.142690196633339 0.841120183467865 -0.218594297766685
v -0.190613597631454 0.912148773670197 -0.230396807193756
v -0.211544394493103 -0.452613204717636 0.478114008903503
v -0.17158380150795 -0.490914791822433 0.470026314258575
v -0.169682398438454 -0.476921290159225 0.517496287822723
v -0.200994893908501 -0.476660996675491 0.418704390525818
v -0.193472996354103 -0.475416302680969 0.473270505666733
v -0.110488496720791 -0.469383209943771 0.602236390113831
v -0.139630198478699 -0.465645611286163 0.581322193145752
v -0.13203190267086 -0.479990094900131 0.558947682380676
v -0.102981001138687 -0.465723007917404 0.632974028587341
v -0.0443195216357708 -0.454483598470688 0.680350482463837
v -0.0705061033368111 -0.461082994937897 0.663389027118683
v -0.0876355692744255 -0.481497585773468 0.587823271751404
v -0.0560053996741772 -0.47136789560318 0.62846177816391
v -0.0832187235355377 -0.471099197864532 0.616533219814301
v -0.0240619704127312 -0.460399895906448 0.664518296718597
v -0.028557600453496 -0.479870796203613 0.613633692264557
v -0.0282960198819637 -0.46988108754158 0.639091908931732
v -0.0123965796083212 -0.44870799779892 0.694586277008057
v -0.0199618898332119 -0.447658896446228 0.145874604582787
v -0.0625352635979652 -0.440367013216019 0.119394600391388
v -0.0333335995674133 -0.44001179933548 0.0987309366464615
v -0.0325913392007351 -0.461839109659195 0.212307006120682
v -0.0658315718173981 -0.449572890996933 0.181097596883774
v -0.0915928333997726 -0.444629102945328 0.169948697090149
v -0.0976722091436386 -0.456324607133865 0.227068796753883
v -0.0930277332663536 -0.449257910251617 0.198847994208336
v -0.144147202372551 -0.443446308374405 0.19941970705986
v -0.199155107140541 -0.444889187812805 0.302634805440903
v -0.154548093676567 -0.450286597013474 0.25480580329895
v -0.130461901426315 -0.462294489145279 0.264859706163406
v -0.17748749256134 -0.460831612348557 0.309185802936554
v -0.213323205709457 -0.454118102788925 0.362822890281677
v -0.170510694384575 -0.484544008970261 0.363946288824081
v -0.193765193223953 -0.470708906650543 0.363081812858582
v -0.0753544494509697 -0.494563013315201 0.563267707824707
v -0.0440907515585423 -0.515716314315796 0.51848429441452
v -0.0455470904707909 -0.499204814434052 0.563299477100372
v -0.131869494915009 -0.496686786413193 0.514489114284515
v -0.104466497898102 -0.487687110900879 0.562749028205872
v -0.100923798978329 -0.517221808433533 0.466768890619278
v -0.145973801612854 -0.502924025058746 0.467427104711533
v -0.0637732669711113 -0.52727609872818 0.41436630487442
v -0.0416698716580868 -0.527126610279083 0.470807999372482
v -0.0965404063463211 -0.511043906211853 0.367098689079285
v -0.0592558085918427 -0.497887492179871 0.308019697666168
v -0.054612010717392 -0.516253411769867 0.355775386095047
v -0.130820602178574 -0.483350396156311 0.315265387296677
v -0.143714994192123 -0.496235907077789 0.364154905080795
v -0.0830436199903488 -0.474478006362915 0.263758808374405
v -0.106622196733952 -0.473104298114777 0.273989796638489
v -0.0333488509058952 -0.480453193187714 0.258924007415771
v -0.142223298549652 -0.023945540189743 0.956332325935364
v -0.140002697706223 -0.0697196274995804 0.962456583976746
v -0.122872702777386 -0.00457671610638499 0.955687880516052
v -0.114832602441311 -0.033702690154314 0.972505807876587
v -0.208861902356148 -0.0769417434930801 0.925961971282959
v -0.167438104748726 -0.0775274634361267 0.950207710266113
v -0.187153100967407 -0.0627511218190193 0.939351320266724
v -0.245589196681976 -0.0536997392773628 0.893674314022064
v -0.247366696596146 -0.0784798935055733 0.895941913127899
v -0.245467603206635 -0.163947194814682 0.901164174079895
v -0.161490797996521 -0.125665307044983 0.949746489524841
v -0.169200301170349 -0.153728395700455 0.944924712181091
v -0.123483501374722 -0.0933753326535225 0.966515481472015
v -0.150793492794037 -0.0967544987797737 0.9562047123909
v -0.170863598585129 -0.00280504091642797 0.930399775505066
v -0.210067704319954 -0.0162404198199511 0.909942090511322
v -0.187690198421478 -0.0203121192753315 0.92811918258667
v -0.124762400984764 0.0237505808472633 0.939062297344208
v -0.147204995155334 0.0342283584177494 0.922170579433441
v -0.148353904485703 0.00469096703454852 0.93889307975769
v -0.184822097420692 0.0553018786013126 0.884491980075836
v -0.230387702584267 0.0192828606814146 0.870855808258057
v -0.218248903751373 0.0466780699789524 0.862473487854004
v -0.231610804796219 -0.0107279503718019 0.88866251707077
v -0.0383512303233147 0.0687074586749077 0.938660085201263
v -0.0292986202985048 0.00107951101381332 0.985436677932739
v -0.0663839727640152 0.101293101906776 0.90775728225708
v -0.0283781606703997 0.0925665721297264 0.92285031080246
v -0.0922548472881317 0.0604395605623722 0.929782629013062
v -0.103812098503113 0.081085778772831 0.910895228385925
v -0.0804022401571274 -0.0052443528547883 0.974824607372284
v -0.0413226708769798 -0.131586298346519 0.981055319309235
v -0.0301273297518492 -0.156762897968292 0.978311777114868
v -0.0273784007877111 -0.0760817974805832 0.993721008300781
v -0.0696347281336784 -0.0963838621973991 0.981532692909241
v -0.0432353392243385 -0.101941503584385 0.985436379909515
v -0.08998903632164 -0.135103896260262 0.971776187419891
v -0.0953475907444954 -0.0925201177597046 0.975491583347321
v -0.0905551463365555 -0.052726611495018 0.989266872406006
v -0.0658335015177727 -0.0721748471260071 0.999451994895935
v -0.0896383076906204 -0.0288500990718603 0.98605477809906
v -0.0686306804418564 -0.0423648282885551 1.00672399997711
v -0.0464836396276951 -0.0203549899160862 0.999172687530518
v -0.0687383264303207 -0.0207516998052597 0.991172671318054
v -0.0486670397222042 -0.0657780468463898 1.02658498287201
v -0.0247776303440332 -0.0513383895158768 1.0327240228653
v -0.0241375006735325 -0.0754117518663406 1.0425900220871
v -0.0477855987846851 -0.0718253031373024 0.99557101726532
v -0.0242756996303797 -0.072603702545166 0.999894976615906
v -0.0781084001064301 -0.0665268525481224 0.9879390001297
v -0.0271636992692947 -0.0905262976884842 1.02913999557495
v -0.0137400003150105 -0.0942758992314339 1.034019947052
v -0.000476451008580625 -0.06167047098279 1.04338705539703
v 0.299347013235092 -0.409490287303925 0.395253986120224
v 0.246480897068977 -0.427413403987885 0.340136408805847
v 0.26997509598732 -0.421615213155746 0.386980205774307
v 0.253028512001038 -0.424860000610352 0.249072000384331
v 0.24561220407486 -0.439186096191406 0.229284003376961
v 0.270298004150391 -0.432411998510361 0.232309892773628
v 0.236249506473541 -0.45209801197052 0.208241507411003
v 0.218596294522285 -0.444811910390854 0.223275601863861
v 0.242081701755524 -0.426189810037613 0.282473295927048
v 0.211956605315208 -0.434051692485809 0.271822214126587
v 0.329517006874084 -0.383572399616241 0.274045586585999
v 0.329237699508667 -0.386110812425613 0.244953095912933
v 0.287546992301941 -0.434576988220215 0.211290001869202
v 0.294245213270187 -0.420206606388092 0.230770796537399
v 0.320393085479736 -0.405272305011749 0.225849494338036
v 0.291686803102493 -0.413581490516663 0.507672011852264
v 0.228819698095322 -0.45949849486351 0.602952301502228
v 0.252911388874054 -0.449904203414917 0.604130506515503
v 0.244219496846199 -0.465173006057739 0.621973991394043
v 0.278361111879349 -0.438211500644684 0.60648250579834
v 0.259445697069168 -0.434341102838516 0.584759116172791
v 0.295863598585129 -0.411332100629807 0.562059819698334
v 0.170178607106209 -0.456129312515259 0.568434774875641
v 0.202006697654724 -0.447719395160675 0.560617685317993
v 0.176595106720924 -0.468683004379272 0.611543893814087
v 0.203602403402328 -0.464675188064575 0.60597437620163
v 0.191330000758171 -0.47894299030304 0.62567549943924
v 0.213853493332863 -0.449044495820999 0.587796986103058
v 0.2686448097229 -0.424453407526016 0.454560995101929
v 0.211229100823402 -0.444209188222885 0.506846308708191
v 0.239440396428108 -0.434263586997986 0.50844007730484
v 0.290653795003891 -0.286220192909241 -0.111459597945213
v 0.267041504383087 -0.303264409303665 -0.116939596831799
v 0.261748403310776 -0.272873103618622 -0.117499597370625
v 0.238035202026367 -0.288963407278061 -0.121525302529335
v 0.271112710237503 -0.334921002388 -0.114163197577
v 0.34141480922699 -0.236373499035835 -0.0697803273797035
v 0.308745503425598 -0.211766496300697 -0.0944487676024437
v 0.189002096652985 -0.25604459643364 -0.131446704268456
v 0.144357696175575 -0.239198997616768 -0.144995704293251
v 0.122229896485806 -0.272476494312286 -0.129447996616364
v 0.145043194293976 -0.290207713842392 -0.117330797016621
v 0.189634904265404 -0.307097107172012 -0.118054702877998
v 0.211440101265907 -0.327661693096161 -0.116402000188828
v 0.208580404520035 -0.27666911482811 -0.122384898364544
v 0.22866390645504 -0.142681404948235 -0.140562206506729
v 0.202797397971153 -0.140172302722931 -0.154297798871994
v 0.199522599577904 -0.171303704380989 -0.150970697402954
v 0.123162798583508 -0.22782489657402 -0.157308503985405
v 0.147836804389954 -0.219498693943024 -0.155775502324104
v 0.173009395599365 -0.209071606397629 -0.150647193193436
v 0.148635506629944 -0.194264099001884 -0.165107294917107
v 0.31972861289978 -0.159851104021072 -0.0778034999966621
v 0.293281614780426 -0.146412000060081 -0.0977841094136238
v 0.276369601488113 -0.16780149936676 -0.114531703293324
v 0.271705895662308 -0.124785602092743 -0.113624900579453
v 0.248596593737602 -0.133359298110008 -0.129696995019913
v 0.246728897094727 -0.108654499053955 -0.128108695149422
v 0.249889701604843 -0.155844494700432 -0.127896696329117
v 0.29598081111908 -0.00508250296115875 -0.0477506890892982
v 0.273331314325333 0.0230913292616606 -0.0571806207299232
v 0.254837393760681 0.0252140592783689 -0.0755398571491241
v 0.255968898534775 0.0484292693436146 -0.0580484606325626
v 0.234679400920868 0.0295004192739725 -0.0912728235125542
v 0.250364005565643 -0.00273223593831062 -0.0952989235520363
v 0.246250495314598 -0.0796944126486778 -0.124613903462887
v 0.293285101652145 -0.0352152585983276 -0.067426823079586
v 0.285479307174683 -0.0557631999254227 -0.0839186683297157
v 0.179181396961212 -0.0687041580677032 -0.163027793169022
v 0.156748294830322 -0.0753549933433533 -0.17551089823246
v 0.161309003829956 -0.0481564290821552 -0.168939203023911
v 0.152707904577255 -0.10305780172348 -0.179264202713966
v 0.175929099321365 -0.120969101786613 -0.168440297245979
v 0.199622601270676 -0.108061201870441 -0.156915903091431
v 0.19959519803524 -0.0743301585316658 -0.153098493814468
v 0.215160101652145 0.0342697203159332 -0.106827199459076
v 0.218885406851768 0.0584946796298027 -0.0893886983394623
v 0.194187507033348 0.0351049713790417 -0.122201703488827
v 0.211886793375015 0.00945293996483088 -0.120558500289917
v 0.142580598592758 -0.0236461404711008 -0.174312099814415
v 0.166126400232315 -0.0199810396879911 -0.16127060353756
v 0.187351793050766 -0.0174610707908869 -0.146513402462006
v 0.169959604740143 0.00851149670779705 -0.150706902146339
v 0.2624391913414 -0.300947099924088 0.90197628736496
v 0.283526390790939 -0.311421990394592 0.887555181980133
v 0.279672592878342 -0.284113585948944 0.886071622371674
v 0.303671300411224 -0.315539807081223 0.873790621757507
v 0.286466091871262 -0.337514787912369 0.890559792518616
v 0.248933404684067 -0.4019935131073 0.914751887321472
v 0.238649696111679 -0.34318020939827 0.913420081138611
v 0.266212314367294 -0.378931403160095 0.908783316612244
v 0.211160406470299 -0.215405702590942 0.922860682010651
v 0.233808696269989 -0.218313604593277 0.909664213657379
v 0.239569500088692 -0.252839088439941 0.907957911491394
v 0.259866088628769 -0.273206114768982 0.900293827056885
v 0.141748204827309 -0.282597094774246 0.933019518852234
v 0.150465503334999 -0.257769614458084 0.937285602092743
v 0.159568697214127 -0.21286229789257 0.942124605178833
v 0.186200901865959 -0.214867800474167 0.932296514511108
v 0.19330270588398 -0.239292398095131 0.927874028682709
v 0.178138196468353 -0.336089700460434 0.922657012939453
v 0.178987294435501 -0.377346098423004 0.922288179397583
v 0.163050100207329 -0.361061185598373 0.922687470912933
v 0.120396196842194 -0.331699103116989 0.923067688941956
v 0.132369592785835 -0.308704912662506 0.929296910762787
v 0.160206899046898 -0.309602200984955 0.927083790302277
v 0.344914585351944 -0.196180298924446 -0.0497452281415462
v 0.355000287294388 -0.253659009933472 -0.0508172810077667
v 0.364083498716354 -0.232812494039536 -0.0252954605966806
v 0.378602296113968 -0.313698798418045 -0.00150490598753095
v 0.383581787347794 -0.325077801942825 0.0451044887304306
v 0.375891596078873 -0.265211999416351 0.012015069834888
v 0.359544396400452 -0.164243206381798 0.00421039899811149
v 0.356572300195694 -0.138399004936218 0.00905135087668896
v 0.352406710386276 -0.113796398043633 0.01174028031528
v 0.345608711242676 -0.126034200191498 -0.0190006904304028
v 0.338658213615417 -0.168885499238968 -0.0499365590512753
v 0.354791313409805 -0.177935093641281 -0.0239518899470568
v 0.383065491914749 -0.238155499100685 0.144686207175255
v 0.383792906999588 -0.237812399864197 0.178253799676895
v 0.382504612207413 -0.206284999847412 0.130309402942657
v 0.382137507200241 -0.224946394562721 0.111066401004791
v 0.371304899454117 -0.129171296954155 0.0778013318777084
v 0.375872701406479 -0.168032601475716 0.0832352414727211
v 0.377338200807571 -0.19762909412384 0.0713953077793121
v 0.382797509431839 -0.314652889966965 0.0711534097790718
v 0.381077289581299 -0.308324605226517 0.101824402809143
v 0.379663586616516 -0.297741502523422 0.129769504070282
v 0.382001489400864 -0.271177589893341 0.138108506798744
v 0.358192414045334 -0.344245105981827 0.339243292808533
v 0.345546513795853 -0.367824792861938 0.329643696546555
v 0.352923512458801 -0.354003310203552 0.305573314428329
v 0.345984011888504 -0.365589201450348 0.40494030714035
v 0.358736902475357 -0.333254992961884 0.400465607643127
v 0.354820013046265 -0.340635001659393 0.430041790008545
v 0.364658296108246 -0.311260610818863 0.400527209043503
v 0.362636595964432 -0.327036410570145 0.369798988103867
v 0.380842298269272 -0.269982695579529 0.214625000953674
v 0.378026902675629 -0.291061788797379 0.216811895370483
v 0.37330961227417 -0.313555598258972 0.212731197476387
v 0.374670296907425 -0.300642311573029 0.244125500321388
v 0.365900486707687 -0.330246388912201 0.276935696601868
v 0.351638585329056 -0.358811587095261 0.279035598039627
v 0.359462887048721 -0.344870209693909 0.248599201440811
v 0.38227590918541 -0.243841201066971 0.277436792850494
v 0.383514910936356 -0.222496598958969 0.278306692838669
v 0.381414413452148 -0.230085104703903 0.31040820479393
v 0.384508907794952 -0.201407000422478 0.279282599687576
v 0.385452002286911 -0.213875100016594 0.246461406350136
v 0.384865313768387 -0.224384501576424 0.217882603406906
v 0.383607596158981 -0.244872704148293 0.210333198308945
v 0.382031291723251 -0.256660312414169 0.244192093610764
v 0.367358088493347 -0.290147393941879 0.401500910520554
v 0.363988310098648 -0.29436919093132 0.431357085704803
v 0.370158910751343 -0.268646389245987 0.402653813362122
v 0.370979607105255 -0.285391598939896 0.37115478515625
v 0.379414588212967 -0.214723095297813 0.342856109142303
v 0.378170311450958 -0.23648589849472 0.341993600130081
v 0.376912087202072 -0.25823301076889 0.341141998767853
v 0.37501248717308 -0.242025107145309 0.373118489980698
v 0.372158110141754 -0.135648906230927 0.407259613275528
v 0.369796097278595 -0.113120801746845 0.406919807195663
v 0.366630285978317 -0.11916060000658 0.439393997192383
v 0.367814511060715 -0.0899512395262718 0.399267494678497
v 0.372817993164062 -0.109874397516251 0.376078307628632
v 0.370651811361313 -0.0610070303082466 0.319702088832855
v 0.367621392011642 -0.0640174970030785 0.349902510643005
v 0.374037206172943 -0.0843954682350159 0.338130295276642
v 0.364599704742432 -0.066540353000164 0.380039691925049
v 0.361780196428299 -0.042298961430788 0.355322897434235
v 0.380369991064072 -0.171387195587158 0.34451499581337
v 0.379881411790848 -0.1929751932621 0.343649089336395
v 0.383154213428497 -0.187405794858932 0.312124997377396
v 0.376727193593979 -0.1977569013834 0.374822586774826
v 0.373670905828476 -0.179238006472588 0.40617099404335
v 0.373040497303009 -0.157367303967476 0.406292796134949
v 0.369681090116501 -0.160014003515244 0.435575604438782
v 0.376281410455704 -0.153819397091866 0.376368403434753
v 0.386976689100266 -0.146875694394112 0.219177603721619
v 0.386076688766479 -0.122346296906471 0.220158398151398
v 0.386635512113571 -0.133151695132256 0.25098991394043
v 0.385003387928009 -0.180619493126869 0.280561804771423
v 0.385477691888809 -0.160292997956276 0.281623989343643
v 0.386684507131577 -0.172952607274055 0.253357797861099
v 0.374647110700607 -0.0532970316708088 0.25923490524292
v 0.372767597436905 -0.0574955902993679 0.289491385221481
v 0.378820389509201 -0.0768778696656227 0.277139514684677
v 0.366705298423767 -0.0360842011868954 0.295961707830429
v 0.383660703897476 -0.094873882830143 0.224805399775505
v 0.382654398679733 -0.092479519546032 0.257108092308044
v 0.380214005708694 -0.0678900927305222 0.215226098895073
v 0.382591009140015 -0.082892432808876 0.193953305482864
v 0.351150900125504 -0.0136175900697708 0.0723422318696976
v 0.339603990316391 0.0115127097815275 0.0637299418449402
v 0.329550713300705 0.00178025395143777 0.0197252593934536
v 0.349743902683258 -0.0280968900769949 0.050105269998312
v 0.332442402839661 -0.037213210016489 -0.00493435002863407
v 0.380995810031891 -0.0880535021424294 0.161888405680656
v 0.375799208879471 -0.0604351684451103 0.150356695055962
v 0.361520797014236 -0.0280056204646826 0.103193700313568
v 0.368111997842789 -0.0331165604293346 0.136176198720932
v 0.356504410505295 -0.00409944681450725 0.119603499770164
v 0.341702193021774 -0.376045793294907 0.769093096256256
v 0.340254813432693 -0.418329894542694 0.807252287864685
v 0.336016803979874 -0.373845398426056 0.822575807571411
v 0.316671311855316 -0.318966507911682 0.851469814777374
v 0.312544286251068 -0.293152213096619 0.849360883235931
v 0.328850507736206 -0.322232604026794 0.827713310718536
v 0.320897102355957 -0.345447808504105 0.852779984474182
v 0.339974910020828 -0.332749485969543 0.71622908115387
v 0.340457707643509 -0.335534900426865 0.68613201379776
v 0.341235011816025 -0.312263786792755 0.687968075275421
v 0.338223606348038 -0.337663412094116 0.655681371688843
v 0.336658596992493 -0.360233187675476 0.681829810142517
v 0.336937993764877 -0.383727610111237 0.704985916614532
v 0.340747594833374 -0.400739789009094 0.751457691192627
v 0.340018600225449 -0.353529691696167 0.743474304676056
v 0.329092293977737 -0.232586607336998 0.772682070732117
v 0.334942609071732 -0.241434201598167 0.746624171733856
v 0.33404329419136 -0.214399799704552 0.746106803417206
v 0.33915439248085 -0.246065095067024 0.719314813613892
v 0.335570603609085 -0.264034986495972 0.746572911739349
v 0.343225508928299 -0.292535901069641 0.660124480724335
v 0.342625588178635 -0.29032701253891 0.689226090908051
v 0.340150713920593 -0.287869811058044 0.71810507774353
v 0.342097014188766 -0.269101411104202 0.690235197544098
v 0.307221800088882 -0.265331298112869 0.847505986690521
v 0.315276801586151 -0.242566093802452 0.823605000972748
v 0.32375580072403 -0.250840991735458 0.798933923244476
v 0.320535093545914 -0.224004298448563 0.797577917575836
v 0.297061502933502 -0.127200692892075 0.841171503067017
v 0.296045690774918 -0.0977497771382332 0.841269910335541
v 0.317335486412048 -0.0863839089870453 0.796884179115295
v 0.306989312171936 -0.0764274671673775 0.818971812725067
v 0.313862890005112 -0.0574277602136135 0.795605182647705
v 0.328449308872223 -0.20528869330883 0.772085011005402
v 0.320034712553024 -0.197944298386574 0.797564029693604
v 0.310718387365341 -0.187550202012062 0.821097493171692
v 0.319611608982086 -0.169688194990158 0.797089278697968
v 0.285969406366348 -0.153280302882195 0.860228419303894
v 0.299812585115433 -0.150734692811966 0.838176012039185
v 0.310565114021301 -0.159801200032234 0.820078015327454
v 0.297976106405258 -0.174234598875046 0.84162712097168
v 0.341493010520935 -0.162914797663689 0.721574604511261
v 0.345808506011963 -0.163423106074333 0.694785892963409
v 0.346621602773666 -0.141813799738884 0.695887684822083
v 0.349975496530533 -0.16410319507122 0.667647480964661
v 0.344764411449432 -0.184819102287292 0.693859219551086
v 0.339876800775528 -0.201808303594589 0.720115780830383
v 0.334992796182632 -0.185809001326561 0.744625926017761
v 0.33817121386528 -0.0763016268610954 0.724198818206787
v 0.33145660161972 -0.0751150995492935 0.749334275722504
v 0.334690093994141 -0.0976323187351227 0.749112904071808
v 0.3275386095047 -0.0520329102873802 0.749063372612
v 0.350436687469482 -0.119948297739029 0.669612884521484
v 0.346084296703339 -0.119908399879932 0.696648180484772
v 0.341865986585617 -0.119488097727299 0.723107814788818
v 0.3455451130867 -0.0979207083582878 0.697462677955627
v 0.355528295040131 -0.0730397179722786 0.501103520393372
v 0.354247212409973 -0.0735881328582764 0.530688881874084
v 0.358849614858627 -0.0960698425769806 0.529100477695465
v 0.353434503078461 -0.0741620436310768 0.559601485729218
v 0.350099086761475 -0.0515044294297695 0.532108187675476
v 0.36242151260376 -0.122460402548313 0.501383781433105
v 0.363794088363647 -0.118469297885895 0.473932594060898
v 0.362651109695435 -0.0959672033786774 0.460023701190948
v 0.367232114076614 -0.139789506793022 0.458542913198471
v 0.355718612670898 -0.119708701968193 0.614189982414246
v 0.352881789207458 -0.119879297912121 0.642045497894287
v 0.353837788105011 -0.142177894711494 0.641068518161774
v 0.352258086204529 -0.0974983125925064 0.643100321292877
v 0.350955814123154 -0.0750460997223854 0.616270303726196
v 0.352012485265732 -0.074704110622406 0.588101923465729
v 0.348184913396835 -0.0524123683571815 0.58928507566452
v 0.356159210205078 -0.0968560129404068 0.587039709091187
v 0.358869314193726 -0.210116699337959 0.552693486213684
v 0.35609170794487 -0.209704995155334 0.581150114536285
v 0.354873210191727 -0.232007294893265 0.579686522483826
v 0.353640109300613 -0.209272995591164 0.609422385692596
v 0.357597798109055 -0.187446996569633 0.582720816135406
v 0.352804511785507 -0.164435103535652 0.639915227890015
v 0.355930387973785 -0.164674803614616 0.611961185932159
v 0.35202619433403 -0.186606302857399 0.638767421245575
v 0.36744299530983 -0.185968905687332 0.466462910175323
v 0.367363691329956 -0.162534400820732 0.465637505054474
v 0.364471286535263 -0.168622806668282 0.498234510421753
v 0.363638907670975 -0.217548802495003 0.494516998529434
v 0.361116498708725 -0.211506798863411 0.523831188678741
v 0.360238313674927 -0.234235495328903 0.522513389587402
v 0.362325608730316 -0.188535898923874 0.525479078292847
v 0.354434192180634 -0.328793287277222 0.467590093612671
v 0.349663496017456 -0.349714010953903 0.457661986351013
v 0.346878796815872 -0.348170906305313 0.489394694566727
v 0.334921091794968 -0.370415687561035 0.512371420860291
v 0.356216609477997 -0.254940390586853 0.549679219722748
v 0.358801513910294 -0.256700992584229 0.521000921726227
v 0.361242413520813 -0.262937188148499 0.491856604814529
v 0.357330113649368 -0.2794548869133 0.519267380237579
v 0.363277494907379 -0.277052402496338 0.461923390626907
v 0.360124289989471 -0.301627486944199 0.460711985826492
v 0.347234398126602 -0.296202600002289 0.602810919284821
v 0.345710813999176 -0.29458948969841 0.631380498409271
v 0.343246012926102 -0.316477090120316 0.629341125488281
v 0.347095489501953 -0.27304619550705 0.633067429065704
v 0.350862205028534 -0.253019601106644 0.606373429298401
v 0.353591114282608 -0.254040092229843 0.578081488609314
v 0.352205395698547 -0.275928109884262 0.576371192932129
v 0.319788306951523 -0.38880980014801 0.599908471107483
v 0.326293110847473 -0.378994703292847 0.569585204124451
v 0.339634507894516 -0.350174009799957 0.565550029277802
v 0.339774489402771 -0.33905690908432 0.625655770301819
v 0.339910894632339 -0.339729696512222 0.596786677837372
v 0.335048198699951 -0.359608501195908 0.617058515548706
v 0.255923807621002 0.204829797148705 0.141205698251724
v 0.260720789432526 0.201252996921539 0.168795794248581
v 0.273582696914673 0.179132297635078 0.181584194302559
v 0.263186305761337 0.197867304086685 0.194280296564102
v 0.251117289066315 0.218585699796677 0.189171999692917
v 0.188280701637268 0.28725078701973 0.178550496697426
v 0.160138800740242 0.302472412586212 0.179547905921936
v 0.217188596725464 0.253532409667969 0.129022493958473
v 0.211688101291656 0.258433192968369 0.2597875893116
v 0.193856298923492 0.272043704986572 0.274397104978561
v 0.229679003357887 0.234939396381378 0.26486548781395
v 0.18549020588398 0.286813706159592 0.230215296149254
v 0.159546703100204 0.300871312618256 0.23247879743576
v 0.207526504993439 0.268916606903076 0.231097996234894
v 0.273708194494247 0.17661389708519 0.208078697323799
v 0.262427091598511 0.192835792899132 0.231547400355339
v 0.256358295679092 0.206716492772102 0.215244397521019
v 0.232558906078339 0.221794992685318 0.289084911346436
v 0.243675097823143 0.22243620455265 0.239508599042892
v 0.24674579501152 0.21036559343338 0.263044804334641
v 0.243388697504997 0.156430795788765 0.399184107780457
v 0.257684111595154 0.136917501688004 0.396580785512924
v 0.256922394037247 0.147618398070335 0.3729208111763
v 0.271134406328201 0.118712402880192 0.397704094648361
v 0.229892402887344 0.16087019443512 0.426469713449478
v 0.239105701446533 0.143940597772598 0.449423313140869
v 0.219266906380653 0.163838192820549 0.453237593173981
v 0.217123597860336 0.230446696281433 0.315430492162704
v 0.232780799269676 0.21025550365448 0.311456590890884
v 0.247347101569176 0.19154879450798 0.307782709598541
v 0.232736393809319 0.200404405593872 0.333809405565262
v 0.271487802267075 0.134537100791931 0.351836413145065
v 0.253325194120407 0.162775605916977 0.349020212888718
v 0.260473608970642 0.167284697294235 0.312379091978073
v 0.178962901234627 0.240906298160553 0.367163807153702
v 0.156774401664734 0.257993191480637 0.3648481965065
v 0.178898304700851 0.25320690870285 0.344945013523102
v 0.196753799915314 0.250220686197281 0.320115506649017
v 0.200160399079323 0.235769003629684 0.341919809579849
v 0.178947702050209 0.198222607374191 0.455116301774979
v 0.196879804134369 0.182643607258797 0.455804198980331
v 0.160869494080544 0.227709993720055 0.415221512317657
v 0.184961706399918 0.212893396615982 0.412137299776077
v 0.168931305408478 0.211450695991516 0.436698406934738
v 0.217170804738998 0.109248600900173 0.781698286533356
v 0.18865479528904 0.107225202023983 0.827874898910522
v 0.206886202096939 0.141973197460175 0.712235927581787
v 0.23077879846096 0.120485402643681 0.707897484302521
v 0.241315394639969 0.103907100856304 0.730068922042847
v 0.229003399610519 0.107799202203751 0.755678176879883
v 0.250549793243408 0.0849558636546135 0.752560496330261
v 0.153218597173691 0.162290200591087 0.770030617713928
v 0.179657906293869 0.162044495344162 0.71748811006546
v 0.170440003275871 0.104342401027679 0.849029183387756
v 0.151329606771469 0.138078704476357 0.820301175117493
v 0.212053701281548 0.153925701975822 0.53182578086853
v 0.220741093158722 0.150368094444275 0.50309157371521
v 0.19753509759903 0.169754400849342 0.505961298942566
v 0.244321599602699 0.127319693565369 0.499063193798065
v 0.257602393627167 0.109242402017117 0.522873401641846
v 0.248505994677544 0.117556899785995 0.55045610666275
v 0.2638238966465 0.100891001522541 0.547786474227905
v 0.245191693305969 0.119273498654366 0.577699780464172
v 0.230701193213463 0.135705307126045 0.553902685642242
v 0.159346401691437 0.188549593091011 0.563016891479492
v 0.189225107431412 0.171972200274467 0.530016481876373
v 0.173384502530098 0.186705499887466 0.509231209754944
v 0.157590195536613 0.186921805143356 0.615822672843933
v 0.258951485157013 0.103287696838379 0.602153480052948
v 0.235587000846863 0.126536592841148 0.632489323616028
v 0.240630105137825 0.122688300907612 0.60519552230835
v 0.206107392907143 0.150659799575806 0.663209021091461
v 0.21420119702816 0.14604489505291 0.636986076831818
v 0.228622198104858 0.131101801991463 0.659176588058472
v 0.355829685926437 -0.0178344398736954 0.330113798379898
v 0.353155612945557 -0.0208361092954874 0.359215199947357
v 0.350486189126968 -0.0234232805669308 0.388311386108398
v 0.344417214393616 0.00102946104016155 0.363285094499588
v 0.327317208051682 0.0139347203075886 0.451912105083466
v 0.329327911138535 0.0163024291396141 0.423701196908951
v 0.318764686584473 0.0366947203874588 0.427149891853333
v 0.331218808889389 0.0189273301512003 0.39553639292717
v 0.339816898107529 -0.00413449387997389 0.420492708683014
v 0.338607788085938 0.0346993990242481 0.285275608301163
v 0.339164286851883 0.0396215096116066 0.258461087942123
v 0.327150195837021 0.0627700984477997 0.266382306814194
v 0.338996887207031 0.0448221489787102 0.231858104467392
v 0.350469589233398 0.0167190507054329 0.250712394714355
v 0.359606713056564 -0.0103606702759862 0.272268205881119
v 0.35784250497818 -0.0143837500363588 0.301159292459488
v 0.348577886819839 0.00798889342695475 0.306604295969009
v 0.286511093378067 0.123076200485229 0.315198093652725
v 0.285842597484589 0.116347603499889 0.339376598596573
v 0.299424588680267 0.0959062427282333 0.331530898809433
v 0.284494996070862 0.109326601028442 0.36378538608551
v 0.314196705818176 0.0916469171643257 0.249710902571678
v 0.31430059671402 0.08587546646595 0.274496585130692
v 0.313570708036423 0.0799533203244209 0.299469590187073
v 0.300851792097092 0.10846920311451 0.282544314861298
v 0.307895690202713 0.0596072189509869 0.403720796108246
v 0.30661478638649 0.0561417788267136 0.430774092674255
v 0.304839998483658 0.0529303401708603 0.457975506782532
v 0.294320195913315 0.0750772729516029 0.434867799282074
v 0.283622592687607 0.103287398815155 0.388837486505508
v 0.296999305486679 0.0843391269445419 0.382292300462723
v 0.280656397342682 0.0988337621092796 0.416071891784668
v 0.310241013765335 0.00722058117389679 0.72477650642395
v 0.313908606767654 0.00817420054227114 0.699787020683289
v 0.303441107273102 0.0283598992973566 0.70051497220993
v 0.317562788724899 0.00929272081702948 0.674108684062958
v 0.324181288480759 -0.0118856197223067 0.699462115764618
v 0.327650010585785 -0.0334534794092178 0.724466979503632
v 0.321512311697006 -0.0321097187697887 0.746178209781647
v 0.316814810037613 -0.0366889983415604 0.7699254155159
v 0.314480394124985 -0.0138027798384428 0.748681485652924
v 0.260771900415421 0.0817364901304245 0.727477371692657
v 0.269726306200027 0.0623729005455971 0.74876457452774
v 0.294294387102127 0.0487691983580589 0.676179587841034
v 0.289227187633514 0.0490355491638184 0.704011619091034
v 0.271573901176453 0.0741592571139336 0.703328609466553
v 0.260362803936005 0.0630294606089592 0.775276482105255
v 0.307923585176468 -0.0343082696199417 0.791006803512573
v 0.299170792102814 -0.0142147103324533 0.794240176677704
v 0.287853896617889 -0.0113630201667547 0.817090570926666
v 0.273312091827393 -0.0103360200300813 0.83969521522522
v 0.200462803244591 0.144742906093597 -0.050308458507061
v 0.199695900082588 0.127076804637909 -0.0653455331921577
v 0.216668501496315 0.148117706179619 -0.0238567292690277
v 0.203756794333458 0.0867633819580078 -0.0854032412171364
v 0.224140197038651 0.0817761272192001 -0.0688998624682426
v 0.240836098790169 0.0721803978085518 -0.0565277710556984
v 0.221172407269478 0.124542497098446 -0.0385379008948803
v 0.228963702917099 0.217374995350838 0.0808741077780724
v 0.216766804456711 0.192835003137589 0.0229335799813271
v 0.266888797283173 0.145031094551086 0.0553514882922173
v 0.280179709196091 0.120370402932167 0.050971258431673
v 0.28339821100235 0.138914793729782 0.0903213620185852
v 0.243823900818825 0.202158004045486 0.0913479775190353
v 0.25579309463501 0.0711788535118103 -0.0408229790627956
v 0.272676706314087 0.0659868270158768 -0.0228783898055553
v 0.254955291748047 0.0936378464102745 -0.021870469674468
v 0.268448889255524 0.111030697822571 0.0161241292953491
v 0.282128095626831 0.102746397256851 0.0314480401575565
v 0.284726202487946 0.0813395529985428 0.0121846403926611
v 0.294195711612701 0.0951415076851845 0.0487317591905594
v 0.298672199249268 0.0492286086082458 0.623288512229919
v 0.296582996845245 0.0488930083811283 0.649889588356018
v 0.309160888195038 0.0298896003514528 0.648708879947662
v 0.283673912286758 0.0681262984871864 0.651571094989777
v 0.271712690591812 0.0860094726085663 0.626849889755249
v 0.273752391338348 0.0851581767201424 0.599847376346588
v 0.275290697813034 0.0848085284233093 0.572731077671051
v 0.287642806768417 0.0677442625164986 0.597923576831818
v 0.341672211885452 -0.0307875797152519 0.562201082706451
v 0.340624094009399 -0.0312447194010019 0.590470373630524
v 0.339617103338242 -0.0315191000699997 0.618375778198242
v 0.333110600709915 -0.00996640231460333 0.59177041053772
v 0.319606006145477 0.00967670138925314 0.647650718688965
v 0.321615904569626 0.0101285297423601 0.620646774768829
v 0.33000260591507 -0.0105386301875114 0.646740674972534
v 0.325266987085342 0.0114193297922611 0.508724391460419
v 0.326369106769562 0.0125489197671413 0.480334311723709
v 0.316118389368057 0.0324866697192192 0.482885003089905
v 0.336573392152786 -0.00742723280563951 0.477958500385284
v 0.343170285224915 -0.0295937694609165 0.504769921302795
v 0.342392086982727 -0.0303052607923746 0.533608913421631
v 0.334829688072205 -0.00918196979910135 0.535276770591736
v 0.277068912982941 0.0843025371432304 0.546425104141235
v 0.276910603046417 0.0860362574458122 0.519159615039825
v 0.29006689786911 0.0678273886442184 0.543236911296844
v 0.304124712944031 0.0512415990233421 0.48557710647583
v 0.302948504686356 0.0498956218361855 0.513276398181915
v 0.292035698890686 0.0697226002812386 0.488351792097092
v 0.343026787042618 0.0243443697690964 0.104998998343945
v 0.349156886339188 0.0173490606248379 0.131634503602982
v 0.354333192110062 0.0109735699370503 0.158833503723145
v 0.340840101242065 0.0392285287380219 0.143093600869179
v 0.337568789720535 0.0502663888037205 0.205789104104042
v 0.325948894023895 0.073538638651371 0.215798497200012
v 0.335102111101151 0.0560006387531757 0.180084705352783
v 0.348257005214691 0.0271812807768583 0.195920497179031
v 0.314426809549332 0.0779740810394287 0.0866869017481804
v 0.304892987012863 0.0873452126979828 0.0684265866875648
v 0.309459805488586 0.0664850473403931 0.0496832691133022
v 0.325569987297058 0.0385763086378574 0.0551103912293911
v 0.334784597158432 0.0313405208289623 0.0796362012624741
v 0.32809129357338 0.0522411912679672 0.0938372910022736
v 0.283768206834793 0.158995002508163 0.16567400097847
v 0.279606997966766 0.162267595529556 0.135584697127342
v 0.293099910020828 0.138782203197479 0.149038806557655
v 0.297583401203156 0.119684301316738 0.107160001993179
v 0.313758999109268 0.0993167832493782 0.203397199511528
v 0.313800603151321 0.0971199497580528 0.225495800375938
v 0.300540506839752 0.120970897376537 0.233949795365334
v 0.289642602205276 0.144911706447601 0.218466699123383
v 0.287400990724564 0.151985496282578 0.195216596126556
v 0.161241501569748 0.157174497842789 -0.13188299536705
v 0.173869594931602 0.183314099907875 -0.074077196419239
v 0.181144192814827 0.152639806270599 -0.0752548202872276
v 0.193380206823349 0.240702092647552 -0.141574501991272
v 0.181594997644424 0.226978600025177 -0.127531707286835
v 0.184218898415565 0.21264910697937 -0.155875697731972
v 0.169703096151352 0.189504995942116 -0.164331302046776
v 0.158048003911972 0.164842694997787 -0.158104196190834
v 0.158584296703339 0.278905004262924 -0.0114317201077938
v 0.183070197701454 0.265956699848175 -0.0873773917555809
v 0.172786399722099 0.254591405391693 -0.06875179708004
v 0.170940697193146 0.237146601080894 -0.0431731007993221
v 0.17780689895153 0.226207792758942 -0.020565290004015
v 0.169023305177689 0.262024104595184 0.0144614400342107
v 0.264888107776642 0.24762649834156 -0.2701396048069
v 0.252129703760147 0.223083704710007 -0.2840755879879
v 0.228147894144058 0.230541095137596 -0.226117700338364
v 0.224609702825546 0.270100593566895 -0.161652103066444
v 0.207921296358109 0.25418558716774 -0.15238319337368
v 0.203710600733757 0.268126606941223 -0.12332060188055
v 0.286186695098877 0.320909112691879 -0.224462300539017
v 0.294736802577972 0.342118412256241 -0.232996299862862
v 0.2865070104599 0.366511195898056 -0.191477596759796
v 0.304455608129501 0.363342791795731 -0.247391507029533
v 0.304916799068451 0.325144112110138 -0.276170313358307
v 0.299427509307861 0.278957098722458 -0.307019799947739
v 0.289254903793335 0.252092987298965 -0.319133907556534
v 0.228962197899818 0.382463902235031 -0.0668815523386002
v 0.240868493914604 0.356688499450684 -0.101343899965286
v 0.213465496897697 0.360462188720703 -0.0593024604022503
v 0.279575914144516 0.398173391819 -0.157578200101852
v 0.27110680937767 0.380262911319733 -0.145687103271484
v 0.265189409255981 0.354829609394073 -0.147548198699951
v 0.25783309340477 0.399861097335815 -0.10550619661808
v 0.210188493132591 0.296033501625061 -0.107372298836708
v 0.194590300321579 0.282680094242096 -0.0945666208863258
v 0.197506695985794 0.339872390031815 -0.053165640681982
v 0.179269701242447 0.318442910909653 -0.044895239174366
v 0.239820897579193 0.170720607042313 -0.359769612550735
v 0.216731503605843 0.161052197217941 -0.346742987632751
v 0.218615904450417 0.15106900036335 -0.373346000909805
v 0.194106593728065 0.149872496724129 -0.33695051074028
v 0.255473703145981 0.209740906953812 -0.315128892660141
v 0.276597708463669 0.222981199622154 -0.333068400621414
v 0.259076505899429 0.195556595921516 -0.346961110830307
v 0.25561648607254 0.154814496636391 -0.483960688114166
v 0.232752904295921 0.140909597277641 -0.473680198192596
v 0.252010196447372 0.152526006102562 -0.458128094673157
v 0.19910840690136 0.136724904179573 -0.384564489126205
v 0.216133296489716 0.142560094594955 -0.398507505655289
v 0.237057998776436 0.149930506944656 -0.414004892110825
v 0.299214988946915 0.197419300675392 -0.483925402164459
v 0.307772189378738 0.213367104530334 -0.50424599647522
v 0.315932393074036 0.22531870007515 -0.479097813367844
v 0.315374314785004 0.229674801230431 -0.52326899766922
v 0.298402398824692 0.202034205198288 -0.52625697851181
v 0.27543118596077 0.178748592734337 -0.527049124240875
v 0.264954298734665 0.165600806474686 -0.506412923336029
v 0.250634908676147 0.160324692726135 -0.528471887111664
v 0.27861699461937 0.173777297139168 -0.486533999443054
v 0.29520508646965 0.242696300148964 -0.350016802549362
v 0.306421011686325 0.243778496980667 -0.378783911466599
v 0.297015696763992 0.219497993588448 -0.395629793405533
v 0.327368587255478 0.254863888025284 -0.471987903118134
v 0.318632185459137 0.238600701093674 -0.451693505048752
v 0.308040589094162 0.223013699054718 -0.426467210054398
v 0.320082813501358 0.249284893274307 -0.427843809127808
v 0.329657912254333 0.299046188592911 -0.506892502307892
v 0.329011410474777 0.274647086858749 -0.49029278755188
v 0.326015800237656 0.261839985847473 -0.516855478286743
v 0.331570714712143 0.28472051024437 -0.462318003177643
v 0.329199403524399 0.339498311281204 -0.440194010734558
v 0.324544191360474 0.36481249332428 -0.428208887577057
v 0.316451489925385 0.381060898303986 -0.477439194917679
v 0.32714769244194 0.327273398637772 -0.498792707920074
v 0.281388610601425 0.268209487199783 -0.609311819076538
v 0.288121312856674 0.248791992664337 -0.596244394779205
v 0.297570794820786 0.288422912359238 -0.598980128765106
v 0.316654801368713 0.249532699584961 -0.540542185306549
v 0.317167401313782 0.269374012947083 -0.557072818279266
v 0.307043105363846 0.238155901432037 -0.56195330619812
v 0.272396504878998 0.372554689645767 -0.591528475284576
v 0.263331800699234 0.358489602804184 -0.607663691043854
v 0.265506386756897 0.337250411510468 -0.620475590229034
v 0.284311592578888 0.34766361117363 -0.596554398536682
v 0.262806713581085 0.308965712785721 -0.628258883953094
v 0.308309108018875 0.396558493375778 -0.492722690105438
v 0.300175398588181 0.402705609798431 -0.513915598392487
v 0.302561610937119 0.378505289554596 -0.536082804203033
v 0.270198285579681 0.413164794445038 -0.55825537443161
v 0.270940005779266 0.39131098985672 -0.5741907954216
v 0.252464890480042 0.410982102155685 -0.581351697444916
v 0.292920708656311 0.368585586547852 -0.567965984344482
v 0.290923893451691 -0.71223521232605 0.00678288890048862
v 0.313711285591125 -0.691596686840057 -0.0031110430136323
v 0.307836592197418 -0.700389623641968 0.0439557284116745
v 0.33753889799118 -0.666930079460144 -0.0117435697466135
v 0.313981592655182 -0.683047711849213 -0.0310838092118502
v 0.25226229429245 -0.689774513244629 -0.0691843777894974
v 0.268002688884735 -0.701458275318146 -0.0466965399682522
v 0.280347794294357 -0.682894110679626 -0.0654456168413162
v 0.263536512851715 -0.671830475330353 -0.0875418484210968
v 0.232993498444557 -0.703951179981232 0.12568099796772
v 0.248496398329735 -0.687414884567261 0.144035592675209
v 0.281045794487 -0.690287292003632 0.119614399969578
v 0.291159212589264 -0.708305180072784 0.066704697906971
v 0.306323289871216 -0.690799117088318 0.0882052928209305
v 0.151861593127251 -0.70351380109787 0.0472254492342472
v 0.154133796691895 -0.700588285923004 0.0747439488768578
v 0.205465495586395 -0.68986701965332 0.141587004065514
v 0.20472939312458 -0.704423010349274 0.117074303328991
v 0.20028629899025 -0.718868613243103 0.0915209427475929
v 0.182090699672699 -0.702681481838226 0.110325701534748
v 0.207979097962379 -0.69546902179718 -0.0582539588212967
v 0.209632098674774 -0.673059821128845 -0.0862585231661797
v 0.188568204641342 -0.684753894805908 -0.0648249164223671
v 0.188961699604988 -0.713497400283813 -0.0233065392822027
v 0.174293801188469 -0.717289388179779 0.00327016203664243
v 0.151268795132637 -0.697742402553558 0.00081912858877331
v 0.132415995001793 -0.6824089884758 -0.00171481398865581
v 0.222664996981621 -0.710760414600372 0.857875823974609
v 0.218596398830414 -0.69878077507019 0.875607311725616
v 0.195125997066498 -0.709789514541626 0.868022084236145
v 0.224630400538445 -0.681325316429138 0.894430816173553
v 0.240636304020882 -0.693624377250671 0.872054219245911
v 0.249397397041321 -0.715990424156189 0.821443319320679
v 0.270583897829056 -0.70096892118454 0.811939120292664
v 0.268347889184952 -0.695744693279266 0.838990688323975
v 0.29181370139122 -0.685897827148438 0.800248503684998
v 0.274982094764709 -0.703072786331177 0.787302613258362
v 0.148010700941086 -0.718734383583069 0.823257386684418
v 0.1282949000597 -0.704429984092712 0.822234988212585
v 0.128094404935837 -0.711510479450226 0.797875821590424
v 0.10884740203619 -0.68633770942688 0.822459876537323
v 0.128134697675705 -0.696265518665314 0.84513932466507
v 0.174429804086685 -0.674266517162323 0.898648619651794
v 0.173592001199722 -0.697292327880859 0.876315712928772
v 0.16908310353756 -0.716232299804688 0.851578772068024
v 0.14920200407505 -0.698806822299957 0.863970100879669
v 0.203926295042038 -0.712379217147827 0.710115015506744
v 0.17690509557724 -0.711708128452301 0.71649181842804
v 0.148544996976852 -0.706384420394897 0.726781725883484
v 0.175237506628036 -0.724903404712677 0.741238296031952
v 0.115509696304798 -0.697247624397278 0.76908540725708
v 0.134034901857376 -0.712331771850586 0.774880588054657
v 0.152337297797203 -0.724533200263977 0.770573079586029
v 0.135112002491951 -0.708904385566711 0.752161204814911
v 0.267901599407196 -0.703163027763367 0.765010178089142
v 0.288947612047195 -0.68848729133606 0.772222220897675
v 0.26456680893898 -0.700488805770874 0.739706873893738
v 0.244443103671074 -0.719921112060547 0.756831586360931
v 0.23172490298748 -0.704537808895111 0.711226880550385
v 0.223833203315735 -0.720489084720612 0.733239114284515
v 0.21830989420414 -0.693357229232788 0.688175678253174
v 0.339319109916687 -0.451294511556625 0.750220775604248
v 0.333513408899307 -0.463663101196289 0.72235232591629
v 0.30998021364212 -0.568361699581146 0.704563498497009
v 0.327835500240326 -0.528794288635254 0.727647602558136
v 0.323866486549377 -0.484314888715744 0.704881191253662
v 0.332949787378311 -0.524285614490509 0.843255281448364
v 0.321698814630508 -0.504100978374481 0.868539094924927
v 0.31140810251236 -0.503828227519989 0.888916909694672
v 0.325093507766724 -0.472024112939835 0.864502191543579
v 0.337259411811829 -0.429298400878906 0.835464775562286
v 0.340393900871277 -0.448868900537491 0.809227228164673
v 0.339720398187637 -0.491765588521957 0.804757475852966
v 0.312150895595551 -0.648186206817627 0.78544670343399
v 0.302606701850891 -0.660329282283783 0.809463679790497
v 0.302547186613083 -0.652269184589386 0.835833370685577
v 0.317408114671707 -0.629571378231049 0.814756214618683
v 0.304477512836456 -0.576457321643829 0.885378420352936
v 0.312364310026169 -0.596405684947968 0.859987676143646
v 0.322450190782547 -0.599209189414978 0.832122623920441
v 0.302805304527283 -0.62130469083786 0.866586625576019
v 0.315094590187073 -0.607070982456207 0.736406683921814
v 0.301716387271881 -0.609733581542969 0.710766077041626
v 0.295294404029846 -0.590375781059265 0.68980461359024
v 0.29313451051712 -0.632224321365356 0.708152413368225
v 0.29971769452095 -0.663243174552917 0.763441920280457
v 0.313006192445755 -0.633615076541901 0.756789088249207
v 0.296851694583893 -0.657674014568329 0.738248586654663
v 0.0690414607524872 -0.512581825256348 0.826703071594238
v 0.0649717822670937 -0.476931512355804 0.823836088180542
v 0.0625718608498573 -0.487228214740753 0.79475200176239
v 0.0615358985960484 -0.444933086633682 0.824854671955109
v 0.0671857073903084 -0.466026306152344 0.851092576980591
v 0.0831026136875153 -0.487480491399765 0.873801112174988
v 0.0841279029846191 -0.51586788892746 0.87164580821991
v 0.0742562934756279 -0.533780872821808 0.85204017162323
v 0.0982362031936646 -0.543565392494202 0.700617015361786
v 0.0949209406971931 -0.563573777675629 0.71176141500473
v 0.0823494419455528 -0.562919020652771 0.734631597995758
v 0.104396402835846 -0.591650426387787 0.702359020709991
v 0.111480198800564 -0.564285278320312 0.685140490531921
v 0.063462533056736 -0.463878393173218 0.768003821372986
v 0.0679180398583412 -0.495295792818069 0.764306485652924
v 0.0759424567222595 -0.536023080348969 0.747145414352417
v 0.0741996392607689 -0.50400710105896 0.734843373298645
v 0.0884125605225563 -0.643993198871613 0.772133588790894
v 0.101061098277569 -0.672591507434845 0.771987915039062
v 0.0949370414018631 -0.668866693973541 0.79784882068634
v 0.107220701873302 -0.676411688327789 0.749988794326782
v 0.115117803215981 -0.623253583908081 0.697467088699341
v 0.0987001210451126 -0.611527919769287 0.721752524375916
v 0.0902049392461777 -0.626269280910492 0.743542075157166
v 0.105207197368145 -0.640092611312866 0.723159790039062
v 0.0967906787991524 -0.599267899990082 0.872056901454926
v 0.0996188819408417 -0.625793218612671 0.866603672504425
v 0.0840340331196785 -0.60469651222229 0.848424911499023
v 0.107337802648544 -0.65473872423172 0.857746720314026
v 0.25547730922699 -0.548567116260529 0.647606790065765
v 0.278828591108322 -0.539331376552582 0.660689771175385
v 0.275112897157669 -0.572041392326355 0.665793418884277
v 0.282242000102997 -0.507000803947449 0.655906617641449
v 0.271769791841507 -0.477996200323105 0.635380685329437
v 0.239533305168152 -0.494071185588837 0.631089329719543
v 0.212391495704651 -0.5017911195755 0.628818094730377
v 0.23423820734024 -0.523385107517242 0.640186607837677
v 0.197061195969582 -0.675331294536591 0.674181818962097
v 0.222581595182419 -0.668686270713806 0.675808489322662
v 0.250304996967316 -0.657336890697479 0.680647611618042
v 0.223555102944374 -0.643133282661438 0.662870585918427
v 0.269681513309479 -0.603277325630188 0.672053575515747
v 0.247140601277351 -0.610856711864471 0.659184575080872
v 0.263231307268143 -0.631795585155487 0.676639974117279
v 0.125553205609322 -0.595563411712646 0.680896103382111
v 0.137100294232368 -0.618707001209259 0.679584324359894
v 0.137450903654099 -0.642402112483978 0.685810089111328
v 0.154272601008415 -0.631556689739227 0.669352173805237
v 0.169018805027008 -0.67558628320694 0.682683825492859
v 0.176227703690529 -0.652344107627869 0.667931914329529
v 0.182274803519249 -0.506822824478149 0.635471224784851
v 0.153700798749924 -0.500239610671997 0.642480671405792
v 0.178326204419136 -0.537345826625824 0.645235598087311
v 0.15557299554348 -0.55888831615448 0.653851091861725
v 0.125581607222557 -0.527435600757599 0.668158411979675
v 0.121864803135395 -0.493072003126144 0.90958309173584
v 0.178803697228432 -0.433554708957672 0.924278497695923
v 0.180905699729919 -0.622230708599091 0.919869720935822
v 0.147518306970596 -0.65133148431778 0.898765683174133
v 0.146459802985191 -0.596077620983124 0.915027976036072
v 0.131709605455399 -0.622437596321106 0.901373386383057
v 0.289459586143494 -0.555642604827881 0.901955723762512
v 0.280194312334061 -0.584165096282959 0.90153557062149
v 0.27129128575325 -0.613247275352478 0.901942908763885
v 0.253854602575302 -0.591463506221771 0.916721701622009
v 0.228839993476868 -0.654563307762146 0.904627025127411
v 0.230144307017326 -0.61221832036972 0.919012486934662
v 0.258205413818359 -0.642468094825745 0.898357927799225
v 0.236767306923866 -0.425864607095718 0.919702112674713
v 0.283761501312256 -0.504701972007751 0.906510472297668
v 0.257910013198853 -0.502153277397156 0.919752776622772
v 0.36047899723053 -0.498728185892105 0.1247942969203
v 0.373796314001083 -0.49567049741745 0.0933690071105957
v 0.382334500551224 -0.415717601776123 0.0692152306437492
v 0.385367512702942 -0.394798904657364 0.0406141094863415
v 0.381776511669159 -0.443755388259888 0.0662436783313751
v 0.377516597509384 -0.407839685678482 0.101713396608829
v 0.349473387002945 -0.640199720859528 0.0620454996824265
v 0.338388890028 -0.650938808917999 0.0864458680152893
v 0.347478002309799 -0.580320000648499 0.119786903262138
v 0.340186297893524 -0.609694182872772 0.117686897516251
v 0.334213703870773 -0.575680673122406 0.144665107131004
v 0.351527512073517 -0.643710017204285 0.00892761629074812
v 0.363175809383392 -0.614505589008331 -0.00634915009140968
v 0.350121110677719 -0.636859476566315 -0.0230000093579292
v 0.384260207414627 -0.436847388744354 -0.00254445103928447
v 0.382891297340393 -0.388909906148911 -0.00291099702008069
v 0.37769091129303 -0.383868187665939 -0.0361256413161755
v 0.366330802440643 -0.481101810932159 -0.0633362904191017
v 0.379990607500076 -0.480491906404495 -0.0327004082500935
v 0.365616500377655 -0.431520611047745 -0.0660196766257286
v 0.353688985109329 -0.474204003810883 -0.0881623476743698
v 0.233122602105141 -0.373161286115646 -0.117226801812649
v 0.206236705183983 -0.385766088962555 -0.112868197262287
v 0.17688100039959 -0.392742902040482 -0.105991803109646
v 0.211044505238533 -0.433818697929382 -0.113742403686047
v 0.182253107428551 -0.484044700860977 -0.108602397143841
v 0.156653195619583 -0.490817695856094 -0.0929205566644669
v 0.153702706098557 -0.442739188671112 -0.0904498919844627
v 0.133938699960709 -0.500891327857971 -0.0778345912694931
v 0.151518002152443 -0.521134316921234 -0.0893465131521225
v 0.301422894001007 -0.47486999630928 -0.116853803396225
v 0.327324390411377 -0.474469691514969 -0.103068098425865
v 0.328720599412918 -0.528197705745697 -0.101530402898788
v 0.328235685825348 -0.427341997623444 -0.102528497576714
v 0.274963587522507 -0.380361199378967 -0.115994103252888
v 0.273077011108398 -0.428353607654572 -0.118349097669125
v 0.237236097455025 -0.657448410987854 -0.0988913178443909
v 0.263195514678955 -0.641304016113281 -0.0995825305581093
v 0.29175728559494 -0.634378373622894 -0.0964739471673965
v 0.328264087438583 -0.556818187236786 -0.0958693474531174
v 0.287448197603226 -0.578265726566315 -0.113039098680019
v 0.331016510725021 -0.60029810667038 -0.0855431780219078
v 0.182891204953194 -0.565696179866791 -0.106067597866058
v 0.158172801136971 -0.572879314422607 -0.0891822874546051
v 0.162432596087456 -0.605943322181702 -0.0876869931817055
v 0.214888900518417 -0.641923129558563 -0.098882757127285
v 0.193471595644951 -0.649806618690491 -0.0906194671988487
v 0.166141793131828 -0.56181401014328 0.159630298614502
v 0.144157692790031 -0.546686112880707 0.143218606710434
v 0.168821305036545 -0.510722219944 0.164796099066734
v 0.190662801265717 -0.549845218658447 0.177794203162193
v 0.230186998844147 -0.480367511510849 0.199586495757103
v 0.257751107215881 -0.474858492612839 0.205329596996307
v 0.224055796861649 -0.509783625602722 0.190184995532036
v 0.201354295015335 -0.484499096870422 0.191938802599907
v 0.207214400172234 -0.639545500278473 0.16773709654808
v 0.205927699804306 -0.666483521461487 0.154003903269768
v 0.230050593614578 -0.665140986442566 0.161409303545952
v 0.18250760436058 -0.669890224933624 0.144098892807961
v 0.162955105304718 -0.625501275062561 0.146960198879242
v 0.143161207437515 -0.606136083602905 0.134197100996971
v 0.184567406773567 -0.614503622055054 0.165681004524231
v 0.311816185712814 -0.585804283618927 0.159232199192047
v 0.306041300296783 -0.615366399288177 0.154095500707626
v 0.289389610290527 -0.593495011329651 0.173458993434906
v 0.253553092479706 -0.659481406211853 0.158300802111626
v 0.258156090974808 -0.630558609962463 0.172108992934227
v 0.277190506458282 -0.653357923030853 0.155046805739403
v 0.279441893100739 -0.495326191186905 0.192946702241898
v 0.283859610557556 -0.464961111545563 0.202100694179535
v 0.311410397291183 -0.452296495437622 0.196967899799347
v 0.328452289104462 -0.469621986150742 0.17443360388279
v 0.306045591831207 -0.513394176959991 0.182289406657219
v 0.105900302529335 -0.523513615131378 -0.0283749401569366
v 0.119577303528786 -0.543397903442383 -0.0521193705499172
v 0.111808300018311 -0.458818286657333 -0.0436557196080685
v 0.0988128930330276 -0.439046800136566 -0.0210246201604605
v 0.0991255864500999 -0.451473593711853 0.00713638821616769
v 0.0959321483969688 -0.42025750875473 0.00640664994716644
v 0.0985086932778358 -0.462732285261154 0.0364078283309937
v 0.100588798522949 -0.480493307113647 0.0109043503180146
v 0.119002901017666 -0.648081123828888 0.000984799698926508
v 0.127968102693558 -0.65675151348114 -0.0221737194806337
v 0.121953599154949 -0.577518582344055 -0.0475004315376282
v 0.108724802732468 -0.594613909721375 -0.005967000965029
v 0.12670810520649 -0.610489428043365 -0.0484892688691616
v 0.133466094732285 -0.647740304470062 0.100543603301048
v 0.117840297520161 -0.597400724887848 0.0926792696118355
v 0.114031799137592 -0.637008428573608 0.0588914006948471
v 0.125823900103569 -0.660214722156525 0.0743222832679749
v 0.106287397444248 -0.471776187419891 0.0650268420577049
v 0.104504600167274 -0.443411499261856 0.0639301463961601
v 0.113477602601051 -0.477504789829254 0.0932235568761826
v 0.107846401631832 -0.502807796001434 0.0665362775325775
v 0.111603498458862 -0.528361320495605 0.0807854980230331
v 0.287416011095047 0.498111605644226 -0.408399403095245
v 0.281413793563843 0.521615922451019 -0.413290113210678
v 0.272736608982086 0.536430478096008 -0.440194308757782
v 0.280685812234879 0.505562603473663 -0.438179790973663
v 0.291655302047729 0.457052201032639 -0.464825391769409
v 0.305774986743927 0.43281888961792 -0.424630701541901
v 0.313464313745499 0.411705791950226 -0.408251196146011
v 0.29958638548851 0.455577105283737 -0.403601914644241
v 0.28047451376915 0.585327506065369 -0.288695514202118
v 0.278421610593796 0.581362426280975 -0.325306385755539
v 0.274401992559433 0.575766384601593 -0.356337904930115
v 0.269273608922958 0.580985128879547 -0.4035285115242
v 0.258067101240158 0.538612723350525 -0.143812894821167
v 0.261878103017807 0.511292397975922 -0.146685197949409
v 0.280384510755539 0.563390016555786 -0.224123999476433
v 0.277512788772583 0.536211788654327 -0.219293102622032
v 0.284792810678482 0.441546112298965 -0.187210097908974
v 0.283165901899338 0.418926388025284 -0.171964600682259
v 0.297112196683884 0.410257905721664 -0.223675698041916
v 0.269685506820679 0.439710199832916 -0.130596995353699
v 0.234521999955177 0.499841511249542 -0.0726593732833862
v 0.318884193897247 0.39021098613739 -0.389147609472275
v 0.323331385850906 0.367802292108536 -0.369779914617538
v 0.306740313768387 0.385242789983749 -0.265193700790405
v 0.31634259223938 0.364395707845688 -0.310758799314499
v 0.241786897182465 0.616506397724152 -0.122176699340343
v 0.229307606816292 0.642591595649719 -0.129630997776985
v 0.248015999794006 0.660865604877472 -0.14074519276619
v 0.293060690164566 0.678823471069336 -0.146551907062531
v 0.30287629365921 0.578057587146759 -0.157735198736191
v 0.231448903679848 0.591468811035156 -0.112276501953602
v 0.256882399320602 0.589465916156769 -0.122990198433399
v 0.401599496603012 0.625321507453918 -0.160537004470825
v 0.384712487459183 0.605091512203217 -0.181850001215935
v 0.346094012260437 0.592590510845184 -0.164330005645752
v 0.340186208486557 0.586763501167297 -0.18618680536747
v 0.407570511102676 0.653092503547668 -0.149042993783951
v 0.404023289680481 0.640101313591003 -0.156182199716568
v 0.294378489255905 0.582288980484009 -0.237955003976822
v 0.291894495487213 0.57090151309967 -0.186169996857643
v 0.321569591760635 0.581102073192596 -0.207566902041435
v 0.291875809431076 0.613603174686432 -0.300844490528107
v 0.350785285234451 0.63737952709198 -0.30119800567627
v 0.362782806158066 0.627649784088135 -0.283730208873749
v 0.342051893472672 0.589282810688019 -0.217950001358986
v 0.381174594163895 0.629506886005402 -0.269940197467804
v 0.358065396547318 0.614748775959015 -0.265127688646317
v 0.431028097867966 0.695360004901886 -0.271211087703705
v 0.415286809206009 0.709549009799957 -0.290160208940506
v 0.43173348903656 0.721301019191742 -0.275023907423019
v 0.405757993459702 0.71901547908783 -0.300606995820999
v 0.39790740609169 0.654445827007294 -0.280240386724472
v 0.389571994543076 0.673448085784912 -0.304310500621796
v 0.462310194969177 0.726238489151001 -0.205517202615738
v 0.466172009706497 0.719704985618591 -0.215123504400253
v 0.43986040353775 0.655047416687012 -0.180534392595291
v 0.445342987775803 0.669862508773804 -0.163816004991531
v 0.46594449877739 0.695013523101807 -0.186216995120049
v 0.403236389160156 0.637481987476349 -0.250688105821609
v 0.402015209197998 0.621767520904541 -0.220357105135918
v 0.425857692956924 0.653606414794922 -0.239988699555397
v 0.435670405626297 0.64956259727478 -0.211669906973839
v 0.421740502119064 0.632766902446747 -0.199070796370506
v 0.0235860999673605 0.321075409650803 0.211982905864716
v -0.000290282885544002 0.322374403476715 0.198505505919456
v 0.0234805196523666 0.323732614517212 0.180972903966904
v 0.047086201608181 0.32233989238739 0.194237902760506
v 0.0702415034174919 0.322651505470276 0.144249200820923
v 0.0967869237065315 0.319240987300873 0.150579899549484
v 0.0740291327238083 0.321494996547699 0.175613403320312
v 0.0564469210803509 0.314908385276794 0.253704190254211
v 0.0701973736286163 0.30792298913002 0.284689992666245
v 0.097974918782711 0.305771887302399 0.284911513328552
v 0.0664762035012245 0.301572799682617 0.310477912425995
v 0.0434752590954304 0.307365000247955 0.29008960723877
v 0.0186079200357199 0.311344295740128 0.273945391178131
v 0.0246796794235706 0.316715091466904 0.244663700461388
v 0.150122001767159 0.300731688737869 0.259443014860153
v 0.130329295992851 0.309820413589478 0.236370101571083
v 0.0947848632931709 0.300676912069321 0.307030409574509
v 0.118283696472645 0.30734771490097 0.266935914754868
v 0.120796099305153 0.2997927069664 0.296409994363785
v 0.119763001799583 0.314369410276413 0.156718105077744
v 0.122913502156734 0.312581688165665 0.131361499428749
v 0.13167679309845 0.312012612819672 0.178300693631172
v 0.0169028993695974 0.226754993200302 0.57434868812561
v 0.0438383482396603 0.22840079665184 0.520679712295532
v 0.0488570109009743 0.219301596283913 0.682291686534882
v 0.0150598399341106 0.225637093186378 0.630023300647736
v 0.115304298698902 0.206052601337433 0.625429511070251
v 0.0937170907855034 0.209894806146622 0.676822185516357
v 0.0979650691151619 0.218352094292641 0.519043505191803
v 0.121748596429825 0.204998105764389 0.584965527057648
v 0.0103510301560163 0.194400206208229 0.790854513645172
v 0.0595618411898613 0.208649203181267 0.733048617839813
v 0.054397989064455 0.142117604613304 0.868595480918884
v 0.112835600972176 0.157811403274536 0.819372177124023
v 0.0864193588495255 0.136222407221794 0.864714384078979
v 0.0911525264382362 0.201627194881439 0.730199217796326
v 0.122587703168392 0.175258696079254 0.775762021541595
v 0.0216671004891396 -0.413858890533447 0.0220625605434179
v 0.0306134708225727 -0.372613400220871 -0.0369945205748081
v 0.0137904901057482 -0.390731304883957 -0.0170831196010113
v 0.0787856504321098 -0.393171012401581 0.00101551599800587
v 0.077169232070446 -0.36007159948349 -0.0467627309262753
v 0.0861549004912376 -0.417043000459671 0.0498504489660263
v 0.0105280699208379 -0.384372591972351 0.829195022583008
v 0.0345635302364826 -0.362760990858078 0.871089279651642
v 0.0352771803736687 -0.435284793376923 0.732965171337128
v 0.0508554987609386 -0.432764500379562 0.772468507289886
v 0.0592458099126816 -0.448571503162384 0.720830023288727
v 0.0515071004629135 -0.416737914085388 0.826389908790588
v 0.0233744494616985 0.283712387084961 0.357729196548462
v 0.0196957793086767 0.273800313472748 0.380017012357712
v 0.0449873208999634 0.274216800928116 0.378639400005341
v 0.0158618204295635 0.264203488826752 0.402230590581894
v 0.0598870515823364 0.292790114879608 0.33310130238533
v 0.0888747274875641 0.291968911886215 0.331137388944626
v 0.0306421294808388 0.292798489332199 0.334736287593842
v 0.0553131699562073 0.24439249932766 0.446537405252457
v 0.0430358611047268 0.238421499729156 0.470866799354553
v 0.0719058737158775 0.234835401177406 0.471633613109589
v 0.0366590395569801 0.255180507898331 0.424098312854767
v 0.00765234790742397 0.255256801843643 0.42486760020256
v 0.134476095438004 0.239716097712517 0.417318403720856
v 0.112341903150082 0.248438805341721 0.415966987609863
v 0.100402399897575 0.229457393288612 0.468502014875412
v 0.107632100582123 0.280103206634521 0.352778106927872
v 0.120314598083496 0.289173305034637 0.326306194067001
v 0.128620594739914 0.264542013406754 0.373141288757324
v 0.0664156973361969 0.323440194129944 0.116679102182388
v 0.0252469107508659 0.327209413051605 0.0959654077887535
v 0.138793602585793 0.299717605113983 0.0339328311383724
v 0.143151506781578 0.297445297241211 0.0573794916272163
v 0.111636102199554 0.314655900001526 0.105031102895737
v 0.136299297213554 0.307035088539124 0.104853197932243
v 0.102872498333454 0.325470507144928 0.0309145599603653
v 0.0325958915054798 0.446834892034531 0.0566777214407921
v 0.024092560634017 0.423291504383087 0.0529966689646244
v 0.0533623993396759 0.421325206756592 0.0507251992821693
v 0.0308947898447514 0.402473300695419 0.0480731390416622
v 0.000649883411824703 0.439969509840012 0.0575625188648701
v 0.0963247716426849 0.49250340461731 0.0420640185475349
v 0.0895914286375046 0.469526290893555 0.0461801812052727
v 0.0992412120103836 0.44829660654068 0.0443690791726112
v 0.0677965432405472 0.371730387210846 0.0355242304503918
v 0.164572194218636 0.367517113685608 -0.00635064300149679
v 0.112065501511097 0.361882597208023 0.0211940798908472
v 0.145484894514084 0.460966408252716 0.0239344704896212
v 0.171022996306419 0.451986312866211 0.0107903899624944
v 0.152789905667305 0.434590101242065 0.0210419297218323
v 0.197371497750282 0.424610495567322 -0.0142139904201031
v 0.178131595253944 0.395924985408783 -0.00597427878528833
v 0.161820903420448 0.409676104784012 0.0118575803935528
v 0.0418775603175163 0.616559624671936 -0.515794396400452
v 0.0313939899206161 0.663288176059723 -0.497232586145401
v -0.0153792900964618 0.617964625358582 -0.516014814376831
v 0.0919539779424667 0.526112020015717 -0.55086487531662
v 0.141095295548439 0.536666512489319 -0.540970981121063
v 0.0891828313469887 0.593257308006287 -0.522328019142151
v 0.0801451280713081 0.693470478057861 -0.481480300426483
v 0.0819001421332359 0.732405722141266 -0.460599094629288
v 0.107661701738834 0.728158116340637 -0.459966212511063
v 0.0779324620962143 0.756838321685791 -0.447476208209991
v 0.0511519387364388 0.736270189285278 -0.46216669678688
v 0.0514189414680004 0.684027075767517 -0.487888008356094
v 0.0337976105511189 0.708915174007416 -0.478006899356842
v -0.0134871201589704 0.681666016578674 -0.490206092596054
v 0.182394206523895 0.625196278095245 -0.49573078751564
v 0.129072904586792 0.746146321296692 -0.445113211870193
v 0.133091107010841 0.721447110176086 -0.458852112293243
v 0.138321995735168 0.695908904075623 -0.472797185182571
v 0.156052306294441 0.714038789272308 -0.458799511194229
v 0.167012199759483 0.546393871307373 -0.531371891498566
v 0.180612593889236 0.496780395507812 -0.551313519477844
v 0.187862694263458 0.525746524333954 -0.536172986030579
v 0.203946501016617 0.57622891664505 -0.50852108001709
v 0.202950999140739 0.604188978672028 -0.498357087373734
v 0.178725495934486 0.597592771053314 -0.507850289344788
v 0.104842603206635 0.374973714351654 -0.647510528564453
v 0.0593428499996662 0.349056988954544 -0.661120414733887
v 0.10893789678812 0.350128710269928 -0.658751726150513
v 0.135727196931839 0.364931613206863 -0.650549590587616
v 0.10646740347147 0.451973706483841 -0.592391073703766
v 0.147047504782677 0.470379203557968 -0.575964510440826
v 0.0615919195115566 0.481839686632156 -0.576679885387421
v 0.0154141699895263 0.470737904310226 -0.583944618701935
v 0.216318801045418 0.44688868522644 -0.572157323360443
v 0.173018306493759 0.473261803388596 -0.568251073360443
v 0.166863307356834 0.450810998678207 -0.584405124187469
v 0.202314600348473 0.475024312734604 -0.560257792472839
v 0.159661293029785 0.374380707740784 -0.64224761724472
v 0.165721192955971 0.353681892156601 -0.651023685932159
v 0.169135600328445 0.327327787876129 -0.658277571201324
v 0.222670093178749 0.382102102041245 -0.618703186511993
v 0.194893106818199 0.387134701013565 -0.626424014568329
v -0.000672963797114789 -0.249141499400139 0.953153312206268
v 0.0274802297353745 -0.262920588254929 0.946987926959991
v 0.0511413998901844 -0.223003506660461 0.960769474506378
v 0.0319868810474873 -0.205818697810173 0.967220783233643
v 0.0440685413777828 -0.328909009695053 0.907765209674835
v 0.099724180996418 -0.307464301586151 0.929361402988434
v 0.0782241374254227 -0.225942894816399 0.956823527812958
v 0.0970946475863457 -0.251882493495941 0.946957886219025
v 0.0114048402756453 -0.300662189722061 -0.123223103582859
v 0.0339448787271976 -0.331665903329849 -0.0863834470510483
v 0.059539869427681 -0.203643903136253 -0.187470704317093
v 0.0335563607513905 -0.216102302074432 -0.183838903903961
v 0.0121326204389334 -0.262325286865234 -0.155648097395897
v 0.0976253971457481 -0.23860789835453 -0.158856302499771
v 0.101997196674347 -0.215287506580353 -0.172048598527908
v 0.0810365974903107 -0.200626701116562 -0.184527695178986
v 0.07889124751091 -0.324110507965088 -0.0884500369429588
v 0.0620280802249908 -0.326888799667358 -0.0878739133477211
v 0.100562803447247 -0.283037006855011 -0.126489207148552
v 0.0730162262916565 -0.290198087692261 -0.123510196805
v 0.100171498954296 -0.301593005657196 -0.110577397048473
v 0.0603148192167282 -0.153371095657349 -0.203672498464584
v 0.0358655117452145 -0.168243393301964 -0.202763795852661
v 0.0734239593148232 0.0225821398198605 -0.217113196849823
v 0.0447842888534069 0.0161834396421909 -0.229221299290657
v 0.0548971593379974 0.041104581207037 -0.227506399154663
v 0.0627759620547295 -0.0125321801751852 -0.218538403511047
v 0.0453120097517967 -0.0403361395001411 -0.222875893115997
v 0.0217305105179548 -0.0413438491523266 -0.227278307080269
v 0.114898197352886 -0.0250005200505257 -0.191534593701363
v 0.126612305641174 0.00293152406811714 -0.180818006396294
v 0.111994497478008 0.0277660302817822 -0.190725296735764
v 0.0948270633816719 0.020244499668479 -0.20378789305687
v 0.093007393181324 0.0450250506401062 -0.205130204558372
v 0.089764378964901 -0.00425006309524179 -0.20457549393177
v 0.0871440172195435 -0.147218495607376 -0.19913050532341
v 0.129673704504967 -0.0831241309642792 -0.187895894050598
v 0.101438798010349 -0.0899558663368225 -0.199687302112579
v 0.123882301151752 -0.115308903157711 -0.191196292638779
v 0.0297244898974895 0.0840751826763153 -0.249656900763512
v 0.014077190309763 0.101989097893238 -0.262560397386551
v 0.0492937415838242 0.0656092464923859 -0.236737802624702
v 0.0668291673064232 0.123313501477242 -0.283728688955307
v 0.138446003198624 0.145139694213867 -0.205750197172165
v 0.115442700684071 0.13840040564537 -0.265779197216034
v 0.0970679968595505 0.0766747891902924 -0.208799004554749
v 0.135371297597885 0.125233799219131 -0.182470500469208
v 0.139526903629303 0.104977801442146 -0.165607005357742
v 0.0295225903391838 0.109999902546406 -0.357281714677811
v 0.024516399949789 0.116267003118992 -0.323234587907791
v 0.0762254297733307 0.122261501848698 -0.316276609897614
v 0.108409203588963 0.105670899152756 -0.423669308423996
v 0.0817961767315865 0.103899598121643 -0.424693197011948
v 0.0871353968977928 0.103085398674011 -0.44867330789566
v 0.0542848184704781 0.101683802902699 -0.425113707780838
v 0.0729246065020561 0.104356497526169 -0.40169021487236
v 0.0265208296477795 0.104360796511173 -0.38884711265564
v 0.052750401198864 0.106101401150227 -0.382414013147354
v 0.151641502976418 0.123219102621078 -0.369523495435715
v 0.176662996411324 0.129411295056343 -0.380654096603394
v 0.173840299248695 0.135320901870728 -0.355468302965164
v 0.187555596232414 0.125999495387077 -0.407251000404358
v 0.134450495243073 0.110376998782158 -0.423668712377548
v 0.140642702579498 0.110033698379993 -0.448602586984634
v 0.125267997384071 0.110425300896168 -0.402682900428772
v 0.117919996380806 0.135179996490479 -0.29507240653038
v 0.140520200133324 0.143679201602936 -0.287703812122345
v 0.172122403979301 0.143524393439293 -0.331515491008759
v 0.160199001431465 0.145707994699478 -0.310104310512543
v 0.0434935018420219 0.117723800241947 -0.515871286392212
v 0.026346730068326 0.125254094600677 -0.535760521888733
v 0.0122686102986336 0.11582899838686 -0.511830985546112
v 0.035203579813242 0.109102599322796 -0.493217796087265
v 0.0619597509503365 0.105373196303844 -0.472143411636353
v 0.122080199420452 0.108880497515202 -0.468146711587906
v 0.09025938808918 0.113247200846672 -0.499348789453506
v 0.111902996897697 0.1706532984972 -0.598173499107361
v 0.111690498888493 0.187841594219208 -0.616453886032104
v 0.0834882408380508 0.158046394586563 -0.586640179157257
v 0.111983902752399 0.154207497835159 -0.579351425170898
v 0.0681440904736519 0.140742093324661 -0.56208062171936
v 0.0260748993605375 0.150515601038933 -0.579010486602783
v 0.0127129098400474 0.13654300570488 -0.555959582328796
v 0.204169303178787 0.146832302212715 -0.541290819644928
v 0.225728496909142 0.152771800756454 -0.533625900745392
v 0.210188403725624 0.13870170712471 -0.517155170440674
v 0.237315505743027 0.164033994078636 -0.549498677253723
v 0.203113093972206 0.171571001410484 -0.580520689487457
v 0.175751700997353 0.173133507370949 -0.590071678161621
v 0.177151203155518 0.159269094467163 -0.573164880275726
v 0.144524604082108 0.114187799394131 -0.480089396238327
v 0.18651619553566 0.127017304301262 -0.501336216926575
v 0.189713597297668 0.122855201363564 -0.470820486545563
v 0.046590019017458 0.215809106826782 -0.640187382698059
v 0.0528089106082916 0.239745303988457 -0.652032375335693
v 0.0839958786964417 0.242743000388145 -0.652805626392365
v 0.0332923904061317 0.257570207118988 -0.660122215747833
v 0.150796100497246 0.206871703267097 -0.62744128704071
v 0.106583200395107 0.224202007055283 -0.6429842710495
v 0.0950451791286469 0.202966094017029 -0.629043281078339
v 0.0667861178517342 0.320840895175934 -0.666768789291382
v 0.0245467498898506 0.305967390537262 -0.668345987796783
v 0.231447696685791 0.284921795129776 -0.643038094043732
v 0.217605903744698 0.312388598918915 -0.649679601192474
v 0.203253194689751 0.286444693803787 -0.652738511562347
v 0.179404199123383 0.209867998957634 -0.62370502948761
v 0.212451800704002 0.213633492588997 -0.618915379047394
v 0.191170498728752 0.228899106383324 -0.634497106075287
v 0.235515505075455 0.23150959610939 -0.622723996639252
v 0.21289449930191 0.238572806119919 -0.634633123874664
v 0.0734728202223778 0.507900297641754 0.0439473316073418
v 0.0972179770469666 0.546502411365509 0.0193961001932621
v 0.141567394137383 0.493384212255478 0.0202307496219873
v 0.0228411499410868 0.551509320735931 0.0383297093212605
v -0.00453007500618696 0.585144877433777 0.0246681403368711
v 0.0351414903998375 0.600378572940826 0.0109871001914144
v 0.0632893070578575 0.584977984428406 0.0129239903762937
v 0.221495807170868 0.523428380489349 -0.0702834725379944
v 0.163686096668243 0.509837508201599 -0.00136232597287744
v 0.194428697228432 0.595980286598206 -0.0871059820055962
v 0.213560596108437 0.587074100971222 -0.0955851897597313
v 0.228523105382919 0.566100597381592 -0.0991259217262268
v 0.224965497851372 0.544114291667938 -0.0863054916262627
v 0.207568407058716 0.56542432308197 -0.0757231712341309
v 0.0909033566713333 0.686066687107086 -0.0849011465907097
v 0.109310202300549 0.673965394496918 -0.0896388068795204
v 0.102084502577782 0.699288785457611 -0.108649201691151
v 0.129519000649452 0.677994191646576 -0.112322002649307
v 0.125215694308281 0.657875776290894 -0.0878834277391434
v 0.183568596839905 0.624807119369507 -0.100824296474457
v 0.158513396978378 0.627772629261017 -0.087170772254467
v 0.171012103557587 0.647654175758362 -0.112106300890446
v 0.028409680351615 0.641733705997467 -0.0114450799301267
v 0.0701848194003105 0.662318527698517 -0.0460156090557575
v 0.0733298808336258 0.686244070529938 -0.0692604333162308
v 0.0570809803903103 0.709326326847076 -0.077888622879982
v 0.24541549384594 0.604368507862091 -0.472328007221222
v 0.263661205768585 0.550865173339844 -0.462575614452362
v 0.263387113809586 0.565832495689392 -0.446183085441589
v 0.264711201190948 0.584912121295929 -0.428630799055099
v 0.257700800895691 0.589137971401215 -0.453895598649979
v 0.227625995874405 0.68750262260437 -0.432924687862396
v 0.214630097150803 0.654544591903687 -0.470712006092072
v 0.262519687414169 0.609283924102783 -0.407649487257004
v 0.242187604308128 0.674525201320648 -0.411242306232452
v 0.250470787286758 0.65370911359787 -0.410946905612946
v 0.26777309179306 0.729690492153168 -0.317666798830032
v 0.32462939620018 0.760160326957703 -0.253066897392273
v 0.261587709188461 0.756482183933258 -0.259641200304031
v 0.284446388483047 0.762339890003204 -0.235348701477051
v 0.393170088529587 0.74335777759552 -0.284177392721176
v 0.413069009780884 0.750192880630493 -0.26225870847702
v 0.271470487117767 0.711665987968445 -0.33600640296936
v 0.209627896547318 0.742231070995331 -0.182401105761528
v 0.292352706193924 0.70591938495636 -0.158847197890282
v 0.425512999296188 0.720686614513397 -0.166700199246407
v 0.417627692222595 0.699886322021484 -0.15447710454464
v 0.366218894720078 0.701945185661316 -0.153574600815773
v 0.38260081410408 0.758730411529541 -0.229350700974464
v 0.428813993930817 0.739654123783112 -0.188568696379662
v 0.330747485160828 0.760765671730042 -0.224874705076218
v 0.0614078491926193 0.728912591934204 -0.101402603089809
v 0.082089439034462 0.721713185310364 -0.11187669634819
v 0.0406308807432652 0.735033929347992 -0.0889146327972412
v 0.0216866992413998 0.756352782249451 -0.100622296333313
v 0.0237547904253006 0.769316375255585 -0.118127897381783
v 0 0.773081481456757 -0.112253800034523
v 0.151190593838692 0.712410509586334 -0.150384902954102
v 0.151594996452332 0.739019274711609 -0.169055595993996
v 0.101498201489449 0.722938418388367 -0.130145907402039
v 0.12610499560833 0.704542696475983 -0.133799701929092
v 0.163591206073761 0.756872713565826 -0.183670103549957
v 0.0343952216207981 0.82245659828186 -0.364268094301224
v 0.115361496806145 0.788219928741455 -0.404758512973785
v 0.123393796384335 0.766784727573395 -0.427284389734268
v 0.0980663597583771 0.772727489471436 -0.428345412015915
v 0.149189695715904 0.758678078651428 -0.426887601613998
v 0.171316802501678 0.764605820178986 -0.40780320763588
v 0.144680306315422 0.777248322963715 -0.407525599002838
v 0.0190595500171185 0.81277072429657 -0.390610098838806
v -0.00891206972301006 0.815591990947723 -0.387146502733231
v 0.0283863507211208 0.796972870826721 -0.416000306606293
v 0.0446848683059216 0.810013473033905 -0.391883999109268
v 0.0726636424660683 0.776909589767456 -0.429234713315964
v 0.0594879910349846 0.796282827854156 -0.412461489439011
v 0.0493854209780693 0.781979024410248 -0.428831100463867
v 0.213379099965096 0.724115490913391 -0.408891409635544
v 0.15249989926815 0.881026685237885 -0.22070600092411
v 0.210065394639969 -0.461473613977432 0.451708406209946
v 0.111192598938942 -0.469272702932358 0.601779878139496
v 0.141687601804733 -0.484406292438507 0.537503123283386
v 0.117222502827644 -0.475933700799942 0.579536020755768
v 0.180985495448112 -0.477763295173645 0.492160797119141
v 0.121473699808121 -0.447748303413391 0.213285803794861
v 0.00496277213096619 -0.449613302946091 0.154224097728729
v 0.041891448199749 -0.454786390066147 0.18979400396347
v 0.147475898265839 -0.444461613893509 0.223216205835342
v 0.179594606161118 -0.471361190080643 0.340038388967514
v 0.155041798949242 -0.465284109115601 0.293227195739746
v -0.000169225095305592 -0.50921231508255 0.544927895069122
v 0.020212609320879 -0.501372814178467 0.562838613986969
v 0.0323726385831833 -0.508213818073273 0.541631102561951
v 0.0499197281897068 -0.483873695135117 0.598168671131134
v 0.105812102556229 -0.517401814460754 0.441109001636505
v 0.0653470233082771 -0.525921285152435 0.439494997262955
v 0.0880134031176567 -0.522392988204956 0.415360599756241
v 0.0748603418469429 -0.522094309329987 0.469756811857224
v 0.0223973393440247 -0.529105603694916 0.468136191368103
v 0.0306698195636272 -0.522521913051605 0.493408292531967
v 0.00226989295333624 -0.524571180343628 0.493937492370605
v 0.153748899698257 -0.493162900209427 0.493238389492035
v 0.133533298969269 -0.508530974388123 0.440984606742859
v 0.122885502874851 -0.510703682899475 0.462287187576294
v 0.105534799396992 -0.487423002719879 0.562741875648499
v 0.119274400174618 -0.492199510335922 0.539044320583344
v 0.0296566598117352 -0.520960688591003 0.363634407520294
v 0.0231474805623293 -0.511051714420319 0.33323860168457
v 0.0488414391875267 -0.509563684463501 0.334732294082642
v 0.0197535194456577 -0.501467525959015 0.306183308362961
v -0.00219643302261829 -0.509695410728455 0.325264513492584
v 0.0797845870256424 -0.518628120422363 0.387625604867935
v 0.10585980117321 -0.513431787490845 0.389750301837921
v 0.0764216035604477 -0.513568878173828 0.360675185918808
v 0.0544882416725159 -0.522298574447632 0.380709111690521
v 0.0565398298203945 -0.478485107421875 0.261802285909653
v 0.0448578186333179 -0.470504492521286 0.237645998597145
v 0.0386886298656464 -0.490468114614487 0.283462285995483
v 0.0103843500837684 -0.49161958694458 0.281419694423676
v 0.127507194876671 -0.474144011735916 0.290775090456009
v 0.0755481123924255 -0.467535495758057 0.242922201752663
v 0.0993131995201111 -0.464549988508224 0.249182194471359
v 0.122830398380756 -0.503727078437805 0.368686199188232
v 0.13371330499649 -0.504774570465088 0.390821397304535
v 0.155253902077675 -0.48253920674324 0.338727414608002
v 0.12496130168438 -0.494360208511353 0.341448694467545
v 0.207137897610664 -0.0480948388576508 0.923426628112793
v 0.202813103795052 -0.187835097312927 0.927380681037903
v 0.193100795149803 -0.162513107061386 0.933110117912292
v 0.15737709403038 -0.139220699667931 0.950144410133362
v 0.14648249745369 -0.162566795945168 0.952053189277649
v 0.247100502252579 -0.128921300172806 0.899073123931885
v 0.265760689973831 -0.141226306557655 0.881161093711853
v 0.267367601394653 -0.172519996762276 0.880998313426971
v 0.251438707113266 -0.193150997161865 0.898370325565338
v 0.228137895464897 -0.188950404524803 0.912675023078918
v 0.22693920135498 -0.0581404902040958 0.909506916999817
v 0.264876008033752 -0.110639601945877 0.880590319633484
v 0.248717203736305 -0.103248201310635 0.896707475185394
v 0.261244088411331 -0.077689491212368 0.881510674953461
v 0.20062780380249 -0.0187907796353102 0.918242394924164
v 0.229841306805611 0.0192426592111588 0.871483206748962
v 0.239625796675682 -0.027418939396739 0.889355599880219
v 0.135920703411102 0.0582276582717896 0.911871910095215
v 0.173370093107224 0.0800369530916214 0.8714359998703
v 0.0248712003231049 0.0430901907384396 0.95781421661377
v 0.0657227709889412 0.0193497091531754 0.964321672916412
v 0.0793279930949211 0.104576401412487 0.900225579738617
v 0.106045596301556 0.0983904972672462 0.895387589931488
v 0.109578900039196 0.0624548606574535 0.921201288700104
v 0.0124326599761844 0.0810248181223869 0.932447910308838
v 0.0324019715189934 0.0652553364634514 0.942424595355988
v 0.0483728386461735 0.108016103506088 0.905703186988831
v 0.0285399202257395 -0.165133506059647 0.976640105247498
v 0.0741070136427879 -0.173113197088242 0.969177722930908
v -0.327298790216446 -0.386186987161636 0.335612088441849
v -0.32532399892807 -0.392099291086197 0.396419793367386
v -0.270212203264236 -0.432469010353088 0.232291206717491
v -0.293080002069473 -0.420923292636871 0.230654895305634
v -0.287546992301941 -0.434576988220215 0.211290001869202
v -0.317139685153961 -0.407899588346481 0.227249205112457
v -0.294964611530304 -0.407951593399048 0.252131789922714
v -0.334569692611694 -0.379335403442383 0.248610094189644
v -0.326678603887558 -0.385794788599014 0.28057599067688
v -0.342868506908417 -0.370553702116013 0.287311911582947
v -0.212220594286919 -0.433988511562347 0.273397713899612
v -0.239966601133347 -0.42714449763298 0.274498403072357
v -0.218731001019478 -0.444095611572266 0.224495902657509
v -0.245664194226265 -0.439121097326279 0.229389399290085
v -0.236249506473541 -0.45209801197052 0.208241507411003
v -0.253028512001038 -0.424860000610352 0.249072000384331
v -0.274055510759354 -0.420521885156631 0.392731100320816
v -0.242559805512428 -0.428204894065857 0.332364708185196
v -0.299616187810898 -0.410997301340103 0.446641713380814
v -0.310927897691727 -0.399813294410706 0.514495015144348
v -0.275657713413239 -0.421888500452042 0.454760700464249
v -0.250822693109512 -0.430952697992325 0.45232281088829
v -0.213853493332863 -0.449044495820999 0.587796986103058
v -0.203661903738976 -0.464623510837555 0.605902910232544
v -0.228841796517372 -0.459486395120621 0.602948427200317
v -0.191330000758171 -0.47894299030304 0.62567549943924
v -0.177032396197319 -0.468233793973923 0.610924601554871
v -0.20020580291748 -0.448467701673508 0.56289941072464
v -0.302498608827591 -0.406039893627167 0.563127398490906
v -0.32128170132637 -0.387208789587021 0.57128918170929
v -0.287245392799377 -0.419809997081757 0.586156487464905
v -0.244219496846199 -0.465173006057739 0.621973991394043
v -0.253133505582809 -0.449815392494202 0.604142487049103
v -0.261038094758987 -0.433571100234985 0.584155201911926
v -0.278422713279724 -0.438438087701797 0.60699188709259
v -0.292178511619568 -0.225287392735481 -0.108064599335194
v -0.305577009916306 -0.207332298159599 -0.0964896902441978
v -0.344727486371994 -0.232324406504631 -0.062430739402771
v -0.263735800981522 -0.260191202163696 -0.11757779866457
v -0.269018203020096 -0.331475913524628 -0.114667899906635
v -0.239495605230331 -0.322566509246826 -0.118928998708725
v -0.250607699155807 -0.155128598213196 -0.127476394176483
v -0.248582303524017 -0.12945219874382 -0.129246696829796
v -0.228754296898842 -0.142429500818253 -0.140524998307228
v -0.254929810762405 -0.102422602474689 -0.122146897017956
v -0.268720000982285 -0.116648003458977 -0.114614002406597
v -0.276956409215927 -0.168265402317047 -0.114246599376202
v -0.29577448964119 -0.1500353962183 -0.0959952026605606
v -0.148044899106026 -0.241307497024536 -0.143111497163773
v -0.14858789741993 -0.218331903219223 -0.156196996569633
v -0.123389802873135 -0.227972492575645 -0.157161295413971
v -0.148243397474289 -0.194084405899048 -0.165321096777916
v -0.169096797704697 -0.206691101193428 -0.152928695082664
v -0.202789902687073 -0.140281096100807 -0.154295206069946
v -0.1990856975317 -0.172665804624557 -0.150844901800156
v -0.174441397190094 -0.15220619738102 -0.166449099779129
v -0.21461209654808 -0.306132614612579 -0.120045401155949
v -0.151399493217468 -0.306950598955154 -0.113984502851963
v -0.145970299839973 -0.267283290624619 -0.132503107190132
v -0.12014439702034 -0.270319104194641 -0.131026893854141
v -0.174685999751091 -0.25658118724823 -0.132067501544952
v -0.254501104354858 0.0251301303505898 -0.0758921205997467
v -0.234366700053215 0.0284345299005508 -0.0921802595257759
v -0.255725800991058 0.0490105301141739 -0.0578711181879044
v -0.27323991060257 0.0216311905533075 -0.0583277903497219
v -0.290308386087418 -0.00574169680476189 -0.0552920885384083
v -0.289716213941574 -0.0336384996771812 -0.0708619728684425
v -0.272448509931564 -0.00474993186071515 -0.0763212516903877
v -0.160382598638535 -0.0483303293585777 -0.169444397091866
v -0.165853604674339 -0.0200867597013712 -0.161461904644966
v -0.141681298613548 -0.0238392297178507 -0.174944207072258
v -0.170176804065704 0.0083514517173171 -0.150602906942368
v -0.187352001667023 -0.0174775402992964 -0.146518096327782
v -0.219131797552109 0.0584452487528324 -0.0891833901405334
v -0.215470805764198 0.0350125208497047 -0.106221698224545
v -0.195285394787788 0.0356005504727364 -0.120973698794842
v -0.199880197644234 -0.107836402952671 -0.156753405928612
v -0.17587910592556 -0.121002696454525 -0.168464407324791
v -0.152317196130753 -0.103154301643372 -0.179436206817627
v -0.15568919479847 -0.0755547732114792 -0.175972506403923
v -0.128103002905846 -0.0834507569670677 -0.188677594065666
v -0.178903803229332 -0.068751759827137 -0.163178592920303
v -0.285597205162048 -0.0570109412074089 -0.084197461605072
v -0.245307400822639 -0.0796089917421341 -0.125283107161522
v -0.218137100338936 -0.356955200433731 0.919749975204468
v -0.235756501555443 -0.40282678604126 0.917787313461304
v -0.265795797109604 -0.358027309179306 0.906789779663086
v -0.286867409944534 -0.338541597127914 0.890476107597351
v -0.284389108419418 -0.313221991062164 0.887127995491028
v -0.303820997476578 -0.316034108400345 0.87378591299057
v -0.281594306230545 -0.287880510091782 0.885431528091431
v -0.268029391765594 -0.307664901018143 0.89930248260498
v -0.160206899046898 -0.309730410575867 0.927065312862396
v -0.123417600989342 -0.310800611972809 0.928321778774261
v -0.141303792595863 -0.283544689416885 0.932893097400665
v -0.163456797599792 -0.362373411655426 0.922624886035919
v -0.175002098083496 -0.385278701782227 0.921687185764313
v -0.17933389544487 -0.33648869395256 0.922582685947418
v -0.190867602825165 -0.239095494151115 0.928668797016144
v -0.179299592971802 -0.21044060587883 0.93571412563324
v -0.209828197956085 -0.214772701263428 0.923312485218048
v -0.168839499354362 -0.235546097159386 0.93641060590744
v -0.124585099518299 -0.264135599136353 0.939354181289673
v -0.173399299383163 -0.256783485412598 0.931930184364319
v -0.149206906557083 -0.254617094993591 0.93802547454834
v -0.277142912149429 -0.260539203882217 0.883426189422607
v -0.296137601137161 -0.26330029964447 0.867642819881439
v -0.233261704444885 -0.219689294695854 0.909975111484528
v -0.236752197146416 -0.249480396509171 0.90946501493454
v -0.255006909370422 -0.22640760242939 0.898367524147034
v -0.382428288459778 -0.305901497602463 0.0514432787895203
v -0.3828085064888 -0.345173686742783 0.015493200160563
v -0.366691410541534 -0.287960112094879 -0.0385999791324139
v -0.339482098817825 -0.188790798187256 -0.0566007196903229
v -0.381943494081497 -0.276188403367996 0.140264093875885
v -0.38229888677597 -0.24965700507164 0.135270103812218
v -0.3803671002388 -0.278152108192444 0.168561205267906
v -0.382251113653183 -0.307116389274597 0.0870238319039345
v -0.383942991495132 -0.352106511592865 0.0462866201996803
v -0.381260812282562 -0.287280887365341 0.0644261986017227
v -0.368136405944824 -0.141019895672798 0.052746020257473
v -0.375039011240005 -0.161231100559235 0.0803547129034996
v -0.371608585119247 -0.130575895309448 0.0790487080812454
v -0.379882901906967 -0.175341203808784 0.107872396707535
v -0.377088308334351 -0.185255393385887 0.0823332592844963
v -0.383692502975464 -0.228727400302887 0.147631004452705
v -0.380688607692719 -0.208236500620842 0.099123902618885
v -0.355924397706985 -0.175961598753929 -0.0182035099714994
v -0.346855908632278 -0.123846396803856 -0.0136538799852133
v -0.356014102697372 -0.135525405406952 0.0090597178786993
v -0.361149907112122 -0.162327796220779 0.0116967195644975
v -0.362459689378738 -0.327662706375122 0.369845688343048
v -0.363914310932159 -0.313749313354492 0.40308091044426
v -0.356655091047287 -0.333848297595978 0.429626792669296
v -0.356775313615799 -0.340757101774216 0.400317788124084
v -0.352316588163376 -0.355102986097336 0.309417188167572
v -0.359615296125412 -0.341590106487274 0.338549494743347
v -0.381413906812668 -0.230089500546455 0.310413509607315
v -0.378170311450958 -0.236486196517944 0.341993987560272
v -0.379414588212967 -0.214723497629166 0.342856287956238
v -0.37501248717308 -0.242025107145309 0.37311840057373
v -0.376911997795105 -0.258233606815338 0.341142207384109
v -0.363978505134583 -0.29426309466362 0.431610405445099
v -0.367328703403473 -0.290267288684845 0.401631295681
v -0.370978385210037 -0.285396814346313 0.371162086725235
v -0.370158404111862 -0.268649011850357 0.40265691280365
v -0.382124185562134 -0.255849599838257 0.24418069422245
v -0.383739203214645 -0.242055892944336 0.205230295658112
v -0.381099909543991 -0.267860412597656 0.21333210170269
v -0.384355813264847 -0.233834996819496 0.221302404999733
v -0.385429501533508 -0.214393705129623 0.246387094259262
v -0.383511006832123 -0.222539305686951 0.278344094753265
v -0.384509801864624 -0.201488301157951 0.279224008321762
v -0.38226979970932 -0.243854105472565 0.27754071354866
v -0.359384089708328 -0.345024913549423 0.24895079433918
v -0.356038093566895 -0.350563913583755 0.27979850769043
v -0.366246908903122 -0.329533696174622 0.276318609714508
v -0.377459406852722 -0.294389694929123 0.214173793792725
v -0.374523609876633 -0.301273703575134 0.244435802102089
v -0.372631400823593 -0.315416306257248 0.21835920214653
v -0.37403729557991 -0.0843955427408218 0.338129997253418
v -0.367621392011642 -0.0640174970030785 0.349902391433716
v -0.370651811361313 -0.0610069409012794 0.319702088832855
v -0.361780196428299 -0.0422989502549171 0.355322897434235
v -0.364599704742432 -0.066540353000164 0.380039691925049
v -0.366630285978317 -0.11916060000658 0.439393997192383
v -0.369796097278595 -0.113120801746845 0.406919807195663
v -0.372158110141754 -0.135648906230927 0.407259613275528
v -0.372817993164062 -0.109874397516251 0.376078307628632
v -0.367814511060715 -0.08995121717453 0.399267494678497
v -0.382659912109375 -0.092524841427803 0.257110685110092
v -0.383745610713959 -0.0954913571476936 0.224750101566315
v -0.382582813501358 -0.0831065699458122 0.190602704882622
v -0.38015228509903 -0.0676496997475624 0.215446501970291
v -0.378819286823273 -0.0768746808171272 0.277143210172653
v -0.372767388820648 -0.0574947409331799 0.289492011070251
v -0.374646097421646 -0.0532944686710835 0.259242594242096
v -0.366705298423767 -0.0360841490328312 0.295961797237396
v -0.383154898881912 -0.187403604388237 0.312112808227539
v -0.385020613670349 -0.180514797568321 0.280296713113785
v -0.386914789676666 -0.171038404107094 0.250099092721939
v -0.385450601577759 -0.159965395927429 0.281850308179855
v -0.386580497026443 -0.134081497788429 0.252211898565292
v -0.386224687099457 -0.126554399728775 0.21898840367794
v -0.369681090116501 -0.160014003515244 0.435575604438782
v -0.373040497303009 -0.157367303967476 0.406292796134949
v -0.373670905828476 -0.179238006472588 0.40617099404335
v -0.376281410455704 -0.153819292783737 0.376368403434753
v -0.376727193593979 -0.1977569013834 0.374822586774826
v -0.379881411790848 -0.192975297570229 0.343648999929428
v -0.380369901657104 -0.171386197209358 0.344515085220337
v -0.320792108774185 -0.0247361697256565 -0.0198105592280626
v -0.340968400239944 0.00589236803352833 0.0608183406293392
v -0.355325788259506 -0.0189230907708406 0.08139468729496
v -0.330417990684509 0.00211951602250338 0.0220890399068594
v -0.38154411315918 -0.0952616930007935 0.158271104097366
v -0.375993311405182 -0.115956299006939 0.104836903512478
v -0.364578604698181 -0.0419345498085022 0.0978134498000145
v -0.361044406890869 -0.0227901693433523 0.110346302390099
v -0.356234312057495 -0.00307116401381791 0.120838098227978
v -0.367377191781998 -0.0292589608579874 0.139381393790245
v -0.378901809453964 -0.072750948369503 0.164732694625854
v -0.375030905008316 -0.0534241385757923 0.155668199062347
v -0.312851011753082 -0.294565111398697 0.849371314048767
v -0.316692411899567 -0.319321811199188 0.851561784744263
v -0.320459693670273 -0.345226287841797 0.853570878505707
v -0.328802406787872 -0.322719305753708 0.828336715698242
v -0.339168906211853 -0.412973701953888 0.816161572933197
v -0.342216312885284 -0.386799186468124 0.77169942855835
v -0.339911907911301 -0.358719795942307 0.788109302520752
v -0.336063802242279 -0.382451891899109 0.82756370306015
v -0.324235290288925 -0.2565878033638 0.799172699451447
v -0.321481198072433 -0.23067669570446 0.798035681247711
v -0.329598486423492 -0.239150106906891 0.773244917392731
v -0.316310286521912 -0.248435094952583 0.823376417160034
v -0.308180898427963 -0.268219888210297 0.846973717212677
v -0.320704698562622 -0.274438709020615 0.825088024139404
v -0.341234594583511 -0.3127700984478 0.687305927276611
v -0.342622101306915 -0.290413707494736 0.689140379428864
v -0.343223214149475 -0.29260191321373 0.660042285919189
v -0.342097789049149 -0.269115298986435 0.690229773521423
v -0.340156704187393 -0.288002997636795 0.718068599700928
v -0.333570599555969 -0.221672296524048 0.746666312217712
v -0.335132092237473 -0.243914693593979 0.746846318244934
v -0.335595488548279 -0.26464518904686 0.746615886688232
v -0.339157491922379 -0.246411800384521 0.719341814517975
v -0.339926391839981 -0.360125988721848 0.732475399971008
v -0.340727299451828 -0.38617068529129 0.743895471096039
v -0.340240895748138 -0.417580008506775 0.75326281785965
v -0.337457209825516 -0.385933995246887 0.714190483093262
v -0.335921913385391 -0.363099902868271 0.673662304878235
v -0.339989989995956 -0.337343603372574 0.683047473430634
v -0.338184803724289 -0.338652104139328 0.653790712356567
v -0.339978605508804 -0.335113614797592 0.712875485420227
v -0.318955689668655 -0.0966982766985893 0.796447515487671
v -0.314738094806671 -0.0667137503623962 0.796578884124756
v -0.325711786746979 -0.0759018808603287 0.77192348241806
v -0.296112805604935 -0.107582397758961 0.841675817966461
v -0.296888589859009 -0.136734202504158 0.841938614845276
v -0.309834003448486 -0.11688370257616 0.820117473602295
v -0.346632212400436 -0.141754701733589 0.69581538438797
v -0.346084386110306 -0.119919203221798 0.696649074554443
v -0.350436687469482 -0.119947597384453 0.669611871242523
v -0.345544993877411 -0.097927562892437 0.697470128536224
v -0.341845095157623 -0.119717001914978 0.723262310028076
v -0.334343612194061 -0.0950803011655807 0.749059796333313
v -0.331942409276962 -0.0742765069007874 0.747012317180634
v -0.338169991970062 -0.0762056708335876 0.724117517471313
v -0.327913492918015 -0.0532836206257343 0.749257624149323
v -0.334593594074249 -0.192956894636154 0.746249914169312
v -0.339712291955948 -0.20405550301075 0.720483899116516
v -0.344716012477875 -0.1850565969944 0.694085717201233
v -0.345787703990936 -0.163420304656029 0.694918215274811
v -0.349973410367966 -0.164116993546486 0.667661428451538
v -0.341928005218506 -0.161028802394867 0.719436883926392
v -0.29734268784523 -0.165643006563187 0.842528879642487
v -0.284041285514832 -0.155651599168777 0.863423883914948
v -0.310181707143784 -0.146818101406097 0.82076758146286
v -0.320238798856735 -0.204157099127769 0.797281801700592
v -0.319238007068634 -0.180216699838638 0.797355771064758
v -0.311147212982178 -0.198673903942108 0.821483910083771
v -0.362651109695435 -0.0959672033786774 0.460023701190948
v -0.363794088363647 -0.118469297885895 0.473932594060898
v -0.36242151260376 -0.122460402548313 0.501383781433105
v -0.367232114076614 -0.139789506793022 0.458542913198471
v -0.358849614858627 -0.0960698276758194 0.529100477695465
v -0.354247212409973 -0.0735881328582764 0.530688881874084
v -0.355528295040131 -0.073039710521698 0.501103520393372
v -0.350099086761475 -0.0515044294297695 0.532108187675476
v -0.353434503078461 -0.0741620436310768 0.559601485729218
v -0.360238313674927 -0.234235405921936 0.522513389587402
v -0.361116498708725 -0.211506798863411 0.523831188678741
v -0.363638907670975 -0.217548802495003 0.494516998529434
v -0.362325608730316 -0.188535794615746 0.525479078292847
v -0.358869314193726 -0.210116699337959 0.552693486213684
v -0.364471286535263 -0.168622806668282 0.498234510421753
v -0.367363691329956 -0.162534400820732 0.465637505054474
v -0.36744299530983 -0.185968905687332 0.466462910175323
v -0.353837788105011 -0.142178297042847 0.641068875789642
v -0.35280430316925 -0.164435803890228 0.639915585517883
v -0.352026104927063 -0.186607092618942 0.63876748085022
v -0.355930387973785 -0.164674803614616 0.611961185932159
v -0.354873210191727 -0.232007294893265 0.579686403274536
v -0.35609170794487 -0.209704995155334 0.581150114536285
v -0.357597798109055 -0.187446996569633 0.582720816135406
v -0.353640109300613 -0.209272995591164 0.609422385692596
v -0.356159210205078 -0.0968560129404068 0.587039709091187
v -0.352012485265732 -0.0747041031718254 0.588101804256439
v -0.348184913396835 -0.052412360906601 0.58928507566452
v -0.350955814123154 -0.0750460773706436 0.616270184516907
v -0.352258086204529 -0.097498320043087 0.643100321292877
v -0.352881789207458 -0.119879297912121 0.642045676708221
v -0.355718612670898 -0.119708701968193 0.614189982414246
v -0.331508606672287 -0.37655121088028 0.511565625667572
v -0.350429594516754 -0.347090005874634 0.457300812005997
v -0.357162714004517 -0.321443498134613 0.459235101938248
v -0.343235999345779 -0.316642910242081 0.62907862663269
v -0.339680105447769 -0.339477390050888 0.624983310699463
v -0.333993494510651 -0.361937701702118 0.614395081996918
v -0.339879512786865 -0.34017139673233 0.595941305160522
v -0.324679285287857 -0.379613697528839 0.596876502037048
v -0.352205395698547 -0.275929600000381 0.576370716094971
v -0.353591114282608 -0.254040211439133 0.57808130979538
v -0.356216609477997 -0.254940301179886 0.549679398536682
v -0.350862205028534 -0.253019899129868 0.606373012065887
v -0.34709569811821 -0.273051887750626 0.633060693740845
v -0.34571048617363 -0.294637709856033 0.631320714950562
v -0.347233414649963 -0.296222686767578 0.6027871966362
v -0.360537499189377 -0.298665106296539 0.46064680814743
v -0.363302409648895 -0.276880592107773 0.461901694536209
v -0.356445401906967 -0.307721793651581 0.4887355864048
v -0.358801990747452 -0.256688088178635 0.521004021167755
v -0.357390612363815 -0.278892189264297 0.519443571567535
v -0.361248195171356 -0.262856304645538 0.49185249209404
v -0.26340639591217 0.197211295366287 0.184443593025208
v -0.236542299389839 0.230321303009987 0.13118089735508
v -0.241075798869133 0.218304798007011 0.264455914497375
v -0.234118804335594 0.219900503754616 0.28808319568634
v -0.274469614028931 0.175573796033859 0.205437496304512
v -0.261751085519791 0.197602599859238 0.212980106472969
v -0.249497398734093 0.21776670217514 0.219626903533936
v -0.257070392370224 0.200880005955696 0.238527894020081
v -0.181522905826569 0.289630711078644 0.22839429974556
v -0.193458706140518 0.272781789302826 0.272857785224915
v -0.22184419631958 0.240676194429398 0.279671490192413
v -0.205920994281769 0.253316193819046 0.292888909578323
v -0.217486307024956 0.254098385572433 0.132219597697258
v -0.167713895440102 0.29931429028511 0.174891293048859
v -0.189160704612732 0.286585092544556 0.177811592817307
v -0.213624402880669 0.265940308570862 0.17943049967289
v -0.24072439968586 0.142333403229713 0.448671907186508
v -0.227161094546318 0.15548250079155 0.454373687505722
v -0.223802402615547 0.167164504528046 0.427684009075165
v -0.210981205105782 0.171666100621223 0.454689085483551
v -0.222618103027344 0.152316093444824 0.476935088634491
v -0.263639509677887 0.121694199740887 0.419203102588654
v -0.257716298103333 0.136865600943565 0.39660969376564
v -0.271138101816177 0.118706502020359 0.397705614566803
v -0.257292687892914 0.147026196122169 0.373034507036209
v -0.243282705545425 0.156525194644928 0.399329602718353
v -0.160688698291779 0.227592304348946 0.415681093931198
v -0.187531098723412 0.210490003228188 0.411859512329102
v -0.197288393974304 0.191037893295288 0.432998210191727
v -0.188263893127441 0.188857406377792 0.459226608276367
v -0.203423395752907 0.169173493981361 0.480313003063202
v -0.205190405249596 0.231347903609276 0.340053200721741
v -0.218401595950127 0.231085702776909 0.311252385377884
v -0.196739003062248 0.250348210334778 0.319898188114166
v -0.166509002447128 0.248147994279861 0.369901686906815
v -0.192300900816917 0.230728894472122 0.365488886833191
v -0.271759003400803 0.134107604622841 0.351887702941895
v -0.259372711181641 0.164312794804573 0.324953705072403
v -0.252631396055222 0.163852006196976 0.349143505096436
v -0.235084906220436 0.207734405994415 0.309902787208557
v -0.24907660484314 0.189746797084808 0.305037885904312
v -0.139856398105621 0.148094698786736 0.814363598823547
v -0.152226895093918 0.16306009888649 0.769516587257385
v -0.122428998351097 0.175464794039726 0.775422215461731
v -0.244915306568146 0.0905487984418869 0.756260812282562
v -0.227854996919632 0.108970701694489 0.755765318870544
v -0.209061101078987 0.140106901526451 0.712048888206482
v -0.231165304780006 0.135307505726814 0.553508877754211
v -0.248080894351006 0.118003398180008 0.550594687461853
v -0.243925496935844 0.120590001344681 0.578425228595734
v -0.263035714626312 0.101863399147987 0.547988414764404
v -0.249753102660179 0.117771603167057 0.523451924324036
v -0.236945196986198 0.13528199493885 0.499786406755447
v -0.219697892665863 0.151353493332863 0.502968013286591
v -0.208351105451584 0.148811295628548 0.661944389343262
v -0.23030549287796 0.129313707351685 0.659164428710938
v -0.254395604133606 0.108010903000832 0.605029821395874
v -0.235428094863892 0.128154292702675 0.606414377689362
v -0.243547901511192 0.118041798472404 0.632148385047913
v -0.18534579873085 0.166619002819061 0.662048578262329
v -0.198935896158218 0.168534398078918 0.506827175617218
v -0.176724195480347 0.184348896145821 0.511757075786591
v -0.193907603621483 0.167934194207191 0.533796072006226
v -0.318764686584473 0.0366947390139103 0.427149802446365
v -0.329327911138535 0.0163024291396141 0.423701196908951
v -0.327317208051682 0.0139347203075886 0.451912105083466
v -0.339816898107529 -0.00413448177278042 0.420492708683014
v -0.331218808889389 0.0189273301512003 0.39553639292717
v -0.353155612945557 -0.0208361092954874 0.359215199947357
v -0.355829685926437 -0.0178344491869211 0.330113708972931
v -0.344417214393616 0.00102945498656482 0.363285094499588
v -0.350486189126968 -0.0234232805669308 0.388311386108398
v -0.296999514102936 0.0843388065695763 0.382292300462723
v -0.283623605966568 0.103285700082779 0.388837993144989
v -0.284510999917984 0.109301298856735 0.363786697387695
v -0.280657410621643 0.0988324284553528 0.416070908308029
v -0.294320285320282 0.0750772207975388 0.434867709875107
v -0.306614905595779 0.0561418086290359 0.430774003267288
v -0.304839998483658 0.0529303401708603 0.457975506782532
v -0.307895690202713 0.0596072301268578 0.403720796108246
v -0.327150613069534 0.0627690479159355 0.266383409500122
v -0.314301401376724 0.0858732610940933 0.274498790502548
v -0.314215213060379 0.0915954932570457 0.249779805541039
v -0.300852209329605 0.108468100428581 0.28254508972168
v -0.313570708036423 0.0799533277750015 0.299469500780106
v -0.299425005912781 0.0959054231643677 0.3315309882164
v -0.285871088504791 0.116300903260708 0.339379191398621
v -0.286524087190628 0.123053103685379 0.315201312303543
v -0.348577886819839 0.00798886455595493 0.306604295969009
v -0.35784250497818 -0.0143837500363588 0.301159292459488
v -0.359606713056564 -0.0103606702759862 0.272268295288086
v -0.350469589233398 0.0167190600186586 0.250712394714355
v -0.339164286851883 0.0396215096116066 0.258461087942123
v -0.338996887207031 0.0448221601545811 0.231858000159264
v -0.338607788085938 0.0346993990242481 0.285275608301163
v -0.31779620051384 -0.0224102400243282 0.747740626335144
v -0.32751590013504 -0.0330987498164177 0.724550306797028
v -0.324174106121063 -0.0118708303198218 0.699460089206696
v -0.313899785280228 0.00819481909275055 0.699776828289032
v -0.317562311887741 0.00929375644773245 0.674108505249023
v -0.303442090749741 0.0283847991377115 0.700416207313538
v -0.30993640422821 0.00813823658972979 0.723790109157562
v -0.273499101400375 -0.0041642040014267 0.834031879901886
v -0.307846903800964 -0.0390412993729115 0.795221924781799
v -0.299492090940475 -0.0151548497378826 0.794633388519287
v -0.296795904636383 -0.0347632393240929 0.818212389945984
v -0.266107887029648 0.0508814491331577 0.782782912254333
v -0.265819013118744 0.0219196695834398 0.822832107543945
v -0.290306389331818 0.0480151697993279 0.701754689216614
v -0.294424206018448 0.0485957488417625 0.676080226898193
v -0.27790579199791 0.066079817712307 0.703688085079193
v -0.260639488697052 0.0753471329808235 0.744409024715424
v -0.224090293049812 0.108172796666622 -0.048862911760807
v -0.222262501716614 0.0837256610393524 -0.0695367529988289
v -0.239062502980232 0.0778271928429604 -0.0541573390364647
v -0.203770503401756 0.0860213115811348 -0.0858779475092888
v -0.193750604987144 0.130556806921959 -0.071214847266674
v -0.284893006086349 0.0811902731657028 0.0123171601444483
v -0.282135486602783 0.102730199694633 0.0314426310360432
v -0.268587589263916 0.110705599188805 0.0160102006047964
v -0.280219912528992 0.119117297232151 0.0493637807667255
v -0.293957412242889 0.0950860902667046 0.0479590110480785
v -0.256365209817886 0.0721306279301643 -0.0394607186317444
v -0.255593985319138 0.0943776592612267 -0.0203368198126554
v -0.272355109453201 0.0659915804862976 -0.0233513507992029
v -0.270062297582626 0.153174996376038 0.0745009630918503
v -0.208237394690514 0.193236202001572 0.00847324356436729
v -0.287414789199829 0.0680670663714409 0.598211526870728
v -0.272125393152237 0.0870887935161591 0.601472496986389
v -0.275025814771652 0.0851225033402443 0.573060810565948
v -0.283126801252365 0.0687008127570152 0.65254682302475
v -0.296495288610458 0.0490139499306679 0.649979472160339
v -0.309155285358429 0.0298996604979038 0.648715376853943
v -0.298598408699036 0.0493349507451057 0.623363673686981
v -0.31611829996109 0.0324866883456707 0.482884913682938
v -0.304124712944031 0.0512415915727615 0.48557710647583
v -0.292036414146423 0.0697218477725983 0.488350510597229
v -0.302948504686356 0.0498956106603146 0.513276398181915
v -0.276581406593323 0.0849752426147461 0.5455322265625
v -0.290064305067062 0.06783127784729 0.54323798418045
v -0.277457892894745 0.0853885933756828 0.518224477767944
v -0.334829688072205 -0.0091819716617465 0.535276770591736
v -0.342392086982727 -0.0303052607923746 0.533608913421631
v -0.341672211885452 -0.0307875704020262 0.562201082706451
v -0.343170285224915 -0.0295937694609165 0.504769921302795
v -0.336573392152786 -0.00742723001167178 0.477958500385284
v -0.326369106769562 0.0125489300116897 0.480334311723709
v -0.325266987085342 0.0114193400368094 0.508724391460419
v -0.319605797529221 0.00967711955308914 0.647651016712189
v -0.33000248670578 -0.0105386199429631 0.646740674972534
v -0.321615785360336 0.0101286899298429 0.620646893978119
v -0.340624094009399 -0.0312447100877762 0.590470373630524
v -0.333110600709915 -0.00996639858931303 0.59177041053772
v -0.339617103338242 -0.0315191000699997 0.618375718593597
v -0.325948506593704 0.0735392570495605 0.215800300240517
v -0.337568789720535 0.0502663999795914 0.205789104104042
v -0.348256886005402 0.027181550860405 0.195920899510384
v -0.335101991891861 0.0560007207095623 0.18008479475975
v -0.3491230905056 0.017455680295825 0.13176029920578
v -0.343031704425812 0.0243432801216841 0.105034597218037
v -0.340839087963104 0.0392322987318039 0.143101796507835
v -0.354316413402557 0.0110191004350781 0.158883705735207
v -0.297644108533859 0.13252580165863 0.178947493433952
v -0.28687259554863 0.153058797121048 0.194618001580238
v -0.283414006233215 0.15967670083046 0.165947794914246
v -0.287193089723587 0.149142101407051 0.221074298024178
v -0.300636112689972 0.120578199625015 0.235021203756332
v -0.31379771232605 0.0971169695258141 0.225588202476501
v -0.313730388879776 0.0993715897202492 0.203427895903587
v -0.298072785139084 0.119803801178932 0.110035799443722
v -0.29303240776062 0.138921692967415 0.149085402488708
v -0.328127801418304 0.0521651990711689 0.0938389226794243
v -0.334863185882568 0.0307267103344202 0.0787946730852127
v -0.325541496276855 0.0382121913135052 0.0543445609509945
v -0.309404790401459 0.0665459632873535 0.0496158190071583
v -0.304555892944336 0.0875702574849129 0.0676133334636688
v -0.314091086387634 0.0796717926859856 0.08907500654459
v -0.160355404019356 0.27426090836525 0.00950999278575182
v -0.178252592682838 0.225457802414894 -0.0201455801725388
v -0.183117404580116 0.266012907028198 -0.0874470174312592
v -0.159867003560066 0.279741287231445 -0.0193160101771355
v -0.15893580019474 0.166932299733162 -0.164875999093056
v -0.168942406773567 0.187897399067879 -0.164747104048729
v -0.18461599946022 0.21287439763546 -0.156649097800255
v -0.181839004158974 0.227182596921921 -0.128064095973969
v -0.19852240383625 0.243487194180489 -0.148327797651291
v -0.21062770485878 0.25793731212616 -0.152248203754425
v -0.204438701272011 0.269142001867294 -0.123371601104736
v -0.251781404018402 0.221175193786621 -0.286824285984039
v -0.256030589342117 0.252860009670258 -0.24572129547596
v -0.211801797151566 0.340058714151382 -0.0707141533493996
v -0.195469900965691 0.341623991727829 -0.0496050715446472
v -0.194471195340157 0.282850593328476 -0.0942022129893303
v -0.209144607186317 0.29781511425972 -0.104003801941872
v -0.28674578666687 0.364698886871338 -0.193403497338295
v -0.272090792655945 0.378811597824097 -0.148741200566292
v -0.279746413230896 0.397697806358337 -0.15825480222702
v -0.214228704571724 0.367684692144394 -0.0558665692806244
v -0.2834213078022 0.292747110128403 -0.249806299805641
v -0.292312800884247 0.288359701633453 -0.27733638882637
v -0.290562391281128 0.253482908010483 -0.320330590009689
v -0.30566731095314 0.327663600444794 -0.276623904705048
v -0.29482701420784 0.342741787433624 -0.232814505696297
v -0.303987890481949 0.362279802560806 -0.246727496385574
v -0.259344696998596 0.195155799388885 -0.34818160533905
v -0.257499605417252 0.210350304841995 -0.318066209554672
v -0.235063403844833 0.194631800055504 -0.301477700471878
v -0.217834696173668 0.174287900328636 -0.31637978553772
v -0.217691004276276 0.161529198288918 -0.347169190645218
v -0.19525720179081 0.150489896535873 -0.336812704801559
v -0.219168603420258 0.151599198579788 -0.372942894697189
v -0.240080296993256 0.170836195349693 -0.360095798969269
v -0.315868496894836 0.224917396903038 -0.480134606361389
v -0.31869050860405 0.238222494721413 -0.453401386737823
v -0.327358186244965 0.254725903272629 -0.472462803125381
v -0.309000492095947 0.221789300441742 -0.433439999818802
v -0.295777708292007 0.241764202713966 -0.353112190961838
v -0.29176390171051 0.221464902162552 -0.375817805528641
v -0.30784660577774 0.246406495571136 -0.378313899040222
v -0.27855521440506 0.17369219660759 -0.486737787723541
v -0.264905005693436 0.16557189822197 -0.506451427936554
v -0.255159199237823 0.154470905661583 -0.48403200507164
v -0.249892204999924 0.15999810397625 -0.528386473655701
v -0.275410294532776 0.17875799536705 -0.527115881443024
v -0.298396110534668 0.202028498053551 -0.526280999183655
v -0.307720392942429 0.213303595781326 -0.504441916942596
v -0.31534069776535 0.229625999927521 -0.523303985595703
v -0.299043387174606 0.197154805064201 -0.484879612922668
v -0.20848660171032 0.139917597174644 -0.392334491014481
v -0.211690098047256 0.133530303835869 -0.425592392683029
v -0.236699104309082 0.149701803922653 -0.413749694824219
v -0.22773739695549 0.137952297925949 -0.474310398101807
v -0.251380413770676 0.152150705456734 -0.458166509866714
v -0.231782600283623 0.140956401824951 -0.442912608385086
v -0.328117311000824 0.32331120967865 -0.49676451086998
v -0.324872404336929 0.355598598718643 -0.458434790372849
v -0.318830013275146 0.37466299533844 -0.477006793022156
v -0.331191003322601 0.282490611076355 -0.464932292699814
v -0.328931093215942 0.273995399475098 -0.490468800067902
v -0.32596629858017 0.261452198028564 -0.516991317272186
v -0.329961687326431 0.29389500617981 -0.507928788661957
v -0.271850407123566 0.391688495874405 -0.572692811489105
v -0.270344704389572 0.372547209262848 -0.593589186668396
v -0.2528195977211 0.411585509777069 -0.580721318721771
v -0.272319197654724 0.413035809993744 -0.555679023265839
v -0.308465898036957 0.395784109830856 -0.493454396724701
v -0.275797814130783 0.293266087770462 -0.619317710399628
v -0.264098614454269 0.319017887115479 -0.626384973526001
v -0.250396102666855 0.369996398687363 -0.612394511699677
v -0.316595911979675 0.249358996748924 -0.540573418140411
v -0.307033210992813 0.238081604242325 -0.561915397644043
v -0.31716200709343 0.268347591161728 -0.55689811706543
v -0.263742387294769 0.261770397424698 -0.623164713382721
v -0.283558994531631 0.269015103578568 -0.607353925704956
v -0.301816403865814 0.277905106544495 -0.59078711271286
v -0.289278209209442 0.247732803225517 -0.594654977321625
v -0.232338398694992 -0.697268605232239 -0.0650607571005821
v -0.263536512851715 -0.671830475330353 -0.0875418484210968
v -0.294533312320709 -0.684653222560883 -0.0523503683507442
v -0.306792706251144 -0.704547524452209 0.0284302793443203
v -0.314609795808792 -0.691597282886505 -0.000250174809480086
v -0.315063089132309 -0.681143224239349 -0.0322810709476471
v -0.183283194899559 -0.716608226299286 -0.0079871965572238
v -0.144303500652313 -0.701362073421478 0.0230475496500731
v -0.135065495967865 -0.68493527173996 -0.000950678077060729
v -0.196524798870087 -0.709839522838593 -0.0382249392569065
v -0.185027301311493 -0.68909478187561 -0.0587503910064697
v -0.230908200144768 -0.702623784542084 0.128920406103134
v -0.205599904060364 -0.704431474208832 0.117446303367615
v -0.205465495586395 -0.68986701965332 0.141587004065514
v -0.181852906942368 -0.703346312046051 0.109137199819088
v -0.202793002128601 -0.719925820827484 0.0908499509096146
v -0.132455497980118 -0.687914490699768 0.0516690015792847
v -0.153247892856598 -0.703729927539825 0.0518008507788181
v -0.175887897610664 -0.720017313957214 0.0561305582523346
v -0.159835904836655 -0.705047786235809 0.0749656036496162
v -0.34272688627243 -0.667290806770325 0.0364411510527134
v -0.299701511859894 -0.69864821434021 0.0779540166258812
v -0.278581291437149 -0.715151727199554 0.0694620832800865
v -0.254147201776505 -0.718991219997406 0.0851653814315796
v -0.283488601446152 -0.686026513576508 0.122285701334476
v -0.253436386585236 -0.686967313289642 0.142049804329872
v -0.250177711248398 -0.717694580554962 0.812521278858185
v -0.269562691450119 -0.700888812541962 0.81679892539978
v -0.27050518989563 -0.706811189651489 0.790903627872467
v -0.289577394723892 -0.684389472007751 0.816269278526306
v -0.271858692169189 -0.6911661028862 0.842584788799286
v -0.203436404466629 -0.706538021564484 0.872163712978363
v -0.22330479323864 -0.698718726634979 0.873541474342346
v -0.229219600558281 -0.709227621555328 0.856948673725128
v -0.249926701188087 -0.690786123275757 0.868875622749329
v -0.225800693035126 -0.68107408285141 0.894196629524231
v -0.224310800433159 -0.720607876777649 0.733666718006134
v -0.202953293919563 -0.71271938085556 0.710221171379089
v -0.231231793761253 -0.704705595970154 0.711224913597107
v -0.287393808364868 -0.689584672451019 0.771746814250946
v -0.267034888267517 -0.703628420829773 0.764144003391266
v -0.247271195054054 -0.717841982841492 0.753923416137695
v -0.264510005712509 -0.700326681137085 0.738717019557953
v -0.129129394888878 -0.712298691272736 0.797792017459869
v -0.139440104365349 -0.715644419193268 0.770586609840393
v -0.114795602858067 -0.697103083133698 0.771136820316315
v -0.18023270368576 -0.698488712310791 0.693144083023071
v -0.176332294940948 -0.71170848608017 0.716743111610413
v -0.173156604170799 -0.724704086780548 0.742735385894775
v -0.180443197488785 -0.702333986759186 0.872303187847137
v -0.176573693752289 -0.68047022819519 0.896437227725983
v -0.160854801535606 -0.696558892726898 0.8732950091362
v -0.167367398738861 -0.717203080654144 0.849431693553925
v -0.128029003739357 -0.704148173332214 0.822428584098816
v -0.148308202624321 -0.718871295452118 0.823538482189178
v -0.126652702689171 -0.695816814899445 0.843018710613251
v -0.109191596508026 -0.686421871185303 0.82377701997757
v -0.294412195682526 -0.553030371665955 0.674525678157806
v -0.317371010780334 -0.489071398973465 0.693236589431763
v -0.328773498535156 -0.522857785224915 0.728528022766113
v -0.339701294898987 -0.447516798973083 0.752691984176636
v -0.342467814683914 -0.439434200525284 0.77528041601181
v -0.336022794246674 -0.474231898784637 0.740937113761902
v -0.328861206769943 -0.46586599946022 0.711275398731232
v -0.312549114227295 -0.647697389125824 0.786137104034424
v -0.298978894948959 -0.66416871547699 0.762203693389893
v -0.30230250954628 -0.599610805511475 0.706576526165009
v -0.29207518696785 -0.626660823822021 0.703449726104736
v -0.28840309381485 -0.602103710174561 0.684677481651306
v -0.31595379114151 -0.558868408203125 0.871493577957153
v -0.312222808599472 -0.585964500904083 0.86534458398819
v -0.308424711227417 -0.615674316883087 0.858362972736359
v -0.323037385940552 -0.594958424568176 0.836314976215363
v -0.302971601486206 -0.656512916088104 0.81875467300415
v -0.321267992258072 -0.614044427871704 0.811168789863586
v -0.298607885837555 -0.647052586078644 0.849241375923157
v -0.339726895093918 -0.459818214178085 0.816004276275635
v -0.337383985519409 -0.442163705825806 0.836173713207245
v -0.325810313224792 -0.462289094924927 0.862299382686615
v -0.0716775134205818 -0.525924921035767 0.837895691394806
v -0.0910201966762543 -0.565845310688019 0.874763488769531
v -0.0958224833011627 -0.507735729217529 0.891821324825287
v -0.0820512026548386 -0.486635386943817 0.872258424758911
v -0.067132480442524 -0.465861290693283 0.85081547498703
v -0.0647854879498482 -0.476309806108475 0.822905600070953
v -0.0614630989730358 -0.444349199533463 0.824958920478821
v -0.062571756541729 -0.486080199480057 0.793938994407654
v -0.0674893036484718 -0.507627785205841 0.817993700504303
v -0.0956635773181915 -0.669794082641602 0.799103975296021
v -0.0982561632990837 -0.659758329391479 0.831062793731689
v -0.0859409868717194 -0.643411219120026 0.811073780059814
v -0.109149903059006 -0.582306921482086 0.895403981208801
v -0.0955672711133957 -0.59486848115921 0.871664226055145
v -0.0838574096560478 -0.604192316532135 0.847939491271973
v -0.100211903452873 -0.62379401922226 0.868344128131866
v -0.104807801544666 -0.592914402484894 0.701962888240814
v -0.0986910164356232 -0.611296474933624 0.721657991409302
v -0.115065596997738 -0.623386919498444 0.697626411914825
v -0.105143703520298 -0.640112280845642 0.723281025886536
v -0.0899951010942459 -0.626207828521729 0.744142472743988
v -0.101006001234055 -0.672658503055573 0.772464275360107
v -0.0882315933704376 -0.644552886486053 0.773695528507233
v -0.107351303100586 -0.67700982093811 0.750800371170044
v -0.0677241608500481 -0.494017004966736 0.764508426189423
v -0.0633229911327362 -0.463584393262863 0.76799201965332
v -0.0733601227402687 -0.49962329864502 0.735574901103973
v -0.0723112225532532 -0.522134780883789 0.759889721870422
v -0.0766421109437943 -0.550042688846588 0.751299500465393
v -0.0958042815327644 -0.543604791164398 0.705084979534149
v -0.110492199659348 -0.56671667098999 0.686347723007202
v -0.234570801258087 -0.523249328136444 0.640212416648865
v -0.23972000181675 -0.4940485060215 0.631120920181274
v -0.212623506784439 -0.501582324504852 0.628718793392181
v -0.266274094581604 -0.484545707702637 0.634008884429932
v -0.278920203447342 -0.538109302520752 0.660483002662659
v -0.276058703660965 -0.57352077960968 0.666774570941925
v -0.255858510732651 -0.548632681369781 0.647674024105072
v -0.124781899154186 -0.59641569852829 0.681734085083008
v -0.152045294642448 -0.568889677524567 0.656981110572815
v -0.184791594743729 -0.505512893199921 0.634531795978546
v -0.171760499477386 -0.534345626831055 0.64630651473999
v -0.155316397547722 -0.506601810455322 0.64282351732254
v -0.17618590593338 -0.65234911441803 0.667946577072144
v -0.196048304438591 -0.675363719463348 0.674490094184875
v -0.16844630241394 -0.675588428974152 0.682869017124176
v -0.136896505951881 -0.618841171264648 0.679777383804321
v -0.154180005192757 -0.631576478481293 0.669431984424591
v -0.137417703866959 -0.642438411712646 0.685846626758575
v -0.265576213598251 -0.605813026428223 0.670018672943115
v -0.245241492986679 -0.608809888362885 0.658363401889801
v -0.22207960486412 -0.668885409832001 0.675792098045349
v -0.223635703325272 -0.643080711364746 0.662873327732086
v -0.149021297693253 -0.443251103162766 0.921625375747681
v -0.180004805326462 -0.433138996362686 0.924383521080017
v -0.172986701130867 -0.462799310684204 0.924504280090332
v -0.210780993103981 -0.422373592853546 0.924522519111633
v -0.150307893753052 -0.50626939535141 0.92275869846344
v -0.122934103012085 -0.511419892311096 0.910029709339142
v -0.254972994327545 -0.529001474380493 0.921021223068237
v -0.292483597993851 -0.511712491512299 0.900874972343445
v -0.290493100881577 -0.555663585662842 0.901274919509888
v -0.29150378704071 -0.486745804548264 0.901785016059875
v -0.241055801510811 -0.427942514419556 0.918932616710663
v -0.264819890260696 -0.415254592895508 0.91241842508316
v -0.199559301137924 -0.666769206523895 0.906860411167145
v -0.225803300738335 -0.653663575649261 0.90580940246582
v -0.251150101423264 -0.637012600898743 0.906891286373138
v -0.228675201535225 -0.623256504535675 0.918084919452667
v -0.276222407817841 -0.585030376911163 0.904056310653687
v -0.251645386219025 -0.604129374027252 0.915490210056305
v -0.273837685585022 -0.617318391799927 0.899315178394318
v -0.156101405620575 -0.603157103061676 0.917903125286102
v -0.132634595036507 -0.593327820301056 0.90777200460434
v -0.136377796530724 -0.621333420276642 0.90457808971405
v -0.177015900611877 -0.620548188686371 0.919398605823517
v -0.160513892769814 -0.658611714839935 0.902029573917389
v -0.386243999004364 -0.396470308303833 0.0311410408467054
v -0.384008586406708 -0.401442587375641 0.0578347481787205
v -0.382005393505096 -0.445072799921036 0.0644184499979019
v -0.344412207603455 -0.514890313148499 0.150711998343468
v -0.359599709510803 -0.50375372171402 0.125599399209023
v -0.352439612150192 -0.532720923423767 0.130062699317932
v -0.373154401779175 -0.496372699737549 0.0962960198521614
v -0.361526787281036 -0.454285591840744 0.13171049952507
v -0.380027502775192 -0.480026185512543 -0.032464399933815
v -0.367289513349533 -0.478368490934372 -0.0615292303264141
v -0.353948891162872 -0.451023012399673 -0.0880538672208786
v -0.378843903541565 -0.387301594018936 -0.0324758514761925
v -0.383225411176682 -0.391452997922897 -0.00113275495823473
v -0.384250611066818 -0.43713191151619 -0.00256126490421593
v -0.353312909603119 -0.646200716495514 0.0327586606144905
v -0.349983006715775 -0.637163817882538 -0.0229490492492914
v -0.348361402750015 -0.549560189247131 -0.0852537080645561
v -0.357062697410583 -0.559764623641968 -0.0635597631335258
v -0.369346588850021 -0.582182228565216 -0.0199729893356562
v -0.347746402025223 -0.606935381889343 -0.058239858597517
v -0.362054109573364 -0.574742615222931 0.0943223908543587
v -0.346249908208847 -0.581985473632812 0.121175199747086
v -0.340352207422256 -0.613955616950989 0.115292102098465
v -0.346554785966873 -0.64827287197113 0.0584356486797333
v -0.337304502725601 -0.656324982643127 0.080330029129982
v -0.149668499827385 -0.440071314573288 -0.0882194265723228
v -0.156192496418953 -0.491567105054855 -0.0926113501191139
v -0.182210698723793 -0.484997004270554 -0.108619198203087
v -0.20937480032444 -0.388414889574051 -0.113532401621342
v -0.241286605596542 -0.384357988834381 -0.119065202772617
v -0.211114004254341 -0.434261590242386 -0.11377289891243
v -0.176941096782684 -0.391511887311935 -0.106036700308323
v -0.217009305953979 -0.630386888980865 -0.103608198463917
v -0.242784097790718 -0.650287210941315 -0.10130749642849
v -0.161689907312393 -0.568994224071503 -0.0919804126024246
v -0.157514095306396 -0.598946511745453 -0.0852489173412323
v -0.137875393033028 -0.569005787372589 -0.0757817029953003
v -0.328026205301285 -0.558498680591583 -0.0956642478704453
v -0.267690509557724 -0.641381204128265 -0.0983977690339088
v -0.276101797819138 -0.611569106578827 -0.109598502516747
v -0.292995005846024 -0.633772313594818 -0.0963984578847885
v -0.271205991506577 -0.378833711147308 -0.116318799555302
v -0.305838406085968 -0.381453603506088 -0.111378103494644
v -0.273943185806274 -0.429412096738815 -0.118311896920204
v -0.330607503652573 -0.469168990850449 -0.101155199110508
v -0.301858007907867 -0.474225014448166 -0.116800703108311
v -0.257955491542816 -0.475156486034393 0.205170497298241
v -0.230379894375801 -0.480601996183395 0.199555203318596
v -0.203932002186775 -0.48779970407486 0.192188203334808
v -0.224632799625397 -0.509925425052643 0.190305903553963
v -0.150775507092476 -0.534800827503204 0.15029339492321
v -0.16948090493679 -0.55498218536377 0.162564992904663
v -0.161095604300499 -0.587621510028839 0.153078898787498
v -0.193140298128128 -0.547510087490082 0.179134398698807
v -0.304109305143356 -0.513499975204468 0.183680206537247
v -0.317264407873154 -0.554433882236481 0.164898902177811
v -0.32858869433403 -0.46915340423584 0.174507096409798
v -0.310998797416687 -0.452515989542007 0.19724540412426
v -0.283973395824432 -0.465121507644653 0.202015295624733
v -0.231466993689537 -0.664804220199585 0.161521807312965
v -0.255540996789932 -0.657592177391052 0.158775195479393
v -0.276440888643265 -0.64840167760849 0.157945394515991
v -0.258266389369965 -0.629903376102448 0.172230705618858
v -0.310923606157303 -0.58457338809967 0.160291597247124
v -0.289236098527908 -0.593235611915588 0.173655897378922
v -0.305628508329391 -0.615419983863831 0.154384702444077
v -0.184345498681068 -0.61114102602005 0.166093304753304
v -0.143117398023605 -0.608635723590851 0.133498594164848
v -0.166173905134201 -0.642592489719391 0.144201800227165
v -0.18331590294838 -0.66474187374115 0.147424101829529
v -0.206585898995399 -0.665017187595367 0.154976695775986
v -0.207743793725967 -0.637750208377838 0.168586596846581
v -0.100524097681046 -0.481269806623459 0.0126994699239731
v -0.0991451293230057 -0.452380806207657 0.00768177304416895
v -0.0986404865980148 -0.462898105382919 0.0368900708854198
v -0.0959321483969688 -0.42025750875473 0.00640664808452129
v -0.102183103561401 -0.426722705364227 -0.0308167692273855
v -0.110366500914097 -0.465939104557037 -0.0400969013571739
v -0.109308801591396 -0.495522409677505 -0.0359305590391159
v -0.12281010299921 -0.546570122241974 -0.0568621791899204
v -0.124765902757645 -0.560131311416626 0.110831998288631
v -0.125440701842308 -0.504843592643738 0.11307679861784
v -0.104504600167274 -0.443411499261856 0.0639301463961601
v -0.106410600244999 -0.472109287977219 0.0654709786176682
v -0.114263899624348 -0.648071885108948 0.0197408907115459
v -0.116492800414562 -0.598388314247131 0.0900676026940346
v -0.124550200998783 -0.578367590904236 -0.051642619073391
v -0.126929998397827 -0.608962178230286 -0.0491660498082638
v -0.123674400150776 -0.657291412353516 -0.00352662894874811
v -0.108968496322632 -0.603644013404846 -0.00146337505429983
v -0.123579099774361 -0.644270896911621 -0.0242197308689356
v -0.313425689935684 0.411988794803619 -0.406948804855347
v -0.293387413024902 0.452669709920883 -0.46201080083847
v -0.282764703035355 0.503437221050262 -0.430711507797241
v -0.279817402362823 0.525670111179352 -0.418867886066437
v -0.271371304988861 0.541500627994537 -0.440810203552246
v -0.279827296733856 0.535061597824097 -0.390643090009689
v -0.286372601985931 0.505389213562012 -0.398686110973358
v -0.296970009803772 0.410604387521744 -0.22321780025959
v -0.306696802377701 0.386139303445816 -0.265310496091843
v -0.316468894481659 0.364798486232758 -0.311835914850235
v -0.307665795087814 0.410683006048203 -0.283105999231339
v -0.31899619102478 0.389739900827408 -0.389505505561829
v -0.312897086143494 0.411519110202789 -0.347095310688019
v -0.323271989822388 0.368216097354889 -0.370935797691345
v -0.267171889543533 0.480312913656235 -0.144368097186089
v -0.254549890756607 0.49041160941124 -0.115662902593613
v -0.228148803114891 0.515910625457764 -0.0743353366851807
v -0.251823902130127 0.467235088348389 -0.097727358341217
v -0.282932013273239 0.419544905424118 -0.171307101845741
v -0.284528791904449 0.442148000001907 -0.186401203274727
v -0.269337087869644 0.438631802797318 -0.129360392689705
v -0.280384510755539 0.563390016555786 -0.224123999476433
v -0.257479190826416 0.535694122314453 -0.141147598624229
v -0.27932870388031 0.548202097415924 -0.362397491931915
v -0.26887059211731 0.582387328147888 -0.404197186231613
v -0.273957699537277 0.577218770980835 -0.358484089374542
v -0.278849214315414 0.580550611019135 -0.318637192249298
v -0.279842913150787 0.558804571628571 -0.310091614723206
v -0.28047451376915 0.585327506065369 -0.288695514202118
v -0.281313210725784 0.550888180732727 -0.283397406339645
v -0.287340402603149 0.673573911190033 -0.14491680264473
v -0.290161311626434 0.65586268901825 -0.139186695218086
v -0.258113414049149 0.662789881229401 -0.142636701464653
v -0.230686604976654 0.642908871173859 -0.13003009557724
v -0.212361693382263 0.620155572891235 -0.115396700799465
v -0.242306396365166 0.616697609424591 -0.122413396835327
v -0.404023289680481 0.640101313591003 -0.15618209540844
v -0.401599496603012 0.625321507453918 -0.160537004470825
v -0.407570511102676 0.653092503547668 -0.149042993783951
v -0.353475004434586 0.664177715778351 -0.144233196973801
v -0.346094012260437 0.592590510845184 -0.164330005645752
v -0.34125679731369 0.585073411464691 -0.185928001999855
v -0.384712487459183 0.605091512203217 -0.181850001215935
v -0.22919850051403 0.596427381038666 -0.112661302089691
v -0.256934493780136 0.589693188667297 -0.123020902276039
v -0.302473813295364 0.577632129192352 -0.158093601465225
v -0.322410404682159 0.581005275249481 -0.205900698900223
v -0.291894495487213 0.57090151309967 -0.186169996857643
v -0.294378489255905 0.582288980484009 -0.237955003976822
v -0.358899891376495 0.61627322435379 -0.267189204692841
v -0.381694793701172 0.630717098712921 -0.271210908889771
v -0.34257099032402 0.589056313037872 -0.216498494148254
v -0.330436706542969 0.653896570205688 -0.324203312397003
v -0.363105088472366 0.631645321846008 -0.288348197937012
v -0.37859719991684 0.64666211605072 -0.293902307748795
v -0.292405486106873 0.607978522777557 -0.291913509368896
v -0.418849587440491 0.664583921432495 -0.26716160774231
v -0.398238509893417 0.654722809791565 -0.2801353931427
v -0.390351206064224 0.6713907122612 -0.302904695272446
v -0.414970487356186 0.70932811498642 -0.29047429561615
v -0.405757993459702 0.71901547908783 -0.300606995820999
v -0.430952608585358 0.71988981962204 -0.27604278922081
v -0.430705606937408 0.694971024990082 -0.271408498287201
v -0.424293100833893 0.637275576591492 -0.204210102558136
v -0.435083508491516 0.644014477729797 -0.182732000946999
v -0.401324689388275 0.637419521808624 -0.253229886293411
v -0.420952588319778 0.645934820175171 -0.23774079978466
v -0.46594449877739 0.695013523101807 -0.186216995120049
v -0.445342987775803 0.669862508773804 -0.163816004991531
v -0.0745306611061096 0.322171986103058 0.144383504986763
v -0.0490254685282707 0.324093401432037 0.162873193621635
v -0.0704346969723701 0.321875989437103 0.17385059595108
v -0.0253252293914557 0.321023494005203 0.212508901953697
v -0.0247461795806885 0.323689699172974 0.18130350112915
v -0.145427405834198 0.307876408100128 0.183029100298882
v -0.151586294174194 0.304619491100311 0.155500695109367
v -0.132308304309845 0.310337990522385 0.133973598480225
v -0.104799397289753 0.317541897296906 0.141617506742477
v -0.124475598335266 0.313370287418365 0.162593394517899
v -0.103476196527481 0.304675489664078 0.286328285932541
v -0.158575907349586 0.301234185695648 0.232149198651314
v -0.129734799265862 0.309901803731918 0.236520394682884
v -0.149410903453827 0.301088690757751 0.258984386920929
v -0.0327954888343811 0.3169184923172 0.243108406662941
v -0.0263738799840212 0.312367588281631 0.270011991262436
v -0.0427585691213608 0.306879192590714 0.292002886533737
v -0.0725724473595619 0.307133108377457 0.287555009126663
v -0.0656012818217278 0.301210790872574 0.311579495668411
v -0.0550759993493557 0.313130497932434 0.265666395425797
v -0.0164090301841497 0.226756602525711 0.575471520423889
v -0.0195245295763016 0.225379303097725 0.631034016609192
v -0.0498588904738426 0.209746405482292 0.735247194766998
v -0.00882520899176598 0.213050603866577 0.737716197967529
v -0.0215700697153807 0.195824906229973 0.785910785198212
v -0.0918688923120499 0.184739902615547 0.780390322208405
v -0.0805243626236916 0.137155503034592 0.866012573242188
v -0.111824803054333 0.13066029548645 0.859168589115143
v -0.113898500800133 0.156663104891777 0.820524871349335
v -0.0213742405176163 0.172880604863167 0.831210911273956
v -0.0475068315863609 0.14225110411644 0.870181083679199
v -0.0386629998683929 -0.434149891138077 0.0759689584374428
v -0.0861549004912376 -0.417043000459671 0.0498504489660263
v -0.0969261005520821 -0.431964486837387 0.0967809483408928
v -0.0759619474411011 -0.360083609819412 -0.0466711409389973
v -0.0787856504321098 -0.393171012401581 0.00101551599800587
v -0.0194906909018755 -0.388658404350281 -0.018319109454751
v -0.0609510205686092 -0.413138389587402 0.857430517673492
v -0.0532323718070984 -0.374880105257034 0.875136017799377
v -0.0592458099126816 -0.448571503162384 0.720830023288727
v -0.0508554987609386 -0.432764500379562 0.772468507289886
v -0.0116919297724962 -0.406515002250671 0.788909316062927
v -0.0345621183514595 -0.434085011482239 0.735979676246643
v -0.0850581973791122 0.291993707418442 0.332561701536179
v -0.0587226003408432 0.292531698942184 0.333885103464127
v -0.0766722708940506 0.283266305923462 0.355348497629166
v -0.042295690625906 0.274138301610947 0.379236996173859
v -0.010060410015285 0.272637188434601 0.382844507694244
v -0.0218399409204721 0.283534198999405 0.358114808797836
v -0.139648392796516 0.260766893625259 0.372229099273682
v -0.117876797914505 0.269471704959869 0.370749086141586
v -0.113667696714401 0.288508713245392 0.330231994390488
v -0.102869503200054 0.280654311180115 0.353286892175674
v -0.0708825886249542 0.236023306846619 0.468185812234879
v -0.133611604571342 0.240177199244499 0.417066812515259
v -0.11106850206852 0.248743295669556 0.41583839058876
v -0.0230682007968426 0.254817694425583 0.42521008849144
v -0.04397789016366 0.244140297174454 0.450921088457108
v -0.0488450117409229 0.234394893050194 0.482107698917389
v -0.055518601089716 0.349752187728882 0.0347812511026859
v -0.0744897723197937 0.332482814788818 0.0413304008543491
v -0.032540138810873 0.329223394393921 0.0722113698720932
v -0.0218140501528978 0.337136507034302 0.0485599003732204
v -0.135344505310059 0.310303509235382 0.00893430504947901
v -0.142153903841972 0.298250287771225 0.0211361106485128
v -0.116045497357845 0.337860286235809 0.015370050445199
v -0.102872498333454 0.325470507144928 0.0309145599603653
v -0.113012202084064 0.314367294311523 0.112000197172165
v -0.120283097028732 0.310972601175308 0.0804778262972832
v -0.147200301289558 0.297372490167618 0.0723396018147469
v -0.0203876197338104 0.327548712491989 0.0939655527472496
v -0.0684047862887383 0.323275089263916 0.109468698501587
v -0.115480899810791 0.470091193914413 0.0381191894412041
v -0.0866099372506142 0.471447587013245 0.0469138212502003
v -0.10147999972105 0.4981310069561 0.0376941300928593
v -0.0556044392287731 0.472476691007614 0.0543057098984718
v -0.0988573580980301 0.44777050614357 0.044492568820715
v -0.0534552484750748 0.429431110620499 0.0521346181631088
v -0.0268798395991325 0.41925510764122 0.0520509295165539
v -0.0335323102772236 0.451109409332275 0.0570739395916462
v -0.186367899179459 0.393133014440536 -0.0135628003627062
v -0.187492296099663 0.417855501174927 -0.00610068021342158
v -0.161332696676254 0.474521607160568 0.0150571698322892
v -0.150346398353577 0.447455912828445 0.0218719393014908
v -0.171114593744278 0.454047799110413 0.0106682600453496
v -0.115279100835323 0.364339202642441 0.020171420648694
v -0.164069697260857 0.369341403245926 -0.00520072318613529
v -0.0240691807121038 0.384551107883453 0.0434510409832001
v -0.0729771330952644 0.367958009243011 0.034031368792057
v -0.121848501265049 0.522750020027161 -0.54976212978363
v -0.0706099271774292 0.55119127035141 -0.541620016098022
v -0.0654305964708328 0.602570772171021 -0.520753681659698
v -0.00550614995881915 0.640226900577545 -0.507688403129578
v -0.202207699418068 0.601768970489502 -0.49956339597702
v -0.170643493533134 0.607563972473145 -0.505533277988434
v -0.187111899256706 0.62894070148468 -0.492828011512756
v -0.170779794454575 0.537988603115082 -0.534398674964905
v -0.16782209277153 0.495208114385605 -0.555264472961426
v -0.161032199859619 0.564932405948639 -0.524050772190094
v -0.108575202524662 0.7268887758255 -0.460587412118912
v -0.1357342004776 0.719639778137207 -0.459416002035141
v -0.129533395171165 0.745340883731842 -0.445493012666702
v -0.140876993536949 0.694396495819092 -0.473035603761673
v -0.216186493635178 0.655886828899384 -0.469043403863907
v -0.166928693652153 0.652860581874847 -0.487227290868759
v -0.0437590405344963 0.680414080619812 -0.489640086889267
v -0.0387358516454697 0.728302121162415 -0.467100501060486
v -0.0816917270421982 0.731483817100525 -0.461142599582672
v -0.0773828327655792 0.757330000400543 -0.447275608778
v -0.0882866680622101 0.704891800880432 -0.475644797086716
v -0.0527542307972908 0.365995287895203 -0.653391778469086
v -0.0452381484210491 0.389932304620743 -0.6394944190979
v -0.0413780696690083 0.415488511323929 -0.621833622455597
v -0.227385193109512 0.406551003456116 -0.598606407642365
v -0.224288895726204 0.383018910884857 -0.617324471473694
v -0.212016105651855 0.362145602703094 -0.63587898015976
v -0.1945710927248 0.387356013059616 -0.626330316066742
v -0.165173202753067 0.343579888343811 -0.655847370624542
v -0.107950299978256 0.497754514217377 -0.563316822052002
v -0.207550898194313 0.470718294382095 -0.560496985912323
v -0.172022804617882 0.45014289021492 -0.583735108375549
v -0.230081096291542 0.453367501497269 -0.560729026794434
v -0.0191740300506353 0.446142286062241 -0.59990519285202
v -0.0457960516214371 0.459513485431671 -0.590521275997162
v -0.0568403601646423 0.43487548828125 -0.607751488685608
v -0.0993544831871986 -0.259817391633987 0.944179475307465
v -0.0557108595967293 -0.337091714143753 0.906013429164886
v -0.0898459926247597 -0.304182201623917 0.930398225784302
v -0.0583047084510326 -0.299676895141602 0.930167615413666
v -0.0250022392719984 -0.294571995735168 0.929567277431488
v -0.0359354391694069 -0.331071108579636 -0.0865395665168762
v -0.0145020801573992 -0.300442487001419 -0.123229198157787
v -0.0911480486392975 -0.264760613441467 -0.141799703240395
v -0.10892079770565 -0.287714689970016 -0.121751300990582
v -0.0994327664375305 -0.302417099475861 -0.110086098313332
v -0.0625423863530159 -0.326884001493454 -0.0878791213035583
v -0.07889124751091 -0.324110507965088 -0.0884500369429588
v -0.0803027302026749 -0.200591400265694 -0.184708505868912
v -0.05362419039011 -0.208928003907204 -0.185855805873871
v -0.102017402648926 -0.215300902724266 -0.172033593058586
v -0.0975187569856644 -0.238686993718147 -0.158826604485512
v -0.0137143097817898 -0.261770009994507 -0.156051099300385
v -0.040523499250412 -0.16033610701561 -0.204681307077408
v -0.0644119307398796 -0.158186405897141 -0.201908305287361
v -0.0168876498937607 -0.102173998951912 -0.218772500753403
v -0.133904993534088 -0.0536758787930012 -0.183945596218109
v -0.10047359764576 -0.0903629511594772 -0.200016006827354
v -0.0889682024717331 -0.149448305368423 -0.198271200060844
v -0.0892642512917519 -0.00417629908770323 -0.204868599772453
v -0.0937421023845673 0.0248010102659464 -0.204605102539062
v -0.0715520828962326 0.02016388066113 -0.217797294259071
v -0.101319998502731 0.051827359944582 -0.198841795325279
v -0.113084100186825 0.0272880792617798 -0.189942196011543
v -0.12641279399395 0.00268955808132887 -0.180958300828934
v -0.113526701927185 -0.0252546798437834 -0.192215204238892
v -0.0182645507156849 -0.0458924397826195 -0.227144703269005
v -0.053069569170475 0.0432813391089439 -0.228561505675316
v -0.0450274907052517 0.0157387293875217 -0.229062393307686
v -0.0571063011884689 0.0698123574256897 -0.233860492706299
v -0.0793772265315056 0.0536495298147202 -0.217500194907188
v -0.0301917493343353 0.0588519312441349 -0.241351097822189
v -0.133774802088737 0.122196696698666 -0.183415994048119
v -0.0988838225603104 0.078883096575737 -0.207614094018936
v -0.118649899959564 0.0733034387230873 -0.188283905386925
v -0.115509696304798 0.138419404625893 -0.265656709671021
v -0.147052899003029 0.156842604279518 -0.208902105689049
v -0.0185093898326159 0.101084202528 -0.26123121380806
v -0.0378247015178204 0.115874499082565 -0.276453286409378
v -0.0673332810401917 0.123459696769714 -0.283854693174362
v -0.0762801095843315 0.122270099818707 -0.316271811723709
v -0.0295326095074415 0.110001102089882 -0.35727670788765
v -0.173613294959068 0.135229796171188 -0.355481714010239
v -0.172396197915077 0.143764495849609 -0.33114218711853
v -0.159931093454361 0.145670503377914 -0.309881001710892
v -0.151109993457794 0.132344096899033 -0.33857199549675
v -0.140042200684547 0.143495604395866 -0.28787499666214
v -0.117888897657394 0.135167896747589 -0.29508450627327
v -0.133370995521545 0.135267004370689 -0.314475208520889
v -0.138454094529152 0.112283401191235 -0.411002993583679
v -0.133369296789169 0.108721300959587 -0.43726259469986
v -0.110245399177074 0.10555449873209 -0.427208095788956
v -0.15758390724659 0.113054901361465 -0.435282707214355
v -0.176600992679596 0.128841802477837 -0.382632911205292
v -0.147646799683571 0.122850999236107 -0.367574512958527
v -0.0265273191034794 0.104361101984978 -0.388845711946487
v -0.0266511905938387 0.101465903222561 -0.417274087667465
v -0.0528794601559639 0.106119096279144 -0.382328301668167
v -0.0869954973459244 0.103252798318863 -0.449670404195786
v -0.0829618722200394 0.104010999202728 -0.424465894699097
v -0.0746640563011169 0.104630202054977 -0.400883287191391
v -0.054447740316391 0.10168369859457 -0.425172507762909
v -0.0938202068209648 0.108926996588707 -0.480179011821747
v -0.115037396550179 0.106554999947548 -0.457542210817337
v -0.064125657081604 0.10559020191431 -0.472615987062454
v -0.0501922704279423 0.118474498391151 -0.51768547296524
v -0.0217498894780874 0.113714501261711 -0.506140828132629
v -0.198477193713188 0.126298993825912 -0.476797610521317
v -0.143204495310783 0.112337201833725 -0.463222712278366
v -0.152085795998573 0.117130897939205 -0.4898442029953
v -0.185215801000595 0.157328605651855 -0.56851327419281
v -0.180624604225159 0.174059599637985 -0.589787006378174
v -0.13467900454998 0.164686501026154 -0.589070320129395
v -0.211786299943924 0.17296989262104 -0.57982212305069
v -0.233261406421661 0.164073199033737 -0.553329110145569
v -0.220566898584366 0.147425100207329 -0.526560723781586
v -0.205414205789566 0.151676997542381 -0.550939977169037
v -0.034229688346386 0.153594404459 -0.582834780216217
v -0.0543441101908684 0.130261406302452 -0.544825077056885
v -0.103481702506542 0.183761894702911 -0.614105224609375
v -0.114330403506756 0.170539006590843 -0.597804605960846
v -0.110042199492455 0.154831692576408 -0.58026248216629
v -0.0907863974571228 0.166644394397736 -0.595725178718567
v -0.106479503214359 0.217298001050949 -0.638782024383545
v -0.114244200289249 0.200948402285576 -0.625939190387726
v -0.160631000995636 0.209222003817558 -0.627442479133606
v -0.0834432318806648 0.198913097381592 -0.627017319202423
v -0.0935104936361313 0.239854201674461 -0.650910496711731
v -0.0360084101557732 0.240476503968239 -0.652490079402924
v -0.238429695367813 0.259748607873917 -0.633650720119476
v -0.229990392923355 0.285544097423553 -0.643649280071259
v -0.243685394525528 0.236698195338249 -0.621391415596008
v -0.21851709485054 0.214831903576851 -0.618401110172272
v -0.179787799715996 0.227019906044006 -0.635888516902924
v -0.204659998416901 0.286640286445618 -0.65254020690918
v -0.0872626230120659 0.285530209541321 -0.665112018585205
v -0.0335228703916073 0.306630492210388 -0.668253004550934
v -0.0948911234736443 0.306953996419907 -0.667115986347198
v -0.0565466582775116 0.584552586078644 0.0146317295730114
v -0.0992039516568184 0.526637971401215 0.0264459401369095
v -0.0740002915263176 0.515122771263123 0.0410884208977222
v -0.0742124170064926 0.662110686302185 -0.0488489381968975
v -0.072118379175663 0.684778988361359 -0.0690233781933784
v -0.0916353315114975 0.684332191944122 -0.0838180631399155
v -0.0553228594362736 0.709019720554352 -0.0766471400856972
v -0.0299470108002424 0.641813099384308 -0.0119542395696044
v -0.202911093831062 0.602777719497681 -0.0980667099356651
v -0.183263003826141 0.628339529037476 -0.103434801101685
v -0.159963995218277 0.65166562795639 -0.108368396759033
v -0.158615797758102 0.627021312713623 -0.0865936130285263
v -0.109503902494907 0.691203117370605 -0.107304602861404
v -0.117374897003174 0.646200478076935 -0.0686600729823112
v -0.136969104409218 0.672726929187775 -0.112924002110958
v -0.223711505532265 0.538897514343262 -0.0819876492023468
v -0.210363000631332 0.535886824131012 -0.063427247107029
v -0.218660801649094 0.580848276615143 -0.0957726165652275
v -0.194947600364685 0.583473980426788 -0.078940287232399
v -0.149366393685341 0.519581913948059 0.00387094193138182
v -0.194144397974014 0.529816806316376 -0.0385108590126038
v -0.211722895503044 0.507960021495819 -0.0479044392704964
v -0.263029098510742 0.567098617553711 -0.446218401193619
v -0.263191610574722 0.552856624126434 -0.462233692407608
v -0.257683306932449 0.589250028133392 -0.45390859246254
v -0.264599114656448 0.585288226604462 -0.428837597370148
v -0.229403495788574 0.604644000530243 -0.483481705188751
v -0.24541549384594 0.604368507862091 -0.472328007221222
v -0.237796396017075 0.675072073936462 -0.42750608921051
v -0.257777094841003 0.608952283859253 -0.440221011638641
v -0.262584388256073 0.608459413051605 -0.408427596092224
v -0.237630099058151 0.655164420604706 -0.449800789356232
v -0.256499111652374 0.734938383102417 -0.310622990131378
v -0.237095698714256 0.746273577213287 -0.29413029551506
v -0.277904987335205 0.723508596420288 -0.323136001825333
v -0.25203350186348 0.716015219688416 -0.338414996862411
v -0.401042908430099 0.739478826522827 -0.285707294940948
v -0.378096401691437 0.717154681682587 -0.312917113304138
v -0.348150312900543 0.711398005485535 -0.326952993869781
v -0.360625594854355 0.749800682067871 -0.280795514583588
v -0.369960695505142 0.757897913455963 -0.256157487630844
v -0.413105010986328 0.749983787536621 -0.263134986162186
v -0.275133013725281 0.753046810626984 -0.272586196660995
v -0.316977798938751 0.76205039024353 -0.244032293558121
v -0.214046001434326 0.744803190231323 -0.184910699725151
v -0.3337062895298 0.760868072509766 -0.225996196269989
v -0.326568990945816 0.75443559885025 -0.204223200678825
v -0.429026812314987 0.739258706569672 -0.187906101346016
v -0.424493014812469 0.750526487827301 -0.212550103664398
v -0.37973541021347 0.756087005138397 -0.213716804981232
v -0.425832509994507 0.720195710659027 -0.166420206427574
v -0.216587007045746 0.723587810993195 -0.170948594808578
v -0.0789722725749016 0.724615216255188 -0.11185210198164
v -0.10195580124855 0.719893872737885 -0.128101095557213
v -0.124570697546005 0.725453913211823 -0.148818597197533
v -0.102208599448204 0.744230210781097 -0.145892903208733
v -0.146292001008987 0.737251818180084 -0.165918096899986
v -0.0295305792242289 0.765735626220703 -0.115950301289558
v -0.033113069832325 0.749939620494843 -0.0992860496044159
v -0.0399230010807514 0.731883406639099 -0.0851243063807487
v -0.0573569796979427 0.729225277900696 -0.098085530102253
v -0.056842889636755 0.748637974262238 -0.116082601249218
v -0.0255468804389238 0.824084103107452 -0.360846996307373
v -0.0984146222472191 0.772144079208374 -0.428865313529968
v -0.0745779126882553 0.774980783462524 -0.430755913257599
v -0.052915558218956 0.780245780944824 -0.430069804191589
v -0.0821741372346878 0.79001122713089 -0.414225608110428
v -0.0203262902796268 0.80232447385788 -0.409147709608078
v -0.143491595983505 0.777512192726135 -0.408009707927704
v -0.162728995084763 0.767439723014832 -0.409862905740738
v -0.148809403181076 0.758362710475922 -0.427426010370255
v -0.123489901423454 0.7666335105896 -0.427412092685699
v -0.220636904239655 0.714936912059784 -0.407383590936661
v -0.236834406852722 0.697810709476471 -0.390715211629868
v -0.157575398683548 0.866618692874908 -0.220349997282028
v -0.175732597708702 -0.481281012296677 0.49291530251503
v -0.209378600120544 -0.463267207145691 0.447015792131424
v -0.170561701059341 -0.455950796604156 0.568227529525757
v -0.0867435336112976 -0.463402986526489 0.648181617259979
v -0.0415733195841312 -0.454708486795425 0.189335092902184
v -0.120573796331882 -0.447622895240784 0.212053805589676
v -0.118389897048473 -0.444284409284592 0.183839499950409
v -0.14575569331646 -0.445169895887375 0.225326895713806
v -0.207153603434563 -0.466073006391525 0.391200810670853
v -0.176040396094322 -0.472254306077957 0.337242096662521
v -0.216885194182396 -0.440985590219498 0.333126485347748
v -0.0590957403182983 -0.489917904138565 0.580869019031525
v -0.0294468607753515 -0.491524785757065 0.585391402244568
v -0.0316752307116985 -0.508178114891052 0.541847288608551
v -0.0161397494375706 -0.517517626285553 0.519139528274536
v -0.0207587592303753 -0.501563012599945 0.562214374542236
v -0.145908400416374 -0.48607349395752 0.528400719165802
v -0.118847496807575 -0.492839485406876 0.53768128156662
v -0.122603699564934 -0.51077401638031 0.462602108716965
v -0.10613489896059 -0.517296314239502 0.441160291433334
v -0.145435899496078 -0.505877494812012 0.416239112615585
v -0.133186995983124 -0.508625626564026 0.441334009170532
v -0.152672097086906 -0.493138998746872 0.495273888111115
v -0.123343296349049 -0.5055211186409 0.4887914955616
v -0.0255444198846817 -0.522798895835876 0.494539588689804
v -0.0598077885806561 -0.519448399543762 0.493256896734238
v -0.0895083770155907 -0.522018671035767 0.415052711963654
v -0.0807175636291504 -0.522692799568176 0.441782891750336
v -0.075121782720089 -0.522301077842712 0.468402892351151
v -0.0549870692193508 -0.527811110019684 0.442745804786682
v -0.10430770367384 -0.513870179653168 0.389552086591721
v -0.0795280262827873 -0.518878519535065 0.388618797063828
v -0.0515955314040184 -0.52330869436264 0.383994996547699
v -0.075678363442421 -0.513995587825775 0.361457794904709
v -0.0315598100423813 -0.519938826560974 0.360224813222885
v -0.0272265002131462 -0.502462387084961 0.310192614793777
v -0.044565349817276 -0.509793877601624 0.334517598152161
v -0.151738494634628 -0.484014689922333 0.33863890171051
v -0.158014103770256 -0.495652407407761 0.39064958691597
v -0.129586800932884 -0.50597357749939 0.389977693557739
v -0.117915898561478 -0.504310071468353 0.364083707332611
v -0.0766007080674171 -0.4671590924263 0.24259440600872
v -0.103894099593163 -0.464268893003464 0.251214891672134
v -0.131266593933105 -0.473019808530807 0.290827512741089
v -0.0445205606520176 -0.489917486906052 0.283442914485931
v -0.0178035702556372 -0.491448700428009 0.282176494598389
v -0.0477828904986382 -0.469843089580536 0.237137198448181
v -0.0591278187930584 -0.477860897779465 0.261366307735443
v -0.206598699092865 -0.0454426594078541 0.923323392868042
v -0.265080988407135 -0.117664203047752 0.88074392080307
v -0.265004485845566 -0.0898406729102135 0.879713118076324
v -0.247200593352318 -0.105105496942997 0.898085176944733
v -0.228631794452667 -0.0630696564912796 0.908792197704315
v -0.218435496091843 -0.163029298186302 0.91946268081665
v -0.227944299578667 -0.189996004104614 0.912825584411621
v -0.200873404741287 -0.18603490293026 0.928241610527039
v -0.267129987478256 -0.174582898616791 0.881392002105713
v -0.265574008226395 -0.146074399352074 0.881552219390869
v -0.146553799510002 -0.150206506252289 0.953072726726532
v -0.192483693361282 -0.159171998500824 0.933604180812836
v -0.17430280148983 -0.180427595973015 0.940514326095581
v -0.159316003322601 0.0704478397965431 0.890484511852264
v -0.14526279270649 0.0567141585052013 0.907972514629364
v -0.120658800005913 0.0540447011590004 0.922213077545166
v -0.199673905968666 0.0626892372965813 0.865401327610016
v -0.229427099227905 -0.0362132787704468 0.901345789432526
v -0.247609600424767 -0.00624644476920366 0.869339406490326
v -0.0226448308676481 0.0466678813099861 0.955632328987122
v -0.0196250695735216 0.0214667804539204 0.97259932756424
v -0.0434207692742348 0.108519002795219 0.90635097026825
v -0.088280200958252 0.101825803518295 0.899521827697754
v -0.066982701420784 0.0195056293159723 0.963810682296753
v -0.102465197443962 0.0381154082715511 0.939846575260162
v -0.0509853810071945 -0.180323198437691 0.971193790435791
v -0.0816511288285255 -0.178549095988274 0.966635406017303
v -0.118575602769852 -0.148084402084351 0.962363183498383
v 0.299361288547516 -0.403004497289658 0.313239902257919
v 0.276750206947327 -0.415225297212601 0.333714604377747
v 0.179620504379272 -0.45457199215889 0.184370502829552
v 0.26505708694458 -0.419863611459732 0.278158485889435
v 0.292072296142578 -0.407811999320984 0.280513614416122
v 0.353324204683304 -0.364876687526703 0.227014392614365
v 0.335548490285873 -0.400274991989136 0.19369250535965
v 0.26794171333313 -0.424639612436295 0.508914172649384
v 0.292946010828018 -0.437444508075714 0.636578023433685
v 0.315759688615799 -0.409857004880905 0.624812424182892
v 0.27121239900589 -0.426066011190414 0.561129629611969
v 0.237752303481102 -0.43997260928154 0.56401389837265
v 0.132778495550156 -0.47920748591423 0.647281527519226
v 0.318864107131958 -0.296623706817627 -0.0962275937199593
v 0.26021420955658 -0.241087898612022 -0.12124440073967
v 0.253239691257477 -0.209075599908829 -0.124109402298927
v 0.219423294067383 -0.244692295789719 -0.130449905991554
v 0.154679402709007 -0.344850808382034 -0.100026600062847
v 0.198000803589821 -0.225610896945 -0.137950003147125
v 0.146421805024147 -0.164111196994781 -0.176123902201653
v 0.127549305558205 -0.183930605649948 -0.176858797669411
v 0.200075894594193 -0.19869689643383 -0.146658003330231
v 0.226177901029587 -0.188980400562286 -0.137645706534386
v 0.295055091381073 -0.113384701311588 -0.0900440663099289
v 0.252810090780258 -0.180345803499222 -0.127688199281693
v 0.289719313383102 0.020228810608387 -0.0382787808775902
v 0.230069801211357 -0.0123777100816369 -0.116124801337719
v 0.250168114900589 -0.034559078514576 -0.109350800514221
v 0.289976298809052 -0.081877589225769 -0.0874064490199089
v 0.243863299489021 -0.0545961707830429 -0.120594397187233
v 0.225154906511307 -0.0605859011411667 -0.135448396205902
v 0.129478201270103 -0.141797095537186 -0.186425000429153
v 0.150918394327164 -0.131680205464363 -0.179173305630684
v 0.20589579641819 -0.040079940110445 -0.142012402415276
v 0.174782499670982 0.0373535789549351 -0.140246495604515
v 0.171844199299812 0.0806949436664581 -0.124671399593353
v 0.152590706944466 0.0362722687423229 -0.155460894107819
v 0.209354504942894 -0.0148584097623825 -0.132482200860977
v 0.311357289552689 -0.368967801332474 0.877110719680786
v 0.288090497255325 -0.363809496164322 0.892497479915619
v 0.293183088302612 -0.392844706773758 0.893318295478821
v 0.215212106704712 -0.30257049202919 0.91969621181488
v 0.238925293087959 -0.316318988800049 0.910596311092377
v 0.238774001598358 -0.287577986717224 0.910326302051544
v 0.279143512248993 -0.233741700649261 0.876526176929474
v 0.270766913890839 -0.202902302145958 0.880186200141907
v 0.151268392801285 -0.186080902814865 0.947368025779724
v 0.191013306379318 -0.26398441195488 0.92523330450058
v 0.195052295923233 -0.287082314491272 0.923947215080261
v 0.115109100937843 -0.385982811450958 0.911446273326874
v 0.0955954268574715 -0.364062994718552 0.910910487174988
v 0.188385397195816 -0.309139907360077 0.925198018550873
v 0.356433302164078 -0.311682194471359 -0.0634209886193275
v 0.37109249830246 -0.238814502954483 0.00109554594382644
v 0.379411488771439 -0.254477292299271 0.0418999418616295
v 0.363818198442459 -0.191459700465202 0.00118955702055246
v 0.329734891653061 -0.110261902213097 -0.0410404689610004
v 0.374691814184189 -0.204793199896812 0.0420767404139042
v 0.383150786161423 -0.185431495308876 0.142138093709946
v 0.384612292051315 -0.176108196377754 0.164551094174385
v 0.380681186914444 -0.246254101395607 0.071099266409874
v 0.377208113670349 -0.337818711996078 0.139712795615196
v 0.360414892435074 -0.356898486614227 0.198049798607826
v 0.371255308389664 -0.300495207309723 0.339358508586884
v 0.365790188312531 -0.320924997329712 0.33864238858223
v 0.368952989578247 -0.314571797847748 0.307359308004379
v 0.362765908241272 -0.338138610124588 0.217943996191025
v 0.372186094522476 -0.308286309242249 0.275760889053345
v 0.376874089241028 -0.286918699741364 0.276114910840988
v 0.385843098163605 -0.203743398189545 0.216380998492241
v 0.379837989807129 -0.265348106622696 0.276698112487793
v 0.377334892749786 -0.272951692342758 0.308745205402374
v 0.371398597955704 -0.246483698487282 0.403680592775345
v 0.367897689342499 -0.250315397977829 0.433738499879837
v 0.372664391994476 -0.224094599485397 0.404668897390366
v 0.37407910823822 -0.279556304216385 0.340207993984222
v 0.361617207527161 -0.0688460692763329 0.410216391086578
v 0.358946204185486 -0.0710171163082123 0.440007001161575
v 0.35623499751091 -0.0467608906328678 0.414623707532883
v 0.378614485263824 -0.128316506743431 0.346189707517624
v 0.376098096370697 -0.106705099344254 0.345235794782639
v 0.3791463971138 -0.103059597313404 0.314303308725357
v 0.37319540977478 -0.201598301529884 0.405510008335114
v 0.369666308164597 -0.204987704753876 0.435760289430618
v 0.379504799842834 -0.149837002158165 0.345385700464249
v 0.382761389017105 -0.145294696092606 0.31405770778656
v 0.386472702026367 -0.174931704998016 0.221216306090355
v 0.384675890207291 -0.139849200844765 0.282434403896332
v 0.383817791938782 -0.119185499846935 0.283624202013016
v 0.374282091856003 -0.0430041812360287 0.198268696665764
v 0.374702990055084 -0.0485710799694061 0.228949695825577
v 0.368734389543533 -0.0275957006961107 0.236760795116425
v 0.381155014038086 -0.0984430536627769 0.283597499132156
v 0.315807908773422 0.0215983502566814 0.00822540186345577
v 0.345754504203796 -0.0434587113559246 0.0258180908858776
v 0.371279001235962 -0.0376174002885818 0.167701900005341
v 0.365663111209869 -0.0165412407368422 0.177932396531105
v 0.366506189107895 -0.054637748748064 0.0950879529118538
v 0.325060099363327 -0.0824623480439186 -0.0386247187852859
v 0.352371513843536 -0.0699538066983223 0.0305222906172276
v 0.32651948928833 -0.377224296331406 0.84963059425354
v 0.325924903154373 -0.40824818611145 0.857234716415405
v 0.335468500852585 -0.328297704458237 0.797970712184906
v 0.330954194068909 -0.301490694284439 0.800870597362518
v 0.338819414377213 -0.323510497808456 0.76948881149292
v 0.331944793462753 -0.388061910867691 0.673411011695862
v 0.329907089471817 -0.412198007106781 0.691474914550781
v 0.340768903493881 -0.32914999127388 0.745404005050659
v 0.338709712028503 -0.30664798617363 0.745854914188385
v 0.342799186706543 -0.248270198702812 0.691311180591583
v 0.342376589775085 -0.227403894066811 0.692158877849579
v 0.345275491476059 -0.250051110982895 0.662934899330139
v 0.338122099637985 -0.285233199596405 0.746568977832794
v 0.334069490432739 -0.282062411308289 0.774129927158356
v 0.300284713506699 -0.234153494238853 0.848898112773895
v 0.299062013626099 -0.202993094921112 0.84351909160614
v 0.327760607004166 -0.277152508497238 0.800311088562012
v 0.278648197650909 -0.058831300586462 0.860169589519501
v 0.292893290519714 -0.0674198567867279 0.839804828166962
v 0.329327613115311 -0.120825700461864 0.771617412567139
v 0.319171696901321 -0.114821203052998 0.797313988208771
v 0.319945514202118 -0.141134306788445 0.796615421772003
v 0.2859767973423 -0.186255395412445 0.863228499889374
v 0.347454190254211 -0.207607001066208 0.665436983108521
v 0.343840688467026 -0.206191092729568 0.693176209926605
v 0.335342705249786 -0.16079169511795 0.747853219509125
v 0.335680693387985 -0.13760270178318 0.748227596282959
v 0.346411287784576 -0.0757460370659828 0.671304285526276
v 0.342208594083786 -0.076162077486515 0.698006212711334
v 0.338841199874878 -0.0541903786361217 0.698688328266144
v 0.335973501205444 -0.1169778034091 0.745999217033386
v 0.357089310884476 -0.0724158808588982 0.470398813486099
v 0.352219998836517 -0.04964978992939 0.47371169924736
v 0.360531806945801 -0.119617201387882 0.527076721191406
v 0.362956702709198 -0.144635498523712 0.517730295658112
v 0.359152108430862 -0.119185499846935 0.557041585445404
v 0.348535597324371 -0.0754769071936607 0.643977582454681
v 0.344993710517883 -0.0532343313097954 0.644967973232269
v 0.357151210308075 -0.119423903524876 0.585890471935272
v 0.358690202236176 -0.142140299081802 0.584647297859192
v 0.350551605224609 -0.208509400486946 0.637483596801758
v 0.349062412977219 -0.230204597115517 0.636096477508545
v 0.357884109020233 -0.164979100227356 0.583675503730774
v 0.360025197267532 -0.167712494730949 0.558785319328308
v 0.365990191698074 -0.231908902525902 0.46443510055542
v 0.366879194974899 -0.209063097834587 0.465527385473251
v 0.361805111169815 -0.165694504976273 0.531473875045776
v 0.346826404333115 -0.339104890823364 0.514884293079376
v 0.364733695983887 -0.254565089941025 0.463209807872772
v 0.351987302303314 -0.299367487430573 0.545789778232574
v 0.34833899140358 -0.251632899045944 0.634666800498962
v 0.349818795919418 -0.297517389059067 0.574451506137848
v 0.346885293722153 -0.319785088300705 0.571916997432709
v 0.324217200279236 -0.381339192390442 0.623292505741119
v 0.234380602836609 0.242087602615356 0.183363497257233
v 0.1753790974617 0.288579702377319 0.114843502640724
v 0.194407492876053 0.272589802742004 0.124129198491573
v 0.190714403986931 0.271370708942413 0.0963162109255791
v 0.213206306099892 0.266387611627579 0.179921492934227
v 0.170530498027802 0.286232888698578 0.27985030412674
v 0.226788595318794 0.247371703386307 0.236533999443054
v 0.274190187454224 0.163727700710297 0.259785085916519
v 0.260482311248779 0.187156602740288 0.259325504302979
v 0.260939985513687 0.1793123036623 0.281998693943024
v 0.239558607339859 0.233497798442841 0.212278693914413
v 0.255587697029114 0.125528499484062 0.445130914449692
v 0.270336389541626 0.107257597148418 0.441586911678314
v 0.250537186861038 0.12382960319519 0.471955597400665
v 0.226096406579018 0.174906194210052 0.402721911668777
v 0.274043202400208 0.148355796933174 0.304724007844925
v 0.234121605753899 0.187346994876862 0.355043113231659
v 0.218342304229736 0.206373602151871 0.360074102878571
v 0.149220004677773 0.279149889945984 0.327057510614395
v 0.173506498336792 0.267001509666443 0.323982387781143
v 0.200036004185677 0.223233506083488 0.363978892564774
v 0.201713398098946 0.210077002644539 0.385974913835526
v 0.158159807324409 0.208682298660278 0.462121903896332
v 0.206414401531219 0.194666802883148 0.407574594020844
v 0.204559102654457 0.108265496790409 0.804501175880432
v 0.241034597158432 0.115400798618793 0.682174682617188
v 0.251442790031433 0.0989163815975189 0.704968214035034
v 0.206386297941208 0.128266304731369 0.759133398532867
v 0.150801792740822 0.178716599941254 0.722745776176453
v 0.181464999914169 0.146466299891472 0.763813078403473
v 0.14413970708847 0.124893702566624 0.845438778400421
v 0.179070502519608 0.127047494053841 0.807863473892212
v 0.264182895421982 0.105230301618576 0.49553120136261
v 0.209494397044182 0.154531106352806 0.557561695575714
v 0.152886793017387 0.197241500020027 0.517104029655457
v 0.18596850335598 0.172067403793335 0.560628771781921
v 0.15176710486412 0.186602905392647 0.671545028686523
v 0.184413194656372 0.170283198356628 0.615559220314026
v 0.203530102968216 0.156435206532478 0.617546916007996
v 0.249042093753815 0.109650999307632 0.656051218509674
v 0.220218405127525 0.142089605331421 0.60969477891922
v 0.347971707582474 -0.0255170706659555 0.417501986026764
v 0.345613896846771 -0.0273443292826414 0.446622610092163
v 0.333479404449463 0.0223044902086258 0.367678314447403
v 0.322326004505157 0.0435895882546902 0.372330695390701
v 0.335497498512268 0.0259581506252289 0.339914500713348
v 0.359764903783798 -0.00076021789573133 0.215020895004272
v 0.359960108995438 -0.00592291494831443 0.243585899472237
v 0.337279200553894 0.0301871690899134 0.312519311904907
v 0.325545996427536 0.0525003895163536 0.318669408559799
v 0.287536203861237 0.136855095624924 0.268411099910736
v 0.287396788597107 0.130175605416298 0.291700810194016
v 0.312690585851669 0.0744694322347641 0.325040310621262
v 0.311138093471527 0.0689483880996704 0.350826501846313
v 0.27967569231987 0.0887458771467209 0.464507609605789
v 0.282821089029312 0.0902447178959846 0.441254109144211
v 0.309800803661346 0.0642215982079506 0.377183198928833
v 0.335484206676483 -0.0323494300246239 0.672748386859894
v 0.331573307514191 -0.0331419706344604 0.698996424674988
v 0.304407298564911 0.00596379023045301 0.748639583587646
v 0.297400385141373 0.00747626600787044 0.77156537771225
v 0.294299513101578 0.0252483300864697 0.74921977519989
v 0.285430312156677 0.0442239195108414 0.736472427845001
v 0.268736511468887 0.0383365117013454 0.795930683612823
v 0.285782188177109 0.0116493897512555 0.79434859752655
v 0.2857765853405 -0.0373267196118832 0.837790012359619
v 0.164182007312775 0.10948970168829 -0.124428801238537
v 0.233833894133568 0.134897693991661 -0.0121840601786971
v 0.199632003903389 0.241016298532486 0.0547503307461739
v 0.191446498036385 0.260032802820206 0.0732618570327759
v 0.235934793949127 0.168418899178505 0.0264216307550669
v 0.259061396121979 0.184162005782127 0.0999811664223671
v 0.252123892307281 0.164735406637192 0.0509144999086857
v 0.252817809581757 0.141303598880768 0.023199500516057
v 0.286254614591599 0.0626919865608215 -0.00559651711955667
v 0.300936490297318 0.0530682913959026 0.0100160101428628
v 0.252460509538651 0.119472600519657 -0.000704933190718293
v 0.267809003591537 0.0877785384654999 0.653788924217224
v 0.301184296607971 0.0491823516786098 0.568749308586121
v 0.300007402896881 0.0491532795131207 0.596198678016663
v 0.312388300895691 0.0303213894367218 0.594613015651703
v 0.337526798248291 -0.0320094488561153 0.645798683166504
v 0.322756111621857 0.0102319400757551 0.593133628368378
v 0.323780387639999 0.0104813696816564 0.565246224403381
v 0.344327390193939 -0.0285654198378325 0.475770592689514
v 0.324599593877792 0.0108474595472217 0.537082672119141
v 0.314372986555099 0.0307390000671148 0.539016723632812
v 0.278759986162186 0.0871090367436409 0.491253286600113
v 0.302224308252335 0.0494194813072681 0.541076481342316
v 0.357446491718292 0.00473993411287665 0.186796396970749
v 0.33141240477562 0.0619385987520218 0.155206799507141
v 0.320841312408447 0.0848990008234978 0.16760079562664
v 0.326579511165619 0.0679551064968109 0.130802899599075
v 0.314122706651688 0.0450717583298683 0.031792089343071
v 0.320677012205124 0.0734710022807121 0.107443496584892
v 0.311543405056 0.0955984368920326 0.119732297956944
v 0.302606791257858 0.117511697113514 0.13397990167141
v 0.306938111782074 0.112884700298309 0.158341601490974
v 0.287674903869629 0.143471196293831 0.245034202933311
v 0.310498088598251 0.106963701546192 0.1825090944767
v 0.154338896274567 0.0961980223655701 -0.146387606859207
v 0.16324420273304 0.133230894804001 -0.121339000761509
v 0.172084093093872 0.209850803017616 -0.108573898673058
v 0.170037403702736 0.190618202090263 -0.0942639335989952
v 0.186036601662636 0.196068197488785 -0.207258105278015
v 0.182298094034195 0.201888203620911 -0.18184070289135
v 0.170557007193565 0.173447504639626 -0.218908905982971
v 0.163527697324753 0.29722198843956 -0.032422810792923
v 0.17746239900589 0.261005401611328 0.0419466607272625
v 0.167686507105827 0.282870799303055 0.0618219599127769
v 0.235512793064117 0.267524689435959 -0.185966894030571
v 0.235573202371597 0.294598996639252 -0.150455206632614
v 0.256680995225906 0.289789706468582 -0.195178598165512
v 0.307492703199387 0.307602792978287 -0.302690297365189
v 0.253338813781738 0.422517597675323 -0.0907647833228111
v 0.250598102807999 0.345043003559113 -0.128553405404091
v 0.234390005469322 0.331717610359192 -0.111238703131676
v 0.199405297636986 0.173268005251884 -0.289507210254669
v 0.279375314712524 0.194310396909714 -0.396034806966782
v 0.2598916888237 0.183148205280304 -0.376931607723236
v 0.258961796760559 0.170484900474548 -0.404071599245071
v 0.213015094399452 0.133989602327347 -0.426651507616043
v 0.255088001489639 0.160463899374008 -0.430832713842392
v 0.27270770072937 0.171427994966507 -0.447265297174454
v 0.288970589637756 0.211218401789665 -0.564030587673187
v 0.282650798559189 0.194720402359962 -0.545981287956238
v 0.266524106264114 0.19033320248127 -0.56682151556015
v 0.286666005849838 0.184681296348572 -0.464456111192703
v 0.292152404785156 0.195364996790886 -0.439146488904953
v 0.318866908550262 0.269459694623947 -0.390133887529373
v 0.292372405529022 0.204633802175522 -0.415332287549973
v 0.327936887741089 0.320244014263153 -0.392235606908798
v 0.318110585212708 0.329190790653229 -0.541180193424225
v 0.323774486780167 0.315102487802505 -0.525023221969604
v 0.320651590824127 0.301532685756683 -0.548888087272644
v 0.289694994688034 0.229868501424789 -0.579394519329071
v 0.270062804222107 0.221126198768616 -0.596048712730408
v 0.311074703931808 0.289543300867081 -0.570782005786896
v 0.304254412651062 0.309034198522568 -0.584476113319397
v 0.247570693492889 0.330992102622986 -0.633313775062561
v 0.287461191415787 0.320286393165588 -0.604140102863312
v 0.301108300685883 0.337775200605392 -0.576271116733551
v 0.282802909612656 0.457530498504639 -0.492581486701965
v 0.256945490837097 0.459259003400803 -0.540671527385712
v 0.30743470788002 0.348882794380188 -0.549992024898529
v 0.30766350030899 -0.668257713317871 -0.0580691210925579
v 0.306135386228561 -0.648931086063385 -0.077727422118187
v 0.228974804282188 -0.729767024517059 0.0104870200157166
v 0.259865492582321 -0.719048202037811 -0.0060188639909029
v 0.29799810051918 -0.680852711200714 0.110167600214481
v 0.291678190231323 -0.670260608196259 0.133300602436066
v 0.320790797472 -0.666703224182129 0.102629497647285
v 0.162622004747391 -0.692195117473602 0.100924298167229
v 0.138266295194626 -0.680346071720123 0.0855261087417603
v 0.1684190928936 -0.68040132522583 0.125417202711105
v 0.194838598370552 -0.722683727741241 0.0627944618463516
v 0.199179694056511 -0.726204812526703 0.0168521609157324
v 0.163556799292564 -0.679205179214478 -0.0474776290357113
v 0.17521059513092 -0.662869811058044 -0.075297437608242
v 0.142209202051163 -0.662183284759521 -0.0425161607563496
v 0.20419679582119 -0.721089124679565 -0.00764284189790487
v 0.26173809170723 -0.683838188648224 0.862636685371399
v 0.284328103065491 -0.67039692401886 0.852703213691711
v 0.225677698850632 -0.728102684020996 0.777690589427948
v 0.197587907314301 -0.731170773506165 0.817135512828827
v 0.127191007137299 -0.679265975952148 0.864033579826355
v 0.172514498233795 -0.725412011146545 0.822475075721741
v 0.173710599541664 -0.732000827789307 0.795016288757324
v 0.123587302863598 -0.692099988460541 0.737234711647034
v 0.175762504339218 -0.728665113449097 0.767228901386261
v 0.199802696704865 -0.73198002576828 0.761660873889923
v 0.256034404039383 -0.692323088645935 0.717670679092407
v 0.278653204441071 -0.677605211734772 0.725103914737701
v 0.219751805067062 -0.726396322250366 0.755951285362244
v 0.319475114345551 -0.463645190000534 0.69287520647049
v 0.339425712823868 -0.516036510467529 0.784932374954224
v 0.335221111774445 -0.51512211561203 0.756904125213623
v 0.325115114450455 -0.440399497747421 0.861977994441986
v 0.337125897407532 -0.514011979103088 0.81451952457428
v 0.29434660077095 -0.64359712600708 0.859548926353455
v 0.325671702623367 -0.596225082874298 0.806448876857758
v 0.328160613775253 -0.592753887176514 0.782349824905396
v 0.286921888589859 -0.652552127838135 0.716791391372681
v 0.276545912027359 -0.646992802619934 0.695379912853241
v 0.0749340876936913 -0.410731613636017 0.876288890838623
v 0.0810454487800598 -0.45659801363945 0.87583327293396
v 0.0934533625841141 -0.445929497480392 0.899036586284637
v 0.0730111673474312 -0.557238101959229 0.825411319732666
v 0.0697636529803276 -0.554073572158813 0.791674494743347
v 0.104115001857281 -0.50500899553299 0.673015475273132
v 0.0876607075333595 -0.500727474689484 0.708630979061127
v 0.0757198631763458 -0.583693027496338 0.775536775588989
v 0.113613702356815 -0.665724277496338 0.728713512420654
v 0.0807639732956886 -0.621610999107361 0.78828638792038
v 0.11901780217886 -0.641176700592041 0.884397387504578
v 0.28842431306839 -0.47981271147728 0.64902138710022
v 0.203697100281715 -0.560867786407471 0.642741024494171
v 0.230304896831512 -0.554782211780548 0.644971072673798
v 0.226905405521393 -0.586097300052643 0.649760723114014
v 0.223914995789528 -0.61545467376709 0.656504809856415
v 0.199998199939728 -0.620618879795074 0.654038310050964
v 0.143909797072411 -0.666872620582581 0.693509578704834
v 0.176599696278572 -0.624186813831329 0.660639226436615
v 0.176966100931168 -0.595620572566986 0.654457211494446
v 0.132658094167709 -0.506118714809418 0.657598078250885
v 0.118156298995018 -0.432437896728516 0.907630383968353
v 0.179296806454659 -0.509134709835052 0.926623284816742
v 0.172064304351807 -0.58177262544632 0.923259615898132
v 0.224483907222748 -0.586629092693329 0.92315411567688
v 0.240007907152176 -0.561166524887085 0.923368215560913
v 0.29057440161705 -0.424390196800232 0.898212313652039
v 0.233725905418396 -0.502826273441315 0.924433827400208
v 0.353581488132477 -0.42101201415062 0.168843001127243
v 0.364260405302048 -0.411186188459396 0.130973801016808
v 0.380203187465668 -0.491245687007904 0.0624368712306023
v 0.385183811187744 -0.487041413784027 0.0305140390992165
v 0.330940097570419 -0.638030290603638 0.109258696436882
v 0.370156794786453 -0.570608377456665 0.062440101057291
v 0.342900693416595 -0.62580281496048 -0.0487355589866638
v 0.374503314495087 -0.566411018371582 0.00382076296955347
v 0.380776405334473 -0.527838885784149 -0.00446166982874274
v 0.363981813192368 -0.398842692375183 -0.0651416406035423
v 0.351621985435486 -0.381419986486435 -0.0855228006839752
v 0.383030205965042 -0.483148097991943 -0.00169824599288404
v 0.122153401374817 -0.414438992738724 -0.0744685977697372
v 0.242218405008316 -0.477841794490814 -0.122325301170349
v 0.212063297629356 -0.480427712202072 -0.115516200661659
v 0.216769993305206 -0.523945271968842 -0.117848999798298
v 0.330852806568146 -0.378850698471069 -0.0970033034682274
v 0.27267599105835 -0.476090103387833 -0.11947999894619
v 0.272110790014267 -0.522472083568573 -0.121158301830292
v 0.313744902610779 -0.624809086322784 -0.0840772911906242
v 0.265613585710526 -0.564820528030396 -0.117377802729607
v 0.240058302879333 -0.567136526107788 -0.120161198079586
v 0.169902995228767 -0.634909570217133 -0.0816042199730873
v 0.145382896065712 -0.624390482902527 -0.0684607774019241
v 0.212237507104874 -0.566758573055267 -0.113789200782776
v 0.158358693122864 -0.473753809928894 0.166995406150818
v 0.218375697731972 -0.542334914207458 0.185917794704437
v 0.245624199509621 -0.537443280220032 0.19268399477005
v 0.214021503925323 -0.575562417507172 0.181380301713943
v 0.2104631960392 -0.60801762342453 0.17510449886322
v 0.235711395740509 -0.604097127914429 0.181859403848648
v 0.298590689897537 -0.642497420310974 0.144693493843079
v 0.26240149140358 -0.598720014095306 0.178259402513504
v 0.268155306577682 -0.56587028503418 0.184610202908516
v 0.277815788984299 -0.531095087528229 0.188100293278694
v 0.111290797591209 -0.426600188016891 -0.0477913692593575
v 0.108519501984119 -0.395298808813095 -0.0523191802203655
v 0.100361399352551 -0.518975615501404 0.0359191708266735
v 0.102724798023701 -0.525649011135101 0.00440667103976011
v 0.10381980240345 -0.567924916744232 0.00609502103179693
v 0.134702101349831 -0.638406217098236 -0.0446145907044411
v 0.106892801821232 -0.608148217201233 0.0415578484535217
v 0.111409202218056 -0.603997826576233 0.0659197419881821
v 0.135531201958656 -0.451670914888382 0.139102697372437
v 0.128994598984718 -0.480045288801193 0.119656898081303
v 0.26916629076004 0.485985785722733 -0.497079312801361
v 0.281584888696671 0.479210704565048 -0.477172791957855
v 0.301589995622635 0.454746305942535 -0.321579098701477
v 0.288459002971649 0.50566029548645 -0.329447001218796
v 0.271111994981766 0.623855471611023 -0.345002502202988
v 0.27301898598671 0.600013613700867 -0.351652085781097
v 0.266659200191498 0.619668006896973 -0.376143485307693
v 0.28754711151123 0.509460926055908 -0.266670286655426
v 0.270539492368698 0.558632493019104 -0.164077997207642
v 0.277529001235962 0.512553870677948 -0.213907897472382
v 0.282512992620468 0.489135414361954 -0.222899600863457
v 0.284582912921906 0.465575605630875 -0.204141095280647
v 0.296262294054031 0.456286996603012 -0.261941999197006
v 0.32221320271492 0.344733595848083 -0.351531594991684
v 0.305881589651108 0.432589411735535 -0.302070498466492
v 0.188980206847191 0.665267288684845 -0.136137500405312
v 0.222129806876183 0.667901694774628 -0.139843806624413
v 0.20682780444622 0.683311879634857 -0.148092493414879
v 0.298963606357574 0.624812424182892 -0.134698197245598
v 0.245112493634224 0.574311494827271 -0.118294797837734
v 0.302102893590927 0.602773070335388 -0.138201102614403
v 0.353332996368408 0.615455508232117 -0.146979495882988
v 0.352733105421066 0.631373584270477 -0.145372495055199
v 0.328244596719742 0.60208648443222 -0.261880904436111
v 0.317773699760437 0.586860418319702 -0.235128700733185
v 0.319834500551224 0.627603471279144 -0.30318620800972
v 0.36303249001503 0.662300884723663 -0.316119909286499
v 0.362486988306046 0.599633991718292 -0.224823504686356
v 0.4412642121315 0.684806823730469 -0.249102100729942
v 0.462668806314468 0.693519413471222 -0.208636805415154
v 0.454502314329147 0.671567678451538 -0.197218999266624
v 0.0233549401164055 0.325222998857498 0.150652006268501
v 0.0695574283599854 0.320100486278534 0.207521602511406
v 0.0931487828493118 0.318878501653671 0.196007996797562
v 0.0107181295752525 0.300998389720917 0.313435703516006
v 0.0209886096417904 0.306189596652985 0.294268101453781
v 0.0718841701745987 0.316657811403275 0.237492695450783
v 0.100877501070499 0.313896507024765 0.239933401346207
v 0.14463709294796 0.295913100242615 0.284766793251038
v 0.140951499342918 0.290814697742462 0.307510912418365
v 0.111661702394485 0.315120100975037 0.2144386023283
v 0.15767340362072 0.295442402362823 0.103275798261166
v 0.153354600071907 0.301854908466339 0.127430096268654
v 0.115732200443745 0.315494298934937 0.192693397402763
v 0.014552210457623 0.230305701494217 0.519532084465027
v 0.0664413571357727 0.221479207277298 0.570141911506653
v 0.0575012601912022 0.221588894724846 0.612971484661102
v 0.122499197721481 0.199964195489883 0.675020277500153
v 0.0874080136418343 0.214781895279884 0.623923480510712
v 0.127953201532364 0.208579793572426 0.516533315181732
v 0.0947906002402306 0.21457339823246 0.571950316429138
v 0.0593685694038868 0.193167999386787 0.780144810676575
v 0.0202173702418804 0.147555902600288 0.86827141046524
v -0.0141720501706004 0.145348697900772 0.871532618999481
v 0.0491624996066093 0.172281101346016 0.826305627822876
v 0.0852620080113411 0.164513394236565 0.824700474739075
v 0.121686100959778 0.191536203026772 0.727188110351562
v 0.0906632319092751 0.185362905263901 0.779763698577881
v 0.00279120705090463 -0.374088495969772 -0.0425609387457371
v 0.0474501512944698 -0.38625231385231 -0.0116078304126859
v 0.091519221663475 -0.348041206598282 -0.0719479769468307
v 0.0943868383765221 -0.379046708345413 -0.0403895191848278
v 0.125661000609398 -0.444471001625061 0.142647996544838
v 0.00991323962807655 -0.353035300970078 0.875226378440857
v 0.0353111810982227 -0.395096689462662 0.826811611652374
v 0.0108333602547646 -0.427079707384109 0.745506823062897
v 0.0336682014167309 -0.415518492460251 0.780983507633209
v 0.0733278915286064 -0.46130359172821 0.67368757724762
v 0.0608246810734272 -0.383293092250824 0.876287519931793
v 0.0726870074868202 -0.375825494527817 0.897714018821716
v -0.000891490315552801 0.291282594203949 0.338175088167191
v 0.0723910927772522 0.273202687501907 0.377257585525513
v 0.0116892103105783 0.239620000123978 0.471228212118149
v 0.0640847831964493 0.253243297338486 0.423078685998917
v 0.130112797021866 0.220614895224571 0.465725690126419
v 0.0951579436659813 0.26013720035553 0.398188203573227
v 0.0911145806312561 0.25030180811882 0.421032398939133
v 0.100091800093651 0.270024597644806 0.375529587268829
v 0.02231664955616 0.351624488830566 0.0378825217485428
v 0.0650650635361671 0.326059013605118 0.0678865984082222
v 0.023218210786581 0.326230198144913 0.122033700346947
v 0.150682896375656 0.296941101551056 0.0819179564714432
v -0.00728028919547796 0.470796287059784 0.058692928403616
v 0.0842556729912758 0.424142688512802 0.0449364893138409
v 0.112218901515007 0.420818209648132 0.0372089594602585
v 0.0758730918169022 0.397552013397217 0.041051659733057
v 0.140754595398903 0.333802908658981 -0.000757914211135358
v 0.121671296656132 0.389660090208054 0.0254254303872585
v 0.204541206359863 0.454592794179916 -0.018412159755826
v 0.137202396988869 0.414998412132263 0.0246317107230425
v 0.0425170511007309 0.506040811538696 -0.562234997749329
v 0.131277903914452 0.582866489887238 -0.522511601448059
v 0.0778625831007957 0.651783227920532 -0.499579697847366
v 0.0248455591499805 0.752812385559082 -0.454378604888916
v -0.00146754598245025 0.744118213653564 -0.460335314273834
v 0.130355000495911 0.640142917633057 -0.499134093523026
v 0.184343203902245 0.710712492465973 -0.451124012470245
v 0.160295695066452 0.736100614070892 -0.443442702293396
v 0.146241694688797 0.668118596076965 -0.483880609273911
v 0.154601201415062 0.617654919624329 -0.504450976848602
v 0.221460998058319 0.486556887626648 -0.541534125804901
v 0.212781295180321 0.529402017593384 -0.526125729084015
v 0.0307730603963137 0.353508591651917 -0.65913450717926
v -0.000335297110723332 0.357629597187042 -0.657347798347473
v 0.0335815995931625 0.482569485902786 -0.576509118080139
v -0.0112328296527267 0.470210194587708 -0.584326326847076
v 0.229492902755737 0.465876311063766 -0.552255809307098
v 0.174528107047081 0.408945888280869 -0.614886820316315
v 0.212584495544434 0.361989289522171 -0.635750889778137
v 0.166114196181297 0.390174895524979 -0.629918694496155
v -0.00275747594423592 -0.215198293328285 0.965299189090729
v 0.0122156403958797 -0.323726505041122 0.906586825847626
v 0.0477024503052235 -0.307239711284637 0.924224615097046
v 0.0736798569560051 -0.345441192388535 0.906301915645599
v 0.0667090564966202 -0.297006696462631 0.931588113307953
v 0.110763601958752 -0.224480196833611 0.951777696609497
v 0.0734761506319046 -0.254075407981873 0.948451280593872
v 0.0398055389523506 -0.296242088079453 -0.123502001166344
v 0.00622244598343968 -0.219726696610451 -0.182343795895576
v 0.0406383983790874 -0.257347911596298 -0.157254204154015
v 0.105627201497555 -0.191369295120239 -0.181963592767715
v 0.0696926116943359 -0.249222606420517 -0.158306106925011
v 0.102026402950287 -0.329345405101776 -0.0937038436532021
v 0.0746794119477272 -0.0944306924939156 -0.209349393844604
v 0.0491379611194134 -0.0982897207140923 -0.215373203158379
v 0.0135501101613045 0.0164365395903587 -0.235980197787285
v 0.0681001171469688 -0.0425671488046646 -0.214848101139069
v 0.133365899324417 0.0324870906770229 -0.175148099660873
v 0.138030499219894 0.058183878660202 -0.165261700749397
v 0.0883646830916405 -0.0344055108726025 -0.206706702709198
v 0.0833792164921761 -0.0646442621946335 -0.207392498850822
v 0.109676599502563 -0.138644203543663 -0.194121494889259
v 0.020804189145565 0.0616533011198044 -0.243506595492363
v 0.0573222003877163 0.0942610427737236 -0.24429640173912
v 0.0213662106543779 0.118264496326447 -0.29858461022377
v 0.0621441714465618 0.1136868968606 -0.259464204311371
v 0.149093806743622 0.158335298299789 -0.229279905557632
v 0.166755005717278 0.168264999985695 -0.249823302030563
v 0.104842700064182 0.126284405589104 -0.236995100975037
v 0.137966006994247 0.0824488773941994 -0.1674634963274
v 0.0998181700706482 0.105093397200108 -0.218658804893494
v 0.0770042017102242 0.115399099886417 -0.347179889678955
v 0.0987740531563759 0.120200596749783 -0.338551700115204
v 0.0266421996057034 0.101466096937656 -0.417245209217072
v 0.0287437308579683 0.10082820057869 -0.445276290178299
v 0.078221321105957 0.109732203185558 -0.374393701553345
v 0.101324498653412 0.107871398329735 -0.394739300012589
v 0.162884101271629 0.115525498986244 -0.427143186330795
v 0.127304494380951 0.115678697824478 -0.379222899675369
v 0.16930989921093 0.157836601138115 -0.282003194093704
v 0.125154495239258 0.123563498258591 -0.346298813819885
v 0.0308248493820429 0.104704201221466 -0.46999379992485
v 0.000240936598856933 0.102787598967552 -0.462731003761292
v 0.130617901682854 0.120626099407673 -0.512250483036041
v 0.100616402924061 0.120419003069401 -0.516572892665863
v 0.11451979726553 0.130232602357864 -0.539080083370209
v 0.0341769717633724 0.169372007250786 -0.600728690624237
v 0.038828119635582 0.191942095756531 -0.622632503509521
v 0.132246196269989 0.144963204860687 -0.561978578567505
v 0.237181901931763 0.178727194666862 -0.570491671562195
v 0.252478986978531 0.198706701397896 -0.587736129760742
v 0.163188293576241 0.145615696907043 -0.554633915424347
v 0.158585995435715 0.124080501496792 -0.507299423217773
v 0.119476497173309 0.246996700763702 -0.652437210083008
v 0.15299180150032 0.244590297341347 -0.648926317691803
v 0.124556697905064 0.273157596588135 -0.660804986953735
v 0.0405580289661884 0.326353996992111 -0.666318118572235
v 0.111525200307369 0.295580893754959 -0.665668785572052
v 0.142883598804474 0.289137303829193 -0.662778615951538
v 0.170129597187042 0.295390605926514 -0.659730613231659
v 0.180504992604256 0.26274049282074 -0.651840806007385
v 0.243518903851509 0.215812906622887 -0.606372177600861
v 0.0304628796875477 0.524969875812531 0.046888779848814
v 0.100943401455879 0.591692984104156 -0.0107027301564813
v 0.0893637165427208 0.573280990123749 0.00768611906096339
v 0.118003100156784 0.563602387905121 -0.00150488503277302
v 0.20841209590435 0.481401592493057 -0.0315782092511654
v 0.162180602550507 0.537873089313507 -0.0164518300443888
v 0.162839204072952 0.584467828273773 -0.0507048293948174
v 0.183425202965736 0.575480222702026 -0.0617650598287582
v 0.160266295075417 0.670195996761322 -0.123237602412701
v 0.149263098835945 0.689787089824677 -0.134468197822571
v 0.133325397968292 0.633347690105438 -0.0700614228844643
v 0.112410098314285 0.629664719104767 -0.048131451010704
v -2.16840512045283e-19 0.698062479496002 -0.0412685982882977
v 0.0148113602772355 0.717820107936859 -0.0609861388802528
v 0.251136988401413 0.54475200176239 -0.482564985752106
v 0.208383098244667 0.695463418960571 -0.44808641076088
v 0.234508499503136 0.651326417922974 -0.457750290632248
v 0.259712994098663 0.638540685176849 -0.396212697029114
v 0.253385812044144 0.661510288715363 -0.388570696115494
v 0.289664089679718 0.738912284374237 -0.301733404397964
v 0.364614188671112 0.753172218799591 -0.274044185876846
v 0.341386586427689 0.744332671165466 -0.293341606855392
v 0.341727286577225 0.726413428783417 -0.314212590456009
v 0.2612025141716 0.670248985290527 -0.363389998674393
v 0.292788088321686 0.720208287239075 -0.324796587228775
v 0.291853487491608 0.733388185501099 -0.176898002624512
v 0.369614213705063 0.725323796272278 -0.167367994785309
v 0.363321989774704 0.743647515773773 -0.185646206140518
v 0.425227105617523 0.750381290912628 -0.212529599666595
v 0.380276411771774 0.750024318695068 -0.197622403502464
v 0.332322508096695 0.750042676925659 -0.19609160721302
v -0.00358726410195231 0.817290127277374 -0.194203093647957
v 0.0480671301484108 0.787909328937531 -0.155434504151344
v 0.0190667808055878 0.737927496433258 -0.0817459672689438
v -2.16840512045283e-19 0.742179989814758 -0.0775510966777802
v 0.0818336084485054 0.75974839925766 -0.146286994218826
v 0.101392097771168 0.74517422914505 -0.145895093679428
v 0.0992572382092476 0.763077020645142 -0.160311505198479
v 0.0589342787861824 0.818701028823853 -0.364363998174667
v 0.113440096378326 0.80380380153656 -0.375109612941742
v 0.17365500330925 0.749374985694885 -0.424089699983597
v 0.0936991572380066 0.801333606243134 -0.391108095645905
v 0.00144573301076889 0.788058221340179 -0.426895499229431
v 0.215543806552887 0.739725589752197 -0.364652305841446
v 0.129549995064735 -0.46212449669838 0.614381611347198
v 0.155688405036926 -0.46934300661087 0.550055921077728
v 0.188291996717453 -0.482883810997009 0.444933205842972
v 0.0808497220277786 -0.446260303258896 0.172512501478195
v 0.010719389654696 -0.455746114253998 0.184653297066689
v 0.167253196239471 -0.440858095884323 0.219002395868301
v 0.187329798936844 -0.442213714122772 0.269952088594437
v 0.224248096346855 -0.43988499045372 0.346603810787201
v 0.190749004483223 -0.478681713342667 0.38999131321907
v 0.196103602647781 -0.457504898309708 0.332184314727783
v 0.169877499341965 -0.452238410711288 0.276482403278351
v 0.0236730296164751 -0.491634786128998 0.585968017578125
v 0.0921390131115913 -0.499247312545776 0.540136218070984
v 0.0625063925981522 -0.504843771457672 0.541042804718018
v 0.0338879004120827 -0.530406296253204 0.426780998706818
v 0.00886181928217411 -0.531570613384247 0.44182100892067
v 0.093074157834053 -0.513113081455231 0.492770195007324
v 0.162211894989014 -0.497198313474655 0.442880600690842
v 0.123629599809647 -0.505351424217224 0.489133507013321
v 0.107996501028538 -0.503311514854431 0.516386985778809
v 0.00467548193410039 -0.528007626533508 0.389014512300491
v 0.0306191705167294 -0.527393877506256 0.396293789148331
v 0.0721884071826935 -0.505686104297638 0.335799306631088
v 0.095938466489315 -0.501411199569702 0.337416589260101
v 0.0687263831496239 -0.497269809246063 0.310985714197159
v 0.0120740300044417 -0.472094893455505 0.234650701284409
v 0.0641767233610153 -0.487712800502777 0.286078095436096
v 0.0939217209815979 -0.483880192041397 0.291423588991165
v 0.111964799463749 -0.488173693418503 0.313605487346649
v 0.163001298904419 -0.493387401103973 0.390303611755371
v 0.189815506339073 -0.0892724171280861 0.937699973583221
v 0.172323495149612 -0.109013199806213 0.945958971977234
v 0.124650999903679 -0.177592903375626 0.956715226173401
v 0.184278398752213 -0.137112498283386 0.938497185707092
v 0.209205701947212 -0.137844100594521 0.92594039440155
v 0.229198798537254 -0.141247496008873 0.911621272563934
v 0.226847797632217 -0.112112402915955 0.913517415523529
v 0.260275095701218 -0.0424040891230106 0.873916208744049
v 0.217368498444557 -0.00394317181780934 0.8968425989151
v 0.207553505897522 0.0189434494823217 0.891695618629456
v 0.205546006560326 0.0394886285066605 0.878907322883606
v 0.181836903095245 0.0359023101627827 0.899889171123505
v 0.164928898215294 0.0203871205449104 0.920624315738678
v 0.0501364395022392 0.0438877008855343 0.952744901180267
v 0.0949766635894775 0.0125182699412107 0.957956194877625
v 0.0774117410182953 0.0406451188027859 0.947211027145386
v 0.0836593508720398 0.0645604804158211 0.929669320583344
v 0.0591352581977844 0.0663046836853027 0.936032474040985
v 0.0175772309303284 -0.0196411702781916 1.00435304641724
v -0.335548490285873 -0.400274991989136 0.19369250535965
v -0.353056609630585 -0.364490509033203 0.229064002633095
v -0.272124290466309 -0.417678385972977 0.274432599544525
v -0.301633507013321 -0.402791410684586 0.278347998857498
v -0.169102594256401 -0.446193099021912 0.196132704615593
v -0.179620504379272 -0.45457199215889 0.184370502829552
v -0.248467206954956 -0.430455386638641 0.392688810825348
v -0.270912498235703 -0.417356312274933 0.332193702459335
v -0.320950597524643 -0.396158903837204 0.44982048869133
v -0.288834393024445 -0.414908587932587 0.511827409267426
v -0.258464902639389 -0.428036093711853 0.499000012874603
v -0.231952905654907 -0.437016606330872 0.503171920776367
v -0.153630092740059 -0.469444006681442 0.615947127342224
v -0.132778495550156 -0.47920748591423 0.647281527519226
v -0.137486502528191 -0.470595985651016 0.629420816898346
v -0.224415197968483 -0.443260699510574 0.564069271087646
v -0.312946796417236 -0.412926614284515 0.625020503997803
v -0.292946010828018 -0.437444508075714 0.636578023433685
v -0.273510187864304 -0.424494385719299 0.55748051404953
v -0.345319002866745 -0.305811405181885 -0.0821268633008003
v -0.322823286056519 -0.29244339466095 -0.0934520736336708
v -0.328582406044006 -0.33500999212265 -0.0946797505021095
v -0.252328485250473 -0.208268001675606 -0.124434798955917
v -0.295750707387924 -0.099749282002449 -0.0854225233197212
v -0.292687892913818 -0.121594600379467 -0.0946898609399796
v -0.31403911113739 -0.114153698086739 -0.0715039670467377
v -0.252871811389923 -0.181155100464821 -0.127552404999733
v -0.226283192634583 -0.19057260453701 -0.13738389313221
v -0.146429494023323 -0.164287805557251 -0.176079303026199
v -0.127667903900146 -0.183997303247452 -0.176789402961731
v -0.203223794698715 -0.238941505551338 -0.134825497865677
v -0.151580899953842 -0.333707988262177 -0.105140700936317
v -0.126398593187332 -0.315167307853699 -0.105587400496006
v -0.289179593324661 0.0389174781739712 -0.0231443308293819
v -0.29016649723053 0.0186036508530378 -0.038854718208313
v -0.303904712200165 0.0169733595103025 -0.0203677006065845
v -0.248772606253624 -0.0341710112988949 -0.110297799110413
v -0.250570297241211 -0.00347905699163675 -0.0955010503530502
v -0.230545192956924 -0.0117548499256372 -0.115507900714874
v -0.176042497158051 0.0370264910161495 -0.139492407441139
v -0.153440400958061 0.0351654514670372 -0.154964402318001
v -0.181229203939438 0.0621231198310852 -0.124090798199177
v -0.209656193852425 -0.0148409297689795 -0.132251501083374
v -0.205918103456497 -0.0401323586702347 -0.142014399170876
v -0.150862097740173 -0.131762102246284 -0.179186701774597
v -0.129604399204254 -0.142078101634979 -0.186347305774689
v -0.199835598468781 -0.0741825923323631 -0.152947902679443
v -0.225675106048584 -0.061140239238739 -0.135207906365395
v -0.29172870516777 -0.0783261135220528 -0.0844097882509232
v -0.24449659883976 -0.0551700182259083 -0.120277397334576
v -0.287928491830826 -0.401432603597641 0.897816121578217
v -0.288005113601685 -0.366355299949646 0.892848193645477
v -0.310441792011261 -0.369622796773911 0.878554582595825
v -0.239142894744873 -0.279197603464127 0.909337282180786
v -0.243450596928596 -0.311872005462646 0.908784985542297
v -0.10008379817009 -0.369841694831848 0.910847783088684
v -0.130048602819443 -0.365214586257935 0.921330988407135
v -0.118706703186035 -0.391385197639465 0.91120171546936
v -0.189565598964691 -0.307601511478424 0.925064206123352
v -0.145977899432182 -0.222565293312073 0.943143427371979
v -0.152830496430397 -0.195868507027626 0.946031510829926
v -0.115979097783566 -0.219610497355461 0.951781988143921
v -0.194962993264198 -0.274016410112381 0.924205601215363
v -0.273035198450089 -0.232494294643402 0.881783187389374
v -0.291566014289856 -0.236594006419182 0.865587115287781
v -0.363543689250946 -0.340249210596085 -0.0567251294851303
v -0.370656192302704 -0.236348792910576 0.000935980526264757
v -0.381018310785294 -0.257530808448792 0.0607941411435604
v -0.376748502254486 -0.331926286220551 0.148177102208138
v -0.369394689798355 -0.366525113582611 0.143303200602531
v -0.381151705980301 -0.239760294556618 0.086543507874012
v -0.384054392576218 -0.183859393000603 0.155557006597519
v -0.385335803031921 -0.212576702237129 0.191891998052597
v -0.370161801576614 -0.185643404722214 0.031610369682312
v -0.324901401996613 -0.104716002941132 -0.0474637299776077
v -0.36438250541687 -0.186776995658875 0.00634380197152495
v -0.345411390066147 -0.366955488920212 0.397151112556458
v -0.368946194648743 -0.314589709043503 0.307397902011871
v -0.365844696760178 -0.320730209350586 0.338624209165573
v -0.371255487203598 -0.300491005182266 0.339363604784012
v -0.371398597955704 -0.246483698487282 0.403680592775345
v -0.372664391994476 -0.224094599485397 0.404668897390366
v -0.367897689342499 -0.250315189361572 0.433738589286804
v -0.374078989028931 -0.279557198286057 0.340208500623703
v -0.377333611249924 -0.272960007190704 0.308746695518494
v -0.385852307081223 -0.20319239795208 0.215633407235146
v -0.386331886053085 -0.178814694285393 0.21865040063858
v -0.379833400249481 -0.265375286340714 0.276736110448837
v -0.376854985952377 -0.287005394697189 0.276117414236069
v -0.363057196140289 -0.337523907423019 0.217468395829201
v -0.372163712978363 -0.308381110429764 0.275819301605225
v -0.361617207527161 -0.0688460692763329 0.410216391086578
v -0.35623499751091 -0.0467608794569969 0.414623707532883
v -0.358946204185486 -0.0710171163082123 0.440006911754608
v -0.376098096370697 -0.106705203652382 0.345236212015152
v -0.378614187240601 -0.128315702080727 0.346191614866257
v -0.379146814346313 -0.103063598275185 0.314303785562515
v -0.37469270825386 -0.0485406704246998 0.229010805487633
v -0.374187707901001 -0.042582880705595 0.198765397071838
v -0.368733495473862 -0.0275939200073481 0.236765399575233
v -0.381157904863358 -0.0984601229429245 0.2835893034935
v -0.383821606636047 -0.119267702102661 0.283703297376633
v -0.38707360625267 -0.152923196554184 0.22873330116272
v -0.382757812738419 -0.145271793007851 0.314098089933395
v -0.384635895490646 -0.139744207262993 0.282965987920761
v -0.369666308164597 -0.204987704753876 0.435760289430618
v -0.37319540977478 -0.201598405838013 0.405510008335114
v -0.379504591226578 -0.149835303425789 0.345387309789658
v -0.317637413740158 0.0251816101372242 0.0163240991532803
v -0.347229689359665 -0.0400388389825821 0.0330392904579639
v -0.322504997253418 -0.0783380419015884 -0.0417096614837646
v -0.383392810821533 -0.14150670170784 0.154915705323219
v -0.370950490236282 -0.0361881516873837 0.168996199965477
v -0.365612298250198 -0.0164037700742483 0.178081393241882
v -0.371679097414017 -0.0671051368117332 0.110268197953701
v -0.324224710464478 -0.374391108751297 0.853480517864227
v -0.335115194320679 -0.33055979013443 0.801662981510162
v -0.339379489421844 -0.330734014511108 0.771363019943237
v -0.330972790718079 -0.302174210548401 0.801333129405975
v -0.299937188625336 -0.217052698135376 0.843367218971252
v -0.303770899772644 -0.241339504718781 0.844928979873657
v -0.32818529009819 -0.27946349978447 0.800475418567657
v -0.334141403436661 -0.282755196094513 0.774240612983704
v -0.342798113822937 -0.248294994235039 0.691312789916992
v -0.345275402069092 -0.250052690505981 0.662934482097626
v -0.342366307973862 -0.227523505687714 0.692168295383453
v -0.338123500347137 -0.285459786653519 0.746623873710632
v -0.338815897703171 -0.307771295309067 0.745838284492493
v -0.331093013286591 -0.41002169251442 0.693468928337097
v -0.335395395755768 -0.386591702699661 0.685319602489471
v -0.322991698980331 -0.395379602909088 0.646123826503754
v -0.340595096349716 -0.332776486873627 0.742564082145691
v -0.293633997440338 -0.0790765583515167 0.841266512870789
v -0.289228707551956 -0.0530265793204308 0.841474294662476
v -0.279475212097168 -0.0714233070611954 0.861494302749634
v -0.31950381398201 -0.12752740085125 0.797129809856415
v -0.328650385141373 -0.107285499572754 0.773205876350403
v -0.342208296060562 -0.0761622935533524 0.698008179664612
v -0.346411287784576 -0.0757461562752724 0.671304523944855
v -0.338841587305069 -0.0541905388236046 0.698686301708221
v -0.335649907588959 -0.14067080616951 0.748509883880615
v -0.335240989923477 -0.118139497935772 0.748879373073578
v -0.343822211027145 -0.206467106938362 0.693210184574127
v -0.347452789545059 -0.207622393965721 0.66543847322464
v -0.335659503936768 -0.164161503314972 0.745930671691895
v -0.328740388154984 -0.160898596048355 0.773358106613159
v -0.298612505197525 -0.192879900336266 0.843104720115662
v -0.319625914096832 -0.156211495399475 0.797697424888611
v -0.357089310884476 -0.0724158734083176 0.470398813486099
v -0.352219998836517 -0.04964978992939 0.47371169924736
v -0.362956702709198 -0.144635602831841 0.517730295658112
v -0.360531806945801 -0.119617201387882 0.527076721191406
v -0.359152108430862 -0.119185499846935 0.557041585445404
v -0.366879194974899 -0.209063097834587 0.465527385473251
v -0.365990191698074 -0.231908798217773 0.46443510055542
v -0.361805111169815 -0.165694504976273 0.531473875045776
v -0.360025197267532 -0.167712494730949 0.558785080909729
v -0.35055148601532 -0.208509802818298 0.637483477592468
v -0.349062412977219 -0.230204805731773 0.636096477508545
v -0.357884109020233 -0.164979100227356 0.583675503730774
v -0.358690202236176 -0.142140299081802 0.584647297859192
v -0.344993710517883 -0.0532343313097954 0.644967973232269
v -0.348535597324371 -0.0754769071936607 0.643977582454681
v -0.357151210308075 -0.119423903524876 0.585890591144562
v -0.338477909564972 -0.374463886022568 0.454470992088318
v -0.351033389568329 -0.323799908161163 0.515737771987915
v -0.344169110059738 -0.349307596683502 0.513106524944305
v -0.343212008476257 -0.342903703451157 0.540583372116089
v -0.32300740480423 -0.384520411491394 0.621460974216461
v -0.347013503313065 -0.319142490625381 0.572210192680359
v -0.341805994510651 -0.341866791248322 0.567720890045166
v -0.34833899140358 -0.251633286476135 0.634666323661804
v -0.349816709756851 -0.297509014606476 0.574483811855316
v -0.35206139087677 -0.298554807901382 0.54618102312088
v -0.364734202623367 -0.254559189081192 0.463208705186844
v -0.354548513889313 -0.300717413425446 0.517698109149933
v -0.254869490861893 0.206394106149673 0.140409901738167
v -0.234595105051994 0.241827398538589 0.184577897191048
v -0.235206693410873 0.238922595977783 0.216850802302361
v -0.26103150844574 0.179377496242523 0.281502902507782
v -0.260061711072922 0.187834292650223 0.259446710348129
v -0.274138212203979 0.16387540102005 0.259605586528778
v -0.169914796948433 0.286803513765335 0.279354900121689
v -0.215711295604706 0.260603785514832 0.229580506682396
v -0.1868567019701 0.27387660741806 0.0905181169509888
v -0.182574406266212 0.282966703176498 0.121565602719784
v -0.270354986190796 0.107238098978996 0.441563814878464
v -0.255851894617081 0.12525400519371 0.444872587919235
v -0.25231060385704 0.121948301792145 0.470592200756073
v -0.222709104418755 0.190363705158234 0.379770010709763
v -0.228118002414703 0.173592001199722 0.400184214115143
v -0.21091340482235 0.191324800252914 0.406101912260056
v -0.164362907409668 0.202807798981667 0.4675213098526
v -0.201234996318817 0.210778802633286 0.385537713766098
v -0.173141002655029 0.267168611288071 0.324177592992783
v -0.214386001229286 0.211077198386192 0.359730899333954
v -0.260490000247955 0.170834198594093 0.302731692790985
v -0.273556798696518 0.149069398641586 0.305060505867004
v -0.232025504112244 0.190225198864937 0.354502409696579
v -0.209453299641609 0.0877367109060287 0.828277587890625
v -0.179452106356621 0.124114796519279 0.812473595142365
v -0.14124159514904 0.12352529913187 0.849298119544983
v -0.181091099977493 0.147115305066109 0.762820899486542
v -0.25062158703804 0.100094303488731 0.703709125518799
v -0.230964705348015 0.120322898030281 0.707749724388123
v -0.240026295185089 0.116454899311066 0.682356774806976
v -0.206395596265793 0.128320202231407 0.758974313735962
v -0.265493810176849 0.103903397917747 0.493997007608414
v -0.251500010490417 0.119691297411919 0.496865302324295
v -0.210943505167961 0.153269305825233 0.55712628364563
v -0.224484100937843 0.13957579433918 0.581150889396667
v -0.250674188137054 0.107816703617573 0.656866073608398
v -0.212583303451538 0.148862406611443 0.60904461145401
v -0.189458906650543 0.166907906532288 0.610396087169647
v -0.189489305019379 0.169460996985435 0.561792075634003
v -0.347971707582474 -0.0255170706659555 0.417501986026764
v -0.345613896846771 -0.0273443292826414 0.446622610092163
v -0.333479404449463 0.0223044902086258 0.367678195238113
v -0.335497498512268 0.0259581506252289 0.339914500713348
v -0.322326004505157 0.0435895994305611 0.372330695390701
v -0.282821893692017 0.090243972837925 0.441253185272217
v -0.279681086540222 0.0887395814061165 0.464498490095139
v -0.309800803661346 0.0642216131091118 0.3771832883358
v -0.311138093471527 0.0689483806490898 0.350826501846313
v -0.287396609783173 0.130175694823265 0.291701793670654
v -0.287535399198532 0.136856198310852 0.268412500619888
v -0.312690585851669 0.0744694471359253 0.325040310621262
v -0.325545907020569 0.0525004006922245 0.318669408559799
v -0.359959989786148 -0.00592283997684717 0.243586093187332
v -0.359764486551285 -0.0007592384936288 0.215022698044777
v -0.337279200553894 0.0301871597766876 0.312519311904907
v -0.331571698188782 -0.033137958496809 0.698998212814331
v -0.335484206676483 -0.0323492400348186 0.672748386859894
v -0.304935187101364 0.00532634695991874 0.747894525527954
v -0.292114198207855 0.0282582100480795 0.749926924705505
v -0.298044592142105 0.00581333879381418 0.772126019001007
v -0.282636612653732 -0.0287863593548536 0.837767720222473
v -0.273603200912476 -0.043297290802002 0.859840512275696
v -0.289133489131927 0.00630758889019489 0.792916476726532
v -0.275121688842773 0.0270843897014856 0.798261225223541
v -0.274947911500931 0.051910400390625 0.755598187446594
v -0.169741898775101 0.103409603238106 -0.114641301333904
v -0.227030202746391 0.129677504301071 -0.0268520396202803
v -0.222553804516792 0.169993206858635 0.0059185060672462
v -0.241076201200485 0.118795402348042 -0.0169903393834829
v -0.287806510925293 0.0597277693450451 -0.00608512898907065
v -0.302144587039948 0.0529423281550407 0.0123443100601435
v -0.254187613725662 0.11732430011034 -0.000382128986530006
v -0.252900302410126 0.140039399266243 0.0219447407871485
v -0.259665697813034 0.183626502752304 0.0997694730758667
v -0.255228012800217 0.158847704529762 0.0493227504193783
v -0.224572896957397 0.188755199313164 0.030971959233284
v -0.267989486455917 0.0866552665829659 0.661337375640869
v -0.312387585639954 0.0303225908428431 0.594614386558533
v -0.29998990893364 0.0491781793534756 0.596225023269653
v -0.301182299852371 0.0491850897669792 0.568752825260162
v -0.278809309005737 0.0870561897754669 0.491168290376663
v -0.302224189043045 0.0494196601212025 0.541076719760895
v -0.314372986555099 0.0307390000671148 0.539016723632812
v -0.344327390193939 -0.0285654291510582 0.475770592689514
v -0.324599593877792 0.01084746979177 0.537082672119141
v -0.323780387639999 0.010481390170753 0.565246224403381
v -0.337526708841324 -0.0320094600319862 0.645798683166504
v -0.322756111621857 0.0102319996803999 0.593133628368378
v -0.357443392276764 0.00474751414731145 0.186806201934814
v -0.331413000822067 0.0619372688233852 0.155205994844437
v -0.326629996299744 0.0678405463695526 0.130777597427368
v -0.320840686559677 0.0849001333117485 0.167600303888321
v -0.287518590688705 0.143686696887016 0.245270594954491
v -0.310470998287201 0.107015997171402 0.182532101869583
v -0.306930392980576 0.112900801002979 0.158344507217407
v -0.279379814863205 0.162779197096825 0.135963797569275
v -0.3026123046875 0.117518097162247 0.134042903780937
v -0.311679989099503 0.0947566404938698 0.117732003331184
v -0.314226001501083 0.045787189155817 0.0329034589231014
v -0.322127014398575 0.0709614828228951 0.108745001256466
v -0.155680105090141 0.100944496691227 -0.14286570250988
v -0.170276403427124 0.191968500614166 -0.0920647233724594
v -0.173641204833984 0.263385891914368 0.0366838201880455
v -0.171009197831154 0.28057861328125 0.0659282132983208
v -0.170448705554008 0.23885540664196 -0.045439001172781
v -0.164106294512749 0.296967595815659 -0.0334789901971817
v -0.172940000891685 0.255670100450516 -0.0689541921019554
v -0.168921202421188 0.171952098608017 -0.224248096346855
v -0.18179489672184 0.200808197259903 -0.182927906513214
v -0.1843072026968 0.193253502249718 -0.208823695778847
v -0.171973198652267 0.209541097283363 -0.108188301324844
v -0.203781306743622 0.20638519525528 -0.227371603250504
v -0.205879896879196 0.191965192556381 -0.256852000951767
v -0.178435698151588 0.317929804325104 -0.044139239937067
v -0.238155692815781 0.324722796678543 -0.124002702534199
v -0.238791793584824 0.419025003910065 -0.066563293337822
v -0.209237307310104 0.431626886129379 -0.0247443001717329
v -0.250090897083282 0.346920907497406 -0.125998094677925
v -0.317588210105896 0.28932711482048 -0.357214599847794
v -0.311117708683014 0.309256285429001 -0.313978910446167
v -0.320269912481308 0.325407892465591 -0.331782400608063
v -0.269516289234161 0.314106702804565 -0.195961698889732
v -0.209913298487663 0.182131692767143 -0.289641201496124
v -0.187581494450569 0.170155793428421 -0.273226499557495
v -0.258880287408829 0.170460894703865 -0.403941094875336
v -0.259519189596176 0.182856500148773 -0.376754611730576
v -0.2787044942379 0.194260403513908 -0.394195109605789
v -0.318091213703156 0.263909906148911 -0.394644111394882
v -0.294339388608932 0.208145692944527 -0.413613498210907
v -0.2923504114151 0.194969296455383 -0.440967708826065
v -0.270792305469513 0.19753709435463 -0.572963714599609
v -0.282814890146255 0.195023104548454 -0.546237826347351
v -0.288984596729279 0.211951598525047 -0.56465482711792
v -0.286528706550598 0.184372693300247 -0.46551251411438
v -0.272646188735962 0.171315506100655 -0.447560787200928
v -0.254935801029205 0.160343706607819 -0.430813401937485
v -0.327783495187759 0.323372602462769 -0.390663504600525
v -0.32927080988884 0.312139809131622 -0.413875311613083
v -0.320710510015488 0.29554870724678 -0.549478113651276
v -0.323356300592422 0.315007090568542 -0.52701210975647
v -0.256945490837097 0.459259003400803 -0.540671527385712
v -0.270610302686691 0.469466090202332 -0.50755912065506
v -0.301883608102798 0.338662087917328 -0.574677288532257
v -0.247260600328445 0.336416691541672 -0.631563425064087
v -0.287869513034821 0.322103887796402 -0.602790892124176
v -0.305125802755356 0.308539211750031 -0.583361506462097
v -0.290406107902527 0.230667695403099 -0.579125225543976
v -0.272165089845657 0.220319107174873 -0.594112992286682
v -0.311686187982559 0.288168609142303 -0.569412529468536
v -0.31137079000473 -0.664859294891357 -0.057731069624424
v -0.307256191968918 -0.647201716899872 -0.0776779726147652
v -0.332943499088287 -0.656292974948883 -0.0394515208899975
v -0.237676501274109 -0.724027693271637 -0.00896911881864071
v -0.162109404802322 -0.677382409572601 -0.0478836894035339
v -0.173419699072838 -0.661900222301483 -0.0743224397301674
v -0.208518698811531 -0.721200525760651 -0.0102270701900125
v -0.196683302521706 -0.726381421089172 0.0371836312115192
v -0.161340102553368 -0.694505095481873 0.0964782536029816
v -0.163768902420998 -0.680334985256195 0.118990302085876
v -0.2009516954422 -0.723933398723602 0.0619991384446621
v -0.226443096995354 -0.727331817150116 0.072079561650753
v -0.322330385446548 -0.666313409805298 0.100558497011662
v -0.254717499017715 -0.723678886890411 0.0558120384812355
v -0.277462810277939 -0.665692925453186 0.866784989833832
v -0.253105610609055 -0.666780889034271 0.889703810214996
v -0.22678279876709 -0.728111326694489 0.799607813358307
v -0.255708992481232 -0.692373871803284 0.717296302318573
v -0.276110798120499 -0.673990190029144 0.718007683753967
v -0.221180200576782 -0.727443397045135 0.765350580215454
v -0.190857797861099 -0.73205041885376 0.770154416561127
v -0.149844706058502 -0.706420481204987 0.725078225135803
v -0.181090205907822 -0.732577323913574 0.798261523246765
v -0.137781098484993 -0.687897324562073 0.863511621952057
v -0.114058703184128 -0.676478683948517 0.851886987686157
v -0.174935206770897 -0.725590527057648 0.823600888252258
v -0.310005992650986 -0.45873099565506 0.659054517745972
v -0.316632091999054 -0.461326986551285 0.684708774089813
v -0.334066301584244 -0.522494673728943 0.754278421401978
v -0.329189896583557 -0.571413397789001 0.763568878173828
v -0.292669087648392 -0.654098927974701 0.727321207523346
v -0.27669170498848 -0.651023805141449 0.698177695274353
v -0.321543514728546 -0.597253382205963 0.754890382289886
v -0.31901079416275 -0.6233029961586 0.771998584270477
v -0.326631486415863 -0.590133607387543 0.810013711452484
v -0.331018388271332 -0.567055583000183 0.820058882236481
v -0.324737191200256 -0.436351388692856 0.862333118915558
v -0.337380290031433 -0.515211582183838 0.810721218585968
v -0.0922980010509491 -0.434980005025864 0.899550497531891
v -0.0820402801036835 -0.454561501741409 0.877951979637146
v -0.0683732777833939 -0.534286201000214 0.805259823799133
v -0.107571601867676 -0.650283515453339 0.861242711544037
v -0.119326002895832 -0.639400482177734 0.885490000247955
v -0.0805208310484886 -0.610017776489258 0.818676888942719
v -0.0805302634835243 -0.625405728816986 0.793850183486938
v -0.113630302250385 -0.666427314281464 0.729274570941925
v -0.0896997600793839 -0.474946290254593 0.690207600593567
v -0.0869484320282936 -0.499169588088989 0.709441900253296
v -0.104115001857281 -0.50500899553299 0.673015475273132
v -0.226807996630669 -0.585974514484406 0.649725377559662
v -0.230277493596077 -0.554713487625122 0.644955277442932
v -0.20344839990139 -0.560075998306274 0.642688095569611
v -0.130394503474236 -0.505491316318512 0.658615410327911
v -0.177602499723434 -0.5636106133461 0.64904510974884
v -0.176837205886841 -0.594238519668579 0.654195785522461
v -0.14387820661068 -0.667017817497253 0.693622887134552
v -0.176495999097824 -0.624157011508942 0.660661578178406
v -0.199989095330238 -0.620541214942932 0.654024004936218
v -0.250789791345596 -0.657432973384857 0.681119620800018
v -0.223927199840546 -0.615302503108978 0.65646892786026
v -0.119217798113823 -0.437650293111801 0.907541573047638
v -0.208535596728325 -0.504431784152985 0.929263472557068
v -0.179492592811584 -0.50878232717514 0.926630675792694
v -0.17996309697628 -0.560072422027588 0.92647522687912
v -0.290345311164856 -0.431782692670822 0.899043381214142
v -0.267779588699341 -0.643013298511505 0.890156626701355
v -0.227044105529785 -0.588290572166443 0.922403693199158
v -0.199125096201897 -0.581444382667542 0.927041113376617
v -0.141155794262886 -0.648991525173187 0.895143270492554
v -0.177748799324036 -0.590872704982758 0.923157572746277
v -0.353581488132477 -0.42101201415062 0.168843001127243
v -0.379968494176865 -0.491129010915756 0.0640362724661827
v -0.377511590719223 -0.532827973365784 0.0583816505968571
v -0.385118007659912 -0.486829787492752 0.031016580760479
v -0.365984410047531 -0.384701609611511 -0.0593049190938473
v -0.351621985435486 -0.381419986486435 -0.0855228006839752
v -0.383048385381699 -0.48303359746933 -0.00153267395216972
v -0.381013810634613 -0.528573989868164 -0.000997780356556177
v -0.341957986354828 -0.627748727798462 -0.0485955402255058
v -0.373854994773865 -0.570016920566559 0.00392794515937567
v -0.375531792640686 -0.573671579360962 0.031248040497303
v -0.330717504024506 -0.641124427318573 0.107159599661827
v -0.320767998695374 -0.631768226623535 0.132422104477882
v -0.36949160695076 -0.574423789978027 0.0623368509113789
v -0.148227095603943 -0.39543080329895 -0.0920654088258743
v -0.120524503290653 -0.403219014406204 -0.0747653022408485
v -0.212506994605064 -0.480949610471725 -0.115634903311729
v -0.242671296000481 -0.478226691484451 -0.122441500425339
v -0.167523205280304 -0.63180547952652 -0.0810468792915344
v -0.143891498446465 -0.623245298862457 -0.0670002028346062
v -0.213642805814743 -0.559022486209869 -0.114697597920895
v -0.266540497541428 -0.560951292514801 -0.1175582036376
v -0.276911914348602 -0.520517528057098 -0.120568796992302
v -0.272954285144806 -0.476210802793503 -0.119453996419907
v -0.161726698279381 -0.476898014545441 0.168531194329262
v -0.219048202037811 -0.54205721616745 0.186109393835068
v -0.21437069773674 -0.575053870677948 0.181548997759819
v -0.245664998888969 -0.537501811981201 0.192688196897507
v -0.332112789154053 -0.435602605342865 0.184711694717407
v -0.277376502752304 -0.531336784362793 0.188146501779556
v -0.268048405647278 -0.565835118293762 0.184638902544975
v -0.296686410903931 -0.642942428588867 0.145989701151848
v -0.262388706207275 -0.598626613616943 0.178283095359802
v -0.235774606466293 -0.603951811790466 0.181898802518845
v -0.165565103292465 -0.661722421646118 0.134203195571899
v -0.147411495447159 -0.655169188976288 0.119043201208115
v -0.210602506995201 -0.607226312160492 0.175288006663322
v -0.108163796365261 -0.402100712060928 -0.0493360497057438
v -0.115159802138805 -0.426812410354614 -0.0557963289320469
v -0.101692602038383 -0.556144118309021 0.0144254397600889
v -0.101223103702068 -0.537941515445709 0.0381887406110764
v -0.13053560256958 -0.478215485811234 0.12311290204525
v -0.135531201958656 -0.451670914888382 0.139102697372437
v -0.109048798680305 -0.585719287395477 0.0639525428414345
v -0.13042089343071 -0.64842277765274 0.0947463512420654
v -0.13391800224781 -0.636363327503204 -0.0446039512753487
v -0.282714813947678 0.478348106145859 -0.475564897060394
v -0.26605498790741 0.499687612056732 -0.492149502038956
v -0.298046112060547 0.473161101341248 -0.364868104457855
v -0.322266101837158 0.345911592245102 -0.352269291877747
v -0.30523470044136 0.434657692909241 -0.300087600946426
v -0.294502586126328 0.461221486330032 -0.256944000720978
v -0.246234104037285 0.44629630446434 -0.0783397331833839
v -0.221459001302719 0.472687214612961 -0.0434385612607002
v -0.284444987773895 0.465474307537079 -0.20319490134716
v -0.282123893499374 0.48966771364212 -0.221303701400757
v -0.270539492368698 0.558632493019104 -0.164077997207642
v -0.276556402444839 0.51441752910614 -0.209990993142128
v -0.287171512842178 0.509909689426422 -0.264948487281799
v -0.266461998224258 0.619853496551514 -0.377226114273071
v -0.272727102041245 0.601167321205139 -0.352983504533768
v -0.271111994981766 0.623855471611023 -0.345002502202988
v -0.283510595560074 0.531320691108704 -0.309587299823761
v -0.202038794755936 0.687090218067169 -0.149851992726326
v -0.221597492694855 0.669644176959991 -0.140853404998779
v -0.189005196094513 0.66755610704422 -0.137510195374489
v -0.296577006578445 0.628713488578796 -0.134187906980515
v -0.301187992095947 0.59982842206955 -0.1385527998209
v -0.353976309299469 0.634317576885223 -0.144776001572609
v -0.353332996368408 0.615455508232117 -0.146979495882988
v -0.316940486431122 0.595185816287994 -0.253002494573593
v -0.362209498882294 0.599497318267822 -0.224802702665329
v -0.336579412221909 0.606609225273132 -0.265944212675095
v -0.436094909906387 0.674197196960449 -0.249126195907593
v -0.40133610367775 0.622363388538361 -0.223917499184608
v -0.435649991035461 0.657215476036072 -0.224931195378304
v -0.460383087396622 0.685364305973053 -0.20056439936161
v -0.447730898857117 0.694959580898285 -0.246922999620438
v -0.0239868592470884 0.32524049282074 0.149866193532944
v -0.051845159381628 0.32196119427681 0.195884704589844
v -0.116295598447323 0.315341413021088 0.189111202955246
v -0.10896710306406 0.315560698509216 0.214423701167107
v -0.137322798371315 0.298504292964935 0.284257113933563
v -0.0991880968213081 0.31413659453392 0.239787802100182
v -0.0058138738386333 0.307611495256424 0.288166105747223
v -0.0194863304495811 0.301531910896301 0.312197297811508
v -0.0682251527905464 0.316312909126282 0.241787806153297
v -0.0188839193433523 0.229993000626564 0.520779728889465
v -0.0170431397855282 0.222236394882202 0.684432029724121
v -0.0578286908566952 0.193272396922112 0.780555427074432
v -0.0831502228975296 0.164505302906036 0.825795829296112
v -0.0519624203443527 0.169951498508453 0.82931262254715
v -0.0527753494679928 -0.402828514575958 0.0160820595920086
v -0.125661000609398 -0.444471001625061 0.142647996544838
v -0.0975494682788849 -0.379010111093521 -0.0436466000974178
v -0.0912165492773056 -0.347756803035736 -0.07204470038414
v -0.0495472103357315 -0.388708293437958 -0.00701712816953659
v -0.0131133897230029 -0.354781687259674 0.873057186603546
v -0.0125582702457905 -0.381907612085342 0.833415925502777
v -0.0711159408092499 -0.396141290664673 0.878283321857452
v -0.0726870074868202 -0.375825494527817 0.897714018821716
v -0.0340409502387047 -0.392648786306381 0.82877391576767
v -0.0336682014167309 -0.415518492460251 0.780983507633209
v -0.0138190295547247 -0.421663105487823 0.757906973361969
v -0.0318952016532421 0.292670696973801 0.335087507963181
v -0.0709276124835014 0.273058295249939 0.377710491418839
v -0.0652240291237831 0.263036012649536 0.400467097759247
v -0.144830197095871 0.281040787696838 0.3263159096241
v -0.0975950509309769 0.270525604486465 0.375468611717224
v -0.0936202928423882 0.260438293218613 0.398174911737442
v -0.0868891403079033 0.251080513000488 0.421427696943283
v -0.0196397602558136 0.23879699409008 0.473145991563797
v -0.0548759698867798 0.253620505332947 0.424034506082535
v -0.011274790391326 0.351912707090378 0.0383676886558533
v -0.0227156206965446 0.326318293809891 0.119630098342896
v -0.0638787224888802 0.325796604156494 0.0734307169914246
v -0.0467021502554417 0.499897509813309 0.0530019886791706
v -0.112178802490234 0.421161592006683 0.0373017303645611
v -0.0813388675451279 0.422494202852249 0.0452491082251072
v -0.207825198769569 0.458693385124207 -0.0219988897442818
v -0.139486104249954 0.416947513818741 0.0239749699831009
v -0.146687805652618 0.33958700299263 -0.00338903605006635
v -0.119983002543449 0.392431110143661 0.0269789099693298
v -0.07627222687006 0.392928510904312 0.0397640392184258
v -0.0473052002489567 0.505821108818054 -0.562260329723358
v -0.0428496189415455 0.537397980690002 -0.548549175262451
v -0.0911862701177597 0.644830286502838 -0.501391410827637
v -0.24821449816227 0.517561674118042 -0.511794924736023
v -0.221070304512978 0.529733777046204 -0.52174961566925
v -0.141263097524643 0.642441093921661 -0.496254086494446
v -0.196385100483894 0.70577472448349 -0.449357599020004
v -0.142242699861526 0.668331325054169 -0.484465807676315
v -0.0961949378252029 0.675280570983887 -0.487625509500504
v -0.029657369479537 0.753642976284027 -0.453671902418137
v -0.0320645496249199 0.349412113428116 -0.66100412607193
v -0.132928803563118 0.389502495527267 -0.636030912399292
v -0.174071997404099 0.408860087394714 -0.615042984485626
v -0.165171802043915 0.390087395906448 -0.630160391330719
v -0.157008200883865 0.43110328912735 -0.601774096488953
v -0.0377977304160595 0.478432387113571 -0.578983426094055
v -0.0953476503491402 0.421826899051666 -0.615498721599579
v -0.0463873706758022 -0.253136903047562 0.950453519821167
v -0.0704019516706467 -0.255883991718292 0.948195219039917
v -0.0814248472452164 -0.34762778878212 0.90770548582077
v -0.00217142002657056 -0.336666792631149 -0.0871034190058708
v -0.0409894697368145 -0.296043187379837 -0.123466402292252
v -0.101975597441196 -0.329314291477203 -0.093723326921463
v -0.0738319233059883 -0.290405690670013 -0.123122997581959
v -0.114598996937275 -0.16447339951992 -0.188476204872131
v -0.105890400707722 -0.191423997282982 -0.181848704814911
v -0.0695416405797005 -0.249132499098778 -0.158409297466278
v -0.0239961091428995 -0.214739501476288 -0.184957504272461
v -0.0405568890273571 -0.256928503513336 -0.157584294676781
v -0.0151675399392843 -0.162306502461433 -0.205197706818581
v -0.0466745905578136 -0.101459503173828 -0.215586706995964
v -0.110204197466373 -0.139592796564102 -0.193829596042633
v -0.074138268828392 -0.0958152264356613 -0.2093396037817
v -0.0824425891041756 -0.064984567463398 -0.207758903503418
v -0.137260407209396 0.0612923502922058 -0.165378004312515
v -0.133763700723648 0.031153429299593 -0.175031796097755
v -0.0874120593070984 -0.0346132293343544 -0.207279995083809
v -0.0677740797400475 -0.0427642799913883 -0.214966401457787
v -0.0163165703415871 0.0160079002380371 -0.235554605722427
v -0.0451844297349453 -0.0409534089267254 -0.222833603620529
v -0.060722578316927 0.0909222811460495 -0.240368396043777
v -0.137130692601204 0.0946546569466591 -0.169043302536011
v -0.0999312475323677 0.105444200336933 -0.218766704201698
v -0.165423303842545 0.165938407182693 -0.254391014575958
v -0.150041699409485 0.158565297722816 -0.235181599855423
v -0.104719899594784 0.126132696866989 -0.236902996897697
v -0.0218169800937176 0.118266798555851 -0.298366189002991
v -0.0644237995147705 0.116351999342442 -0.261756300926208
v -0.0245822202414274 0.11627359688282 -0.323203891515732
v -0.0770005434751511 0.115420199930668 -0.347081303596497
v -0.0782705768942833 0.109963901340961 -0.373294293880463
v -0.0987430363893509 0.1202123016119 -0.338491499423981
v -0.1648088991642 0.155249804258347 -0.282933712005615
v -0.124584197998047 0.123495802283287 -0.346102893352509
v -0.190956503152847 0.127091303467751 -0.407182186841965
v -0.123992197215557 0.115318596363068 -0.377988994121552
v -0.0997349917888641 0.109766900539398 -0.384769797325134
v -0.0288009997457266 0.100816503167152 -0.445686608552933
v -0.0310143902897835 0.10548160225153 -0.474067002534866
v -0.100162997841835 0.11837299913168 -0.51109391450882
v -0.130209505558014 0.121518597006798 -0.514763474464417
v -0.174699306488037 0.118213996291161 -0.463522106409073
v -0.161175802350044 0.127844199538231 -0.518158912658691
v -0.252909898757935 0.199512004852295 -0.588145613670349
v -0.241282597184181 0.182182192802429 -0.572391271591187
v -0.172561004757881 0.142030894756317 -0.544686019420624
v -0.137957498431206 0.134688705205917 -0.543746113777161
v -0.055255338549614 0.187170192599297 -0.618938326835632
v -0.108238197863102 0.141699701547623 -0.559286415576935
v -0.0518361702561378 0.205421403050423 -0.632453620433807
v -0.106791399419308 0.263169407844543 -0.65992397069931
v -0.246723204851151 0.21664759516716 -0.605335175991058
v -0.18311770260334 0.247488602995872 -0.644573926925659
v -0.181289494037628 0.277529209852219 -0.654834926128387
v -0.217514097690582 0.311921000480652 -0.649802088737488
v -0.0214310307055712 0.69814121723175 -0.0499241389334202
v -0.0768801718950272 0.636023223400116 -0.0314001999795437
v -0.120908200740814 0.618787288665771 -0.0450312197208405
v -0.163589805364609 0.670745313167572 -0.125505805015564
v -0.149977698922157 0.688785970211029 -0.133976295590401
v -0.138702899217606 0.62602698802948 -0.0676162391901016
v -0.158847495913506 0.602925002574921 -0.0628659278154373
v -0.177537798881531 0.579963088035583 -0.0602353289723396
v -0.251002311706543 0.548018872737885 -0.481403589248657
v -0.301442712545395 0.745357871055603 -0.292217910289764
v -0.277503103017807 0.739251375198364 -0.299714297056198
v -0.296030789613724 0.733556687831879 -0.311736106872559
v -0.2612025141716 0.670248985290527 -0.363389998674393
v -0.299856513738632 0.718902587890625 -0.325350612401962
v -0.34980970621109 0.731595993041992 -0.309040397405624
v -0.330988496541977 0.747922420501709 -0.287625104188919
v -0.308356612920761 0.756585001945496 -0.266992509365082
v -0.309928894042969 0.746440410614014 -0.187722593545914
v -0.37465488910675 0.745737910270691 -0.189851596951485
v -0.417129009962082 0.700152575969696 -0.154484495520592
v -0.369943588972092 0.729067385196686 -0.170176193118095
v -0.22281239926815 0.698155879974365 -0.156558096408844
v -0.100108101963997 0.762748420238495 -0.160531103610992
v -0.149606302380562 0.711535692214966 -0.149054199457169
v -0.082489863038063 0.760814428329468 -0.147706598043442
v -0.0175619591027498 0.738263010978699 -0.0814147368073463
v -0.0566713809967041 0.76749587059021 -0.137631699442863
v -0.0459231585264206 0.790388822555542 -0.15786600112915
v -0.0539469607174397 0.820712625980377 -0.358942091464996
v -0.0687129572033882 0.810213685035706 -0.383642911911011
v -0.0264120604842901 0.781176328659058 -0.431345999240875
v -0.0921981036663055 0.800033926963806 -0.394067913293839
v -0.177046105265617 0.748306274414062 -0.423451095819473
v -0.115721397101879 0.787635385990143 -0.405564814805984
v -0.11438249796629 0.803057193756104 -0.376824706792831
v -0.0790525376796722 0.817860782146454 -0.353380411863327
v -0.213397100567818 0.74421352148056 -0.357346594333649
v -0.250795513391495 0.685609877109528 -0.3768090903759
v -0.221818000078201 0.726721525192261 -0.379409790039062
v -0.185470104217529 0.809036612510681 -0.231519296765327
v -0.228666201233864 -0.44159859418869 0.451562613248825
v -0.187635600566864 -0.483388513326645 0.444837003946304
v -0.190819799900055 -0.464124709367752 0.501072585582733
v -0.157160997390747 -0.468796402215958 0.549022376537323
v -0.129549995064735 -0.46212449669838 0.614381611347198
v -0.168418705463409 -0.441326588392258 0.224875405430794
v -0.182319894433022 -0.447059810161591 0.277336001396179
v -0.18525330722332 -0.482430994510651 0.390702486038208
v -0.197161093354225 -0.457608997821808 0.334834694862366
v -0.225991606712341 -0.445154786109924 0.393404692411423
v -0.0730645135045052 -0.511390209197998 0.51619291305542
v -0.0602853111922741 -0.505253970623016 0.540870428085327
v -0.0901532098650932 -0.500047028064728 0.539288580417633
v -0.17530320584774 -0.492751508951187 0.416975200176239
v -0.16155269742012 -0.497494697570801 0.442976802587509
v -0.0919435396790504 -0.513143479824066 0.493622601032257
v -0.0258792601525784 -0.530045986175537 0.444961488246918
v -0.0376473292708397 -0.53053617477417 0.414678603410721
v -0.0704782232642174 -0.50579571723938 0.335207790136337
v -0.0980382263660431 -0.502023577690125 0.340588301420212
v -0.125910401344299 -0.493304789066315 0.339281290769577
v -0.110025599598885 -0.490453213453293 0.318316608667374
v -0.10703119635582 -0.482737898826599 0.297051608562469
v -0.0186090096831322 -0.471724301576614 0.234750300645828
v -0.0762188583612442 -0.484954297542572 0.284904003143311
v -0.189247503876686 -0.0868703126907349 0.937958180904388
v -0.261932194232941 -0.0617737807333469 0.87821751832962
v -0.227027699351311 -0.118389397859573 0.913378000259399
v -0.269852787256241 -0.203962996602058 0.881181001663208
v -0.229031398892403 -0.142691001296043 0.91172730922699
v -0.209451496601105 -0.137378305196762 0.925769209861755
v -0.154497504234314 -0.173461198806763 0.947745323181152
v -0.135204002261162 -0.175960093736649 0.954128384590149
v -0.18556310236454 -0.132354199886322 0.938119411468506
v -0.176568105816841 -0.104962199926376 0.944157421588898
v -0.190100997686386 0.00409583793953061 0.913979113101959
v -0.169417798519135 0.0197745691984892 0.918324828147888
v -0.141726806759834 0.090207651257515 0.883882284164429
v -0.167363703250885 0.0450459010899067 0.902940273284912
v -0.18950130045414 0.030333960428834 0.898753881454468
v -0.20655919611454 0.0378674902021885 0.879212021827698
v -0.251606404781342 -0.0327427797019482 0.879045486450195
v -0.210757002234459 0.0106323296204209 0.894034624099731
v -0.0517206005752087 0.043932568281889 0.952396273612976
v -0.0153023395687342 0.111735500395298 0.907075107097626
v -0.114899501204491 0.097555123269558 0.891903877258301
v -0.0989747270941734 0.014884140342474 0.955024302005768
v -0.078773133456707 0.0400453396141529 0.947152316570282
v -0.0186736509203911 -0.184946700930595 0.972870111465454
v -0.110121600329876 -0.177658498287201 0.960454225540161
v -0.0150291100144386 -0.0196455996483564 1.0045679807663
v 0.30707061290741 -0.404837489128113 0.487915605306625
v 0.235240504145622 -0.373837500810623 0.916498720645905
v 0.123662397265434 -0.2538723051548 0.941993772983551
v 0.217582106590271 -0.355991899967194 0.919841885566711
v 0.37507900595665 -0.286917686462402 -0.00536536891013384
v 0.383136689662933 -0.117759801447392 0.161231994628906
v 0.339944303035736 -0.387845814228058 0.800758183002472
v 0.32684388756752 -0.388056486845016 0.493173092603683
v 0.202593997120857 0.192939803004265 -0.00241415505297482
v 0.24249629676342 0.248169407248497 -0.226093098521233
v 0.302232503890991 0.341015011072159 -0.256601393222809
v 0.275723487138748 0.274588495492935 -0.255855798721313
v 0.229759603738785 0.364944487810135 -0.0784090608358383
v 0.277753800153732 0.372183293104172 -0.166460603475571
v 0.3295077085495 -0.684247970581055 0.0407096892595291
v 0.320291996002197 -0.510395109653473 0.704737722873688
v 0.320503503084183 -0.535673916339874 0.867099523544312
v 0.113998502492905 -0.539415121078491 0.903683602809906
v 0.171363905072212 -0.461783409118652 0.92431777715683
v 0.186393693089485 -0.403524905443192 0.922286510467529
v 0.178844004869461 -0.646470487117767 0.911065280437469
v 0.115213699638844 -0.593267679214478 0.896972119808197
v 0.241638407111168 -0.473607003688812 0.922144114971161
v 0.225715801119804 -0.450531810522079 0.923659086227417
v 0.274644613265991 -0.531534075737 0.912431418895721
v 0.294204503297806 -0.479280412197113 0.900151073932648
v 0.352636903524399 -0.531626105308533 0.130032002925873
v 0.362043708562851 -0.463430196046829 0.128980204463005
v 0.371144086122513 -0.47640061378479 0.106006100773811
v 0.383779287338257 -0.372830599546432 0.0525816008448601
v 0.378783196210861 -0.430352210998535 0.0892023667693138
v 0.336196899414062 -0.667274713516235 0.0634523183107376
v 0.358630895614624 -0.551126182079315 0.111381202936172
v 0.364047586917877 -0.530922412872314 -0.0619399584829807
v 0.361159294843674 -0.579607784748077 -0.046802569180727
v 0.346629112958908 -0.658232986927032 0.0377122797071934
v 0.385065913200378 -0.415345996618271 0.0116344401612878
v 0.379922091960907 -0.360048711299896 -0.0126258796080947
v 0.373504310846329 -0.504143476486206 -0.0471298210322857
v 0.209231600165367 -0.356324404478073 -0.112397603690624
v 0.196794703602791 -0.412638008594513 -0.110615998506546
v 0.165485501289368 -0.463633090257645 -0.0981967896223068
v 0.338364601135254 -0.450922310352325 -0.0968211069703102
v 0.259720802307129 -0.404001414775848 -0.118476897478104
v 0.274881094694138 -0.611632883548737 -0.109821401536465
v 0.316409111022949 -0.578984975814819 -0.0996544510126114
v 0.219675302505493 -0.616340398788452 -0.109383299946785
v 0.327706009149551 -0.498576104640961 0.168797001242638
v 0.305865794420242 -0.538293182849884 0.176930695772171
v 0.121699303388596 -0.479514092206955 -0.0606445707380772
v 0.28031051158905 0.534247994422913 -0.38668018579483
v 0.302116811275482 0.430691510438919 -0.456471800804138
v 0.307184606790543 0.432624608278275 -0.399814486503601
v 0.280219912528992 0.558166801929474 -0.303377598524094
v 0.279708206653595 0.548010408878326 -0.358624696731567
v 0.250994592905045 0.518977522850037 -0.121025696396828
v 0.282072097063065 0.53991287946701 -0.251949787139893
v 0.290053188800812 0.413854092359543 -0.196908995509148
v 0.27547898888588 0.420825004577637 -0.14584219455719
v 0.267726302146912 0.485944211483002 -0.149798393249512
v 0.246864601969719 0.496335506439209 -0.0993788987398148
v 0.319253593683243 0.387488096952438 -0.416851311922073
v 0.317077696323395 0.394716113805771 -0.361145108938217
v 0.300942689180374 0.387311011552811 -0.236077293753624
v 0.312048703432083 0.385262787342072 -0.29477459192276
v 0.269893407821655 0.66766881942749 -0.143757298588753
v 0.0215848106890917 0.233856499195099 -0.649637281894684
v 0.0298979394137859 0.281090885400772 -0.66512268781662
v 0.194248899817467 0.190735206007957 -0.605618000030518
v 0.23629529774189 0.256277412176132 -0.633127987384796
v 0.040545430034399 0.664689183235168 -0.0305825304239988
v 0.0522485785186291 0.687551021575928 -0.0543390512466431
v 0.270987898111343 0.694761872291565 -0.155056595802307
v 0.24062080681324 0.738398313522339 -0.180761396884918
v 0.225151300430298 0.719729721546173 -0.168840005993843
v 0.36371061205864 0.674186229705811 -0.14478300511837
v 0.0182111393660307 0.79519921541214 -0.15310400724411
v -0.012605469673872 0.795247673988342 -0.151230692863464
v 0.0694058835506439 0.824286818504333 -0.30715149641037
v 0.213714897632599 0.847503185272217 -0.250328004360199
v 0.0511393286287785 -0.473187386989594 0.625316202640533
v 0.0665804222226143 -0.451748698949814 0.190534397959709
v 0.115074902772903 -0.443878889083862 0.177404299378395
v 0.130571901798248 0.03968420997262 0.927012622356415
v 0.100125096738338 -0.137760400772095 0.968997180461884
v -0.28899958729744 -0.41222271323204 0.362844794988632
v -0.277021706104279 -0.285481691360474 -0.114447496831417
v -0.238353803753853 -0.372676998376846 0.915766596794128
v -0.242068693041801 -0.344007700681686 0.912479281425476
v -0.375048607587814 -0.290617406368256 -0.00782275572419167
v -0.356170386075974 -0.257370412349701 -0.0499110892415047
v -0.377883493900299 -0.299522399902344 0.161037504673004
v -0.339977085590363 -0.385762393474579 0.799603998661041
v -0.206326603889465 0.137243703007698 -0.0472168102860451
v -0.192192405462265 0.218051195144653 0.00733101693913341
v -0.175004705786705 0.185924500226974 -0.0694044232368469
v -0.184510305523872 0.157172605395317 -0.0645336732268333
v -0.192130401730537 0.193922907114029 -0.0208698697388172
v -0.249282598495483 0.259306013584137 -0.221937403082848
v -0.234166398644447 0.23789319396019 -0.225702106952667
v -0.260469406843185 0.392168700695038 -0.114979803562164
v -0.262167185544968 0.372262597084045 -0.129776895046234
v -0.23537839949131 0.384417206048965 -0.0746673420071602
v -0.276028007268906 0.271730899810791 -0.260504305362701
v -0.285424292087555 0.334153413772583 -0.211399793624878
v -0.325292885303497 0.360720485448837 -0.430217713117599
v -0.304913699626923 0.372533589601517 -0.536768972873688
v -0.287069886922836 -0.714468896389008 0.00611088797450066
v -0.158607602119446 -0.703555881977081 -0.00217454601079226
v -0.15089039504528 -0.688737988471985 -0.023976419121027
v -0.319094896316528 -0.517521023750305 0.704507410526276
v -0.314829885959625 -0.597157180309296 0.727654695510864
v -0.326296806335449 -0.535882413387299 0.855266094207764
v -0.322516411542892 -0.512054622173309 0.866054177284241
v -0.131838396191597 -0.489880293607712 0.914452075958252
v -0.281428098678589 -0.531885027885437 0.90798431634903
v -0.231281399726868 -0.448250591754913 0.922422111034393
v -0.300858199596405 -0.574927985668182 0.890119016170502
v -0.129208892583847 -0.562907814979553 0.91031289100647
v -0.383908987045288 -0.379027187824249 0.0528121888637543
v -0.381300389766693 -0.420697003602982 0.0748646631836891
v -0.366715788841248 -0.476461499929428 0.115803897380829
v -0.366107493638992 -0.435949593782425 -0.0649589225649834
v -0.380310505628586 -0.363681614398956 -0.0112934904173017
v -0.385079085826874 -0.416098207235336 0.0115659795701504
v -0.362758010625839 -0.615305721759796 -0.00659811217337847
v -0.363872408866882 -0.530833303928375 -0.0623270310461521
v -0.356946885585785 -0.583443522453308 -0.0535885095596313
v -0.359585911035538 -0.62297511100769 0.0525441393256187
v -0.164970695972443 -0.463578104972839 -0.0978690832853317
v -0.150859594345093 -0.5215163230896 -0.0889086797833443
v -0.196893095970154 -0.412893891334534 -0.110637001693249
v -0.167425900697708 -0.542838096618652 -0.0984567105770111
v -0.327797889709473 -0.528887510299683 -0.101943701505661
v -0.318055689334869 -0.582252621650696 -0.0979757234454155
v -0.286680102348328 -0.356968402862549 -0.113292299211025
v -0.26013371348381 -0.406702697277069 -0.118557199835777
v -0.315359711647034 -0.498603612184525 -0.110663898289204
v -0.333361685276031 -0.434684902429581 -0.0996619462966919
v -0.174682706594467 -0.52379047870636 0.167929798364639
v -0.326995700597763 -0.497853010892868 0.16949400305748
v -0.331927090883255 -0.572778582572937 0.148080006241798
v -0.121433101594448 -0.479229301214218 -0.060158871114254
v -0.113558396697044 -0.525656521320343 -0.0423101484775543
v -0.121473602950573 -0.663622617721558 0.0432665795087814
v -0.11302649974823 -0.590289294719696 -0.0302834007889032
v -0.305227786302567 0.434945911169052 -0.422091007232666
v -0.306722700595856 0.435106992721558 -0.393593907356262
v -0.303180187940598 0.430120706558228 -0.451402395963669
v -0.300903290510178 0.38741260766983 -0.235907092690468
v -0.312271803617477 0.386983513832092 -0.296707004308701
v -0.319471091032028 0.386546611785889 -0.417845398187637
v -0.317890793085098 0.390985310077667 -0.360459208488464
v -0.243415594100952 0.49457859992981 -0.0897864699363708
v -0.275240391492844 0.421043902635574 -0.145070493221283
v -0.281979203224182 0.538136720657349 -0.251573711633682
v -0.124277800321579 0.202049896121025 0.637013614177704
v -0.0511902198195457 0.219238504767418 0.679066002368927
v -0.106930300593376 0.191381305456161 0.751203179359436
v -0.0429194085299969 -0.424164086580276 0.0522702597081661
v -0.142633393406868 0.226161405444145 0.43822380900383
v -0.0269688908010721 0.703726470470428 -0.480552196502686
v -0.00849220063537359 0.238314002752304 -0.651709914207458
v -0.198905497789383 0.191789194941521 -0.605326116085052
v -0.0256573893129826 0.284549713134766 -0.665777206420898
v -0.275404989719391 0.708093523979187 -0.161306694149971
v 0.00626261299476027 0.824991583824158 -0.363091289997101
v -0.0601405501365662 0.826314628124237 -0.310361504554749
v -0.199401199817657 0.765299320220947 -0.322748810052872
v -0.00202848296612501 -0.466187506914139 0.65020740032196
v -0.0119032198563218 -0.442157387733459 0.10429559648037
v -0.0837443992495537 -0.437097311019897 0.111868903040886
v -0.021186450496316 -0.512938618659973 0.33846241235733
v -0.0411328598856926 0.0227139797061682 0.968388676643372
v 0.320876985788345 -0.396924287080765 0.438694596290588
v 0.151709705591202 -0.471223294734955 0.620314478874207
v 0.236902505159378 -0.436462789773941 0.450587391853333
v 0.323841392993927 -0.324157506227493 -0.0962194204330444
v 0.323412090539932 -0.257013410329819 -0.0904849693179131
v 0.140444502234459 -0.231166705489159 0.94392192363739
v 0.350737810134888 -0.28116700053215 -0.066069982945919
v 0.367807388305664 -0.31938448548317 -0.0439579896628857
v 0.341128706932068 -0.375887006521225 0.377992391586304
v 0.371355801820755 -0.0909161791205406 0.0929900333285332
v 0.356946587562561 -0.0545761398971081 0.0524059608578682
v 0.184164896607399 0.0951239764690399 -0.103966899216175
v 0.193739205598831 0.108602300286293 -0.0851311683654785
v 0.213881403207779 0.236671105027199 0.0803332030773163
v 0.151530206203461 0.129845604300499 -0.150740101933479
v 0.249074801802635 0.266424596309662 -0.211379393935204
v 0.310256212949753 0.293559998273849 -0.326473712921143
v 0.316835999488831 0.294361591339111 -0.349485397338867
v 0.267539292573929 0.28434419631958 -0.224345505237579
v 0.281897097826004 0.299134999513626 -0.23907969892025
v 0.226777002215385 0.407088309526443 -0.0514618381857872
v 0.259000211954117 0.329966098070145 -0.15718649327755
v 0.227101996541023 0.306999295949936 -0.123549900949001
v 0.331607103347778 0.310939788818359 -0.451322585344315
v 0.238653004169464 -0.729294776916504 0.0433928817510605
v 0.250852286815643 -0.713919579982758 0.100292697548866
v 0.222342103719711 -0.721605718135834 0.832687795162201
v 0.329984694719315 -0.547175526618958 0.748916625976562
v 0.337028712034225 -0.534866571426392 0.794736325740814
v 0.329895287752151 -0.571056425571442 0.822165012359619
v 0.329477906227112 -0.57136482000351 0.7649285197258
v 0.0960519835352898 -0.495908200740814 0.686739325523376
v 0.110305801033974 -0.409631699323654 0.907042026519775
v 0.121519699692726 -0.460466802120209 0.908927023410797
v 0.189666792750359 -0.481933385133743 0.926723420619965
v 0.167550101876259 -0.53546130657196 0.92526912689209
v 0.201125100255013 -0.606319785118103 0.924886524677277
v 0.281921088695526 -0.453157007694244 0.906311094760895
v 0.311599910259247 -0.418830096721649 0.884014189243317
v 0.224919006228447 -0.533000707626343 0.926843523979187
v 0.358689814805984 -0.41277951002121 0.153295993804932
v 0.369501113891602 -0.434268712997437 0.116448096930981
v 0.383283704519272 -0.466248601675034 0.0494833216071129
v 0.377180308103561 -0.541716814041138 0.0527656301856041
v 0.362709105014801 -0.595432281494141 0.0733469426631927
v 0.370726495981216 -0.590999186038971 0.0111789396032691
v 0.372623801231384 -0.409405589103699 -0.0495248101651669
v 0.382843405008316 -0.508439779281616 0.0106586497277021
v 0.382298290729523 -0.458557188510895 -0.0159501601010561
v 0.158410206437111 -0.374918788671494 -0.0972656831145287
v 0.14362770318985 -0.421680986881256 -0.0866615772247314
v 0.224559500813484 -0.455932110548019 -0.117563501000404
v 0.201412305235863 -0.505635380744934 -0.113719202578068
v 0.338472902774811 -0.404100388288498 -0.0948220491409302
v 0.327079594135284 -0.351085513830185 -0.0968562215566635
v 0.286020487546921 -0.451851785182953 -0.117725297808647
v 0.259911686182022 -0.499985486268997 -0.121699102222919
v 0.281960308551788 -0.546522080898285 -0.117332696914673
v 0.225373804569244 -0.545188426971436 -0.118442803621292
v 0.202490597963333 -0.590712428092957 -0.10944789648056
v 0.102492697536945 -0.499417006969452 -0.0077629298903048
v 0.14204640686512 -0.474583506584167 0.146693602204323
v 0.286293685436249 0.480780512094498 -0.450693607330322
v 0.29645711183548 0.476631104946136 -0.341084003448486
v 0.288491189479828 0.505654513835907 -0.295661300420761
v 0.283227413892746 0.533949375152588 -0.334036886692047
v 0.281882405281067 0.512972712516785 -0.23819500207901
v 0.25778990983963 0.463012605905533 -0.110538899898529
v 0.238707393407822 0.45584300160408 -0.0644668713212013
v 0.290417194366455 0.461307197809219 -0.232952803373337
v 0.276967704296112 0.469911187887192 -0.172836393117905
v 0.325751394033432 0.343133598566055 -0.37970170378685
v 0.318956702947617 0.347434312105179 -0.326928287744522
v 0.302142709493637 0.432056099176407 -0.271777808666229
v 0.309014201164246 0.42533078789711 -0.33269190788269
v 0.349330097436905 0.653887808322906 -0.141964197158813
v 0.0153928203508258 0.222052097320557 0.687223494052887
v 0.0197131298482418 0.167325302958488 0.840647280216217
v 0.0101786702871323 -0.43341138958931 0.0614769794046879
v 0.0969261005520821 -0.431964486837387 0.0967809483408928
v 0.156159296631813 0.346880912780762 -0.00877645146101713
v 0.218123197555542 0.430220305919647 -0.0331661105155945
v 0.0134270200505853 0.52648252248764 -0.553776681423187
v 0.124609902501106 0.431348592042923 -0.606399774551392
v 0.0221983697265387 -0.353361994028091 -0.0637043863534927
v 0.0257180500775576 -0.104500100016594 -0.21766009926796
v 0.059875849634409 0.174852401018143 -0.606616318225861
v 0.0782547667622566 0.293627291917801 -0.667064070701599
v 0.229283094406128 0.477655410766602 -0.0545659996569157
v 0.147981002926826 0.561159193515778 -0.0210568308830261
v 0.128832697868347 0.6109778881073 -0.0444011501967907
v 0.105887599289417 0.612387299537659 -0.0296267904341221
v 0.305926889181137 0.748611986637115 -0.191614806652069
v 0.204766497015953 0.704087913036346 -0.159100607037544
v 0.26884138584137 0.721750915050507 -0.170423194766045
v 0.396057486534119 0.738252818584442 -0.177464500069618
v -0.000228357006562874 0.833978176116943 -0.315353691577911
v 0.183009505271912 0.875182688236237 -0.225036397576332
v 0.048711471259594 -0.441385895013809 0.11735749989748
v 0.189705699682236 -0.447334110736847 0.210642203688622
v 0.125281497836113 -0.00457362597808242 0.954583287239075
v 0.027715940028429 -0.141102895140648 0.980977892875671
v -0.190197795629501 -0.445685297250748 0.215109601616859
v -0.316127985715866 -0.313345402479172 -0.099446028470993
v -0.31772181391716 -0.265653103590012 -0.0948148220777512
v -0.227642804384232 -0.250070691108704 -0.127862200140953
v -0.36164391040802 -0.314898192882538 -0.0544306710362434
v -0.351622194051743 -0.282020211219788 -0.0646863281726837
v -0.375751495361328 -0.265810996294022 0.0109302597120404
v -0.367026001214981 -0.354683011770248 0.166757196187973
v -0.345755606889725 -0.0821543782949448 0.00540518993511796
v -0.365087687969208 -0.0617274418473244 0.0804795324802399
v -0.147383794188499 0.181756496429443 0.718025207519531
v -0.147053405642509 0.191770106554031 0.640043675899506
v -0.237875804305077 0.166552200913429 0.0276089701801538
v -0.159682497382164 0.125835299491882 -0.130289897322655
v -0.2231605052948 0.214569702744484 -0.244942903518677
v -0.223751798272133 0.311179608106613 -0.114170797169209
v -0.224680498242378 0.419260889291763 -0.043873768299818
v -0.234378695487976 0.33927458524704 -0.104763701558113
v -0.30445671081543 0.308777689933777 -0.290711998939514
v -0.261735200881958 0.322401493787766 -0.169929906725883
v -0.256734490394592 0.302042186260223 -0.181435599923134
v -0.276412010192871 0.302803486585617 -0.223238199949265
v -0.312675803899765 0.267274290323257 -0.366317212581635
v -0.293247491121292 0.368950009346008 -0.567588329315186
v -0.320689290761948 -0.432996511459351 0.676391422748566
v -0.338033497333527 -0.495074599981308 0.762161612510681
v -0.329237788915634 -0.546797215938568 0.74514228105545
v -0.315635710954666 -0.419765889644623 0.878380715847015
v -0.335837185382843 -0.541987121105194 0.801969528198242
v -0.339122414588928 -0.486475586891174 0.815760314464569
v -0.0958964079618454 -0.495547711849213 0.6869056224823
v -0.0758583471179008 -0.576961278915405 0.770930290222168
v -0.108252599835396 -0.41401019692421 0.906070113182068
v -0.126696601510048 -0.464428812265396 0.911620914936066
v -0.166995093226433 -0.53284627199173 0.925182580947876
v -0.289294302463531 -0.459168285131454 0.902104914188385
v -0.240990102291107 -0.497670114040375 0.922898173332214
v -0.225859701633453 -0.531286597251892 0.926623702049255
v -0.240454792976379 -0.558685481548309 0.92360657453537
v -0.363053202629089 -0.395843803882599 0.147215202450752
v -0.365905791521072 -0.421401113271713 0.125433802604675
v -0.375604212284088 -0.516173183917999 0.0752834528684616
v -0.383164703845978 -0.466473788022995 0.0502081587910652
v -0.372617095708847 -0.409679412841797 -0.0495746694505215
v -0.359007507562637 -0.360255807638168 -0.0683865770697594
v -0.383021712303162 -0.507305383682251 0.0122776199132204
v -0.382302314043045 -0.458680808544159 -0.0158773101866245
v -0.375774592161179 -0.55139172077179 -0.012395859695971
v -0.370349109172821 -0.592987775802612 0.0110338600352407
v -0.375882297754288 -0.552991688251495 0.0489448010921478
v -0.362374514341354 -0.598082780838013 0.0723642408847809
v -0.157570496201515 -0.365298509597778 -0.0969820767641068
v -0.224681600928307 -0.456133186817169 -0.117597997188568
v -0.2029187977314 -0.506985723972321 -0.114111803472042
v -0.215576604008675 -0.605693876743317 -0.111350797116756
v -0.2592493891716 -0.586212992668152 -0.11658039689064
v -0.28257828950882 -0.544586896896362 -0.117482997477055
v -0.322681695222855 -0.407769590616226 -0.104020699858665
v -0.318186014890671 -0.358710914850235 -0.102519400417805
v -0.286431789398193 -0.452093809843063 -0.117693796753883
v -0.262084186077118 -0.501251876354218 -0.121507301926613
v -0.102369502186775 -0.500598907470703 -0.00462361890822649
v -0.28681218624115 0.480628401041031 -0.447242885828018
v -0.295754611492157 0.479333192110062 -0.341489791870117
v -0.319026112556458 0.348420202732086 -0.327705413103104
v -0.325880110263824 0.344841986894608 -0.381217002868652
v -0.307272493839264 0.432531386613846 -0.331723690032959
v -0.263145685195923 0.461248099803925 -0.122787103056908
v -0.289888590574265 0.461695402860641 -0.230344101786613
v -0.277158409357071 0.470433086156845 -0.174042493104935
v -0.281512200832367 0.513554811477661 -0.236606001853943
v -0.28816220164299 0.507229626178741 -0.304411292076111
v -0.117212198674679 0.207084700465202 0.579832971096039
v -0.0972614586353302 0.211772903800011 0.634366929531097
v -0.0474668517708778 0.222356304526329 0.646466910839081
v -0.0472599901258945 0.222947493195534 0.622931480407715
v -0.0708439722657204 0.219069004058838 0.628944575786591
v -0.0821631997823715 0.195657193660736 0.761140882968903
v -0.0164938792586327 0.51959627866745 -0.556724727153778
v -0.231745094060898 0.506980180740356 -0.524863183498383
v -0.186940595507622 0.42683869600296 -0.598552227020264
v -0.0198342800140381 0.49486169219017 -0.569270312786102
v -0.0144082903862 0.168154001235962 -0.5996013879776
v -0.0762907490134239 0.616530418395996 -0.0154824098572135
v -0.0978889465332031 0.616675317287445 -0.0284494291990995
v -0.0500174686312675 0.65759152173996 -0.028827240690589
v -0.148541793227196 0.563246786594391 -0.0228674206882715
v -0.220081597566605 0.701354026794434 -0.430854111909866
v -0.399344593286514 0.735480487346649 -0.17409560084343
v -0.348335802555084 0.720553278923035 -0.164434105157852
v -0.0224575605243444 0.805411100387573 -0.172486305236816
v -0.205428496003151 0.81538462638855 -0.248081207275391
v -0.10057970136404 0.849701285362244 -0.276526600122452
v -0.177792102098465 0.891382813453674 -0.224577695131302
v -0.204208105802536 0.89054799079895 -0.235585495829582
v -0.0528947003185749 -0.462835103273392 0.6536945104599
v -0.0411993004381657 -0.448342204093933 0.159145295619965
v -0.0929854214191437 -0.441212803125381 0.140037804841995
v -0.0924170464277267 -0.158250197768211 0.968306601047516
v 0.317033499479294 -0.393525302410126 0.294232606887817
v 0.313818007707596 -0.397130906581879 0.519827127456665
v 0.305413007736206 -0.24288409948349 -0.0998676866292953
v 0.301086485385895 -0.178893402218819 -0.0955014526844025
v 0.218948498368263 -0.401090711355209 0.921398878097534
v 0.350222498178482 -0.222754806280136 -0.0492681488394737
v 0.376985490322113 -0.329563796520233 -0.0210086908191442
v 0.379876792430878 -0.294092386960983 0.0171623397618532
v 0.372721493244171 -0.298036307096481 -0.0252243708819151
v 0.377426505088806 -0.313373804092407 0.149696096777916
v 0.361378312110901 -0.0782808735966682 0.0535520203411579
v 0.366938203573227 -0.0986620187759399 0.0685160234570503
v 0.379792213439941 -0.10502739995718 0.135995000600815
v 0.348088204860687 -0.0869450569152832 0.0100792702287436
v 0.340170800685883 -0.379639208316803 0.735663414001465
v 0.328994601964951 -0.375463396310806 0.541772782802582
v 0.313143402338028 -0.396871387958527 0.549735724925995
v 0.254958093166351 0.0127541897818446 0.848999381065369
v 0.204132497310638 0.168504893779755 -0.0249891690909863
v 0.219957396388054 0.218068301677704 0.0619509518146515
v 0.197635099291801 0.214675605297089 0.013597110286355
v 0.16558849811554 0.177714496850967 -0.188196301460266
v 0.258303701877594 0.259223014116287 -0.240228399634361
v 0.243608102202415 0.233308106660843 -0.252416104078293
v 0.216021195054054 0.24369390308857 -0.181290298700333
v 0.284202098846436 0.339219212532043 -0.204189896583557
v 0.310878485441208 0.357424914836884 -0.277591288089752
v 0.295731097459793 0.365105897188187 -0.219547793269157
v 0.293752789497375 0.293978899717331 -0.273181706666946
v 0.282729089260101 0.26405069231987 -0.287303000688553
v 0.211425796151161 0.381329208612442 -0.043889369815588
v 0.287566304206848 0.392082303762436 -0.180888801813126
v 0.270083487033844 0.399856686592102 -0.132765293121338
v 0.259019911289215 0.374319285154343 -0.121497198939323
v 0.178266599774361 0.345722913742065 -0.0268757604062557
v 0.312235593795776 0.268247485160828 -0.36303499341011
v 0.328798800706863 0.333737909793854 -0.470393389463425
v 0.323775112628937 0.360736608505249 -0.45888951420784
v 0.32219061255455 0.355900406837463 -0.489506095647812
v 0.312052309513092 0.378257006406784 -0.506913483142853
v 0.286709398031235 -0.707796216011047 -0.022839019075036
v 0.26099020242691 -0.699048221111298 0.119643799960613
v 0.315445810556412 -0.689139902591705 0.0642780363559723
v 0.154207497835159 -0.709365487098694 0.0244593806564808
v 0.23663230240345 -0.708806216716766 -0.0508617199957371
v 0.336706787347794 -0.435817688703537 0.729035973548889
v 0.315445810556412 -0.54203587770462 0.704784095287323
v 0.336543411016464 -0.492623001337051 0.838875889778137
v 0.30429020524025 -0.631287515163422 0.726412296295166
v 0.0979024022817612 -0.511398196220398 0.894724428653717
v 0.0920901894569397 -0.58516651391983 0.722660779953003
v 0.136185601353645 -0.573631882667542 0.668705821037292
v 0.148701995611191 -0.507032871246338 0.922536492347717
v 0.139059200882912 -0.538377583026886 0.917772173881531
v 0.146811500191689 -0.441882699728012 0.920689225196838
v 0.198634102940559 -0.454108685255051 0.926601827144623
v 0.160327702760696 -0.416154891252518 0.921995580196381
v 0.207988798618317 -0.42696088552475 0.92479020357132
v 0.108134500682354 -0.564988613128662 0.898337185382843
v 0.266721189022064 -0.560341119766235 0.915759980678558
v 0.295126795768738 -0.605234384536743 0.886982321739197
v 0.25477209687233 -0.451340794563293 0.918028771877289
v 0.266324996948242 -0.426726788282394 0.913147211074829
v 0.296230912208557 -0.528419494628906 0.898297607898712
v 0.269521206617355 -0.478444993495941 0.915898323059082
v 0.344595789909363 -0.515146613121033 0.150286793708801
v 0.367472797632217 -0.522304892539978 0.104187898337841
v 0.348534613847733 -0.484109401702881 0.152528405189514
v 0.382194191217422 -0.38989669084549 0.0752260535955429
v 0.385384112596512 -0.420221090316772 0.0474021099507809
v 0.363203585147858 -0.572649896144867 0.0923605933785439
v 0.346009612083435 -0.55855268239975 0.132276505231857
v 0.354488611221313 -0.595446407794952 0.099624402821064
v 0.344551712274551 -0.573729574680328 -0.0825383067131042
v 0.365478992462158 -0.618700802326202 0.0237819608300924
v 0.381726711988449 -0.411009609699249 -0.0211780797690153
v 0.384594589471817 -0.369829386472702 0.0191975794732571
v 0.375067293643951 -0.456591188907623 -0.0468441508710384
v 0.354066997766495 -0.451027512550354 -0.0879874229431152
v 0.353311002254486 -0.497380495071411 -0.0883372724056244
v 0.22902999818325 -0.405321002006531 -0.117611102759838
v 0.167170494794846 -0.417358487844467 -0.10096800327301
v 0.181744992733002 -0.364275604486465 -0.107448302209377
v 0.193809196352959 -0.459019809961319 -0.110620997846127
v 0.173975199460983 -0.511622488498688 -0.104190602898598
v 0.140352994203568 -0.470419406890869 -0.0822558328509331
v 0.315355211496353 -0.499150693416595 -0.110676102340221
v 0.314430385828018 -0.450918912887573 -0.110390901565552
v 0.339028000831604 -0.498649686574936 -0.0964700132608414
v 0.284786492586136 -0.357808113098145 -0.113552503287792
v 0.290441989898682 -0.402649790048599 -0.115616701543331
v 0.259795099496841 -0.361649006605148 -0.116551801562309
v 0.247257098555565 -0.615855097770691 -0.113658599555492
v 0.178460404276848 -0.590018928050995 -0.100630596280098
v 0.191058501601219 -0.619148015975952 -0.10113450139761
v 0.325379908084869 -0.528501808643341 0.164838895201683
v 0.108855396509171 -0.489818811416626 -0.0353662297129631
v 0.119977399706841 -0.511085987091064 -0.0547559596598148
v 0.109834797680378 -0.554237902164459 -0.0325567089021206
v 0.14278170466423 -0.637380421161652 0.124586001038551
v 0.273389786481857 0.554427802562714 -0.415225297212601
v 0.312547713518143 0.416669011116028 -0.382705986499786
v 0.312825590372086 0.408974498510361 -0.436225891113281
v 0.281647711992264 0.557156503200531 -0.278083711862564
v 0.274045288562775 0.563797175884247 -0.384114891290665
v 0.267674386501312 0.530677616596222 -0.168738201260567
v 0.273694187402725 0.522234499454498 -0.192403495311737
v 0.291774809360504 0.437656491994858 -0.214209392666817
v 0.277653187513351 0.442745894193649 -0.159173101186752
v 0.243400394916534 0.473863005638123 -0.0798841267824173
v 0.25873801112175 0.487580597400665 -0.125499099493027
v 0.32006898522377 0.369741290807724 -0.341100096702576
v 0.324655205011368 0.365490585565567 -0.39802560210228
v 0.302888303995132 0.409356713294983 -0.253398597240448
v 0.131831899285316 0.199919000267982 0.610194325447083
v 0.0515366308391094 -0.355764806270599 -0.0517736114561558
v 0.0435719601809978 0.325964093208313 0.112537696957588
v 0.0684058889746666 0.481308788061142 0.0514633618295193
v 0.127491906285286 0.442984104156494 0.0341014787554741
v -0.0104319304227829 0.575269818305969 -0.53272557258606
v 0.235949695110321 0.428175508975983 -0.575487315654755
v 0.191550701856613 0.451524585485458 -0.578616380691528
v -0.000221167196286842 -0.307011604309082 0.921324014663696
v 0.0717738792300224 -0.321383386850357 0.921280920505524
v -0.00394554203376174 -0.134959906339645 -0.212985202670097
v 0.00571041507646441 -0.0579277202486992 -0.226518899202347
v 0.0878067091107368 0.180289700627327 -0.611635327339172
v 0.136091306805611 0.184570997953415 -0.611850500106812
v 0.00984928663820028 0.261202901601791 -0.661550521850586
v 0.0505853109061718 0.298787593841553 -0.668282508850098
v 0.165449306368828 0.188576802611351 -0.610775589942932
v 0.0593966692686081 0.637343525886536 -0.0198156107217073
v 0.0172010008245707 0.675849497318268 -0.0309317000210285
v 0.0921139493584633 0.667073428630829 -0.0668391287326813
v 0.317082196474075 0.689466416835785 -0.149646103382111
v 0.340097188949585 0.696280300617218 -0.151956498622894
v 0.315815299749374 0.714765429496765 -0.161743998527527
v 0.201642602682114 0.725144326686859 -0.171425804495811
v 0.00585544621571898 0.0581974387168884 0.949298620223999
v 0.067625880241394 0.0879608616232872 0.918413877487183
v 0.0164509695023298 0.106475196778774 0.911785423755646
v 0.0778923630714417 -0.145364195108414 0.972926318645477
v -0.309832394123077 -0.236268892884254 -0.0961045026779175
v -0.287889987230301 -0.311673998832703 -0.112707801163197
v -0.300318598747253 -0.179256498813629 -0.0961448326706886
v -0.264438301324844 -0.386191695928574 0.910050570964813
v -0.208285599946976 -0.385978490114212 0.922333776950836
v -0.380291998386383 -0.296074599027634 0.0193619392812252
v -0.375347495079041 -0.316695898771286 -0.0223193801939487
v -0.356505006551743 -0.0977302417159081 0.0302454195916653
v -0.320342600345612 -0.0507394410669804 -0.0344243906438351
v -0.219291299581528 0.244956806302071 0.108597300946712
v -0.166552498936653 0.117482200264931 0.836567521095276
v -0.173041000962257 0.17327119410038 0.683120310306549
v -0.148289605975151 0.195832997560501 0.5443115234375
v -0.248871505260468 0.0391919016838074 0.831459224224091
v -0.198964297771454 0.165563702583313 -0.0356584005057812
v -0.209432005882263 0.212560102343559 0.0331312082707882
v -0.204231306910515 0.252223998308182 0.0852960199117661
v -0.185114696621895 0.180924206972122 -0.0480329506099224
v -0.265787988901138 0.247123494744301 -0.272576689720154
v -0.244151502847672 0.229175105690956 -0.25982728600502
v -0.287646889686584 0.39178130030632 -0.18124820291996
v -0.27836000919342 0.370669394731522 -0.168774396181107
v -0.270638406276703 0.397944301366806 -0.135156497359276
v -0.266289502382278 0.350856602191925 -0.153005003929138
v -0.228198498487473 0.355387806892395 -0.0819137096405029
v -0.302513897418976 0.283746808767319 -0.308537900447845
v -0.300193309783936 0.335251897573471 -0.254513502120972
v -0.295757710933685 0.364179313182831 -0.22029210627079
v -0.290630012750626 0.317738592624664 -0.2384133040905
v -0.330215603113174 0.327769994735718 -0.467341512441635
v -0.330545395612717 0.333527714014053 -0.438326299190521
v -0.295459687709808 -0.701232373714447 -0.0248502492904663
v -0.170279696583748 -0.702117681503296 -0.0308717805892229
v -0.25631320476532 -0.704535722732544 0.113444097340107
v -0.321758598089218 -0.54607492685318 0.718212187290192
v -0.336338698863983 -0.442717403173447 0.72978138923645
v -0.306118786334991 -0.623938977718353 0.725626826286316
v -0.326668590307236 -0.56438547372818 0.84758722782135
v -0.315754592418671 -0.532807111740112 0.877158582210541
v -0.334504097700119 -0.507472813129425 0.842330574989319
v -0.31140810251236 -0.503828227519989 0.888916909694672
v -0.309276312589645 -0.533079326152802 0.889938771724701
v -0.079973429441452 -0.516030728816986 0.864783227443695
v -0.0913464725017548 -0.537627875804901 0.880466222763062
v -0.112040802836418 -0.536112785339355 0.902769207954407
v -0.0940043032169342 -0.575250327587128 0.716554999351501
v -0.161001801490784 -0.412667691707611 0.921966791152954
v -0.20064939558506 -0.453287303447723 0.926601886749268
v -0.13907790184021 -0.534483015537262 0.917797029018402
v -0.263407409191132 -0.445731401443481 0.915568828582764
v -0.296130388975143 -0.603598892688751 0.886697471141815
v -0.384943395853043 -0.371702402830124 0.0223467797040939
v -0.385663390159607 -0.420240104198456 0.044242549687624
v -0.350784093141556 -0.482509613037109 0.148793295025826
v -0.377822607755661 -0.471021205186844 0.0838679298758507
v -0.367005199193954 -0.52329957485199 0.105008102953434
v -0.373482197523117 -0.502804219722748 -0.0472578704357147
v -0.375225692987442 -0.456784188747406 -0.0465059392154217
v -0.362048089504242 -0.501916825771332 -0.0708773210644722
v -0.372404009103775 -0.362886786460876 -0.0437381789088249
v -0.381864607334137 -0.412128508090973 -0.0206312891095877
v -0.364095509052277 -0.621195673942566 0.0224379505962133
v -0.343789786100388 -0.578563511371613 -0.0819952264428139
v -0.354217708110809 -0.598179817199707 0.0989287868142128
v -0.345384389162064 -0.558215916156769 0.133624702692032
v -0.350961089134216 -0.625715672969818 0.0847267806529999
v -0.139829501509666 -0.470362186431885 -0.0819098278880119
v -0.173523798584938 -0.513881385326385 -0.103932201862335
v -0.133903101086617 -0.501472592353821 -0.0778076872229576
v -0.187883302569389 -0.366831302642822 -0.108819797635078
v -0.228689104318619 -0.409751802682877 -0.117703601717949
v -0.21658830344677 -0.657323122024536 -0.0937225595116615
v -0.185398206114769 -0.562309324741364 -0.107702098786831
v -0.148727297782898 -0.548674404621124 -0.0857236534357071
v -0.178423896431923 -0.586359977722168 -0.100992903113365
v -0.24611109495163 -0.617750227451324 -0.113193400204182
v -0.250676900148392 -0.353490710258484 -0.117072500288486
v -0.291523307561874 -0.404904514551163 -0.115632198750973
v -0.336776196956635 -0.499581098556519 -0.0978367030620575
v -0.313357502222061 -0.451281905174255 -0.111040696501732
v -0.304436206817627 -0.53759241104126 0.178129300475121
v -0.323327392339706 -0.526297211647034 0.166823893785477
v -0.121872000396252 -0.512826383113861 -0.0581468418240547
v -0.104262597858906 -0.524101674556732 -0.0202248692512512
v -0.130249604582787 -0.606996178627014 0.111801400780678
v -0.110319398343563 -0.555228292942047 -0.0331346094608307
v -0.136177495121956 -0.597129225730896 -0.0668017715215683
v -0.312943190336227 0.408783912658691 -0.435188412666321
v -0.272876411676407 0.556286811828613 -0.416145414113998
v -0.302671700716019 0.410751700401306 -0.252750813961029
v -0.310904413461685 0.357309699058533 -0.27768748998642
v -0.324651896953583 0.365783989429474 -0.400199502706528
v -0.313446611166 0.413127690553665 -0.378760814666748
v -0.250321894884109 0.517731726169586 -0.11925320327282
v -0.290007591247559 0.413878411054611 -0.196736797690392
v -0.275496810674667 0.448973387479782 -0.153102606534958
v -0.272534489631653 0.528056919574738 -0.185727402567863
v -0.27354308962822 0.565896928310394 -0.38563260436058
v -0.264122813940048 0.637292325496674 -0.134693592786789
v -0.348041892051697 0.640026688575745 -0.305492401123047
v -0.0311611797660589 0.225454702973366 0.602060317993164
v -0.139446794986725 0.197662204504013 0.588960289955139
v -0.103737100958824 0.218145802617073 0.510794103145599
v -0.0604995898902416 0.221398696303368 0.602416217327118
v -0.0274044908583164 0.224125698208809 0.6594477891922
v -0.0606193207204342 0.20245349407196 0.756130218505859
v -0.101446002721786 0.20188120007515 0.717321515083313
v -0.0266633406281471 -0.416345506906509 0.027975020930171
v -0.0502640716731548 -0.356284499168396 -0.0513918586075306
v -0.126721501350403 0.445536911487579 0.0344169810414314
v -0.0107973795384169 -0.0727983713150024 -0.223952099680901
v -0.147906392812729 0.147691503167152 -0.177383795380592
v -0.135965496301651 0.186868399381638 -0.613696813583374
v -0.0507000908255577 0.223495900630951 -0.644767701625824
v -0.0634478330612183 0.241204395890236 -0.652600526809692
v -0.0268781892955303 0.217067196965218 -0.641306817531586
v -0.0469358116388321 0.262046813964844 -0.661507725715637
v -0.169718995690346 0.189563602209091 -0.610523819923401
v -0.0563163496553898 0.284299701452255 -0.665583372116089
v -0.0177288297563791 0.262248396873474 -0.66170197725296
v -0.0496287606656551 0.686864376068115 -0.0521892905235291
v -0.0758738368749619 0.704444229602814 -0.0903613567352295
v -0.0536444894969463 0.630690693855286 -0.011996160261333
v -0.113399997353554 0.668732881546021 -0.0880782529711723
v -0.169167593121529 0.500235915184021 -0.000761338626034558
v -0.22850289940834 0.493456214666367 -0.0607619993388653
v -0.364604711532593 0.705446422100067 -0.154882401227951
v -0.245058193802834 0.712866187095642 -0.165290698409081
v -0.169728606939316 0.721423387527466 -0.16492560505867
v -0.115871898829937 -0.443986594676971 0.160800099372864
v -0.13654750585556 -0.121657103300095 0.959358990192413
v -0.0131314303725958 0.0739759802818298 0.937576293945312
v -0.053267240524292 0.0868835300207138 0.922433912754059
v -0.0643163323402405 -0.152806997299194 0.97484290599823
v 0.317706614732742 -0.397392004728317 0.372102499008179
v 0.165870606899261 -0.445950210094452 0.194669499993324
v 0.30054959654808 -0.417428910732269 0.605330526828766
v 0.345319002866745 -0.305811405181885 -0.0821268633008003
v 0.298099994659424 -0.314449489116669 -0.110525697469711
v 0.341838985681534 -0.276633709669113 -0.0810206010937691
v 0.285354912281036 -0.255814403295517 -0.112830996513367
v 0.138041600584984 -0.378977090120316 0.920343518257141
v 0.362978100776672 -0.286285787820816 -0.0451531000435352
v 0.369727104902267 -0.264233112335205 -0.0209000892937183
v 0.363320887088776 -0.385908514261246 0.153309002518654
v 0.371139794588089 -0.383583098649979 0.122042797505856
v 0.375431209802628 -0.311112105846405 0.179542601108551
v 0.176747605204582 0.289160996675491 0.256016492843628
v 0.176363304257393 0.125733494758606 -0.0972908437252045
v 0.188460797071457 0.187095895409584 -0.235066100955009
v 0.20024099946022 0.217445001006126 -0.195346504449844
v 0.216371193528175 0.230450004339218 -0.206216603517532
v 0.231606096029282 0.248517498373985 -0.203276202082634
v 0.252231389284134 0.30648010969162 -0.166768699884415
v 0.324396789073944 0.319833397865295 -0.362440913915634
v 0.315191209316254 0.335838109254837 -0.302280306816101
v 0.267065912485123 0.319285809993744 -0.184942707419395
v 0.238001704216003 0.431741893291473 -0.0612987093627453
v 0.24281220138073 0.404408603906631 -0.0780207812786102
v 0.24471640586853 0.320313394069672 -0.139120697975159
v 0.218470796942711 0.318561792373657 -0.0986839532852173
v 0.323949307203293 0.294778287410736 -0.376573503017426
v 0.328401803970337 0.295687705278397 -0.404343485832214
v 0.330300211906433 0.290897905826569 -0.433724194765091
v 0.329892605543137 0.317140012979507 -0.422119289636612
v 0.318338692188263 0.349313497543335 -0.521902680397034
v 0.263653188943863 -0.724232614040375 0.0221153795719147
v 0.26559579372406 -0.721433997154236 0.0533883906900883
v 0.230291604995728 -0.722320795059204 -0.0209554508328438
v 0.311529994010925 -0.448897212743759 0.656579077243805
v 0.32845151424408 -0.436793386936188 0.705457925796509
v 0.306957989931107 -0.478398501873016 0.664005219936371
v 0.33551549911499 -0.542800307273865 0.773625671863556
v 0.331840485334396 -0.497475206851959 0.727913022041321
v 0.334271788597107 -0.545711278915405 0.817403018474579
v 0.333484590053558 -0.567185580730438 0.79357522726059
v 0.0896997600793839 -0.474946290254593 0.690207600593567
v 0.0970497205853462 -0.519222617149353 0.69673091173172
v 0.0778534784913063 -0.474510490894318 0.717258214950562
v 0.0828051269054413 -0.612355291843414 0.76640921831131
v 0.135498002171516 -0.410307794809341 0.914664387702942
v 0.207587897777557 -0.505355179309845 0.929268300533295
v 0.166485801339149 -0.487725406885147 0.92464691400528
v 0.196845203638077 -0.534270524978638 0.929189383983612
v 0.212573304772377 -0.561254322528839 0.928663492202759
v 0.308405697345734 -0.452698886394501 0.889218211174011
v 0.250219285488129 -0.532313823699951 0.922024488449097
v 0.35609170794487 -0.399491012096405 0.17390650510788
v 0.357376098632812 -0.434655606746674 0.142930895090103
v 0.378444314002991 -0.471114605665207 0.0802640691399574
v 0.382309198379517 -0.512999176979065 0.0418034195899963
v 0.376745909452438 -0.56683611869812 0.0313158482313156
v 0.370721697807312 -0.545815289020538 0.0828947871923447
v 0.369724303483963 -0.594229519367218 0.0423961095511913
v 0.369615793228149 -0.581104278564453 -0.0192338898777962
v 0.373003512620926 -0.351894795894623 -0.0410595610737801
v 0.35021048784256 -0.358204513788223 -0.0843779519200325
v 0.353033512830734 -0.404635488986969 -0.0866676494479179
v 0.380746901035309 -0.504741609096527 -0.0183053594082594
v 0.385405689477921 -0.462178707122803 0.0164501406252384
v 0.117266699671745 -0.38077899813652 -0.0753586962819099
v 0.255755096673965 -0.453533709049225 -0.12053120136261
v 0.230139493942261 -0.501858592033386 -0.120357602834702
v 0.316803812980652 -0.40251100063324 -0.106891997158527
v 0.28801029920578 -0.498907685279846 -0.118610300123692
v 0.257012099027634 -0.588135421276093 -0.116777397692204
v 0.25427308678627 -0.544958591461182 -0.120900601148605
v 0.229043006896973 -0.590692520141602 -0.115845397114754
v 0.194959595799446 -0.537774682044983 -0.112006299197674
v 0.176563993096352 -0.488677114248276 0.175827994942665
v 0.1013567969203 -0.504415094852448 0.0165615491569042
v 0.121721498668194 -0.451819688081741 0.111782297492027
v 0.275582909584045 0.502618789672852 -0.470161199569702
v 0.294746100902557 0.47973170876503 -0.309539288282394
v 0.303837388753891 0.449701607227325 -0.350496500730515
v 0.292225897312164 0.494982689619064 -0.362910807132721
v 0.282907903194427 0.534519016742706 -0.285425186157227
v 0.28823658823967 0.484702110290527 -0.250841408967972
v 0.276741296052933 0.49430051445961 -0.195499196648598
v 0.259754091501236 0.438876688480377 -0.106371201574802
v 0.299933403730392 0.4561587870121 -0.290963590145111
v 0.0289570093154907 0.232475996017456 0.494888186454773
v 0.0466262996196747 0.224098399281502 0.582409799098969
v 0.0431074984371662 0.470273286104202 0.055703479796648
v -0.0124421399086714 0.550005674362183 -0.543567180633545
v 0.0177807696163654 0.556440770626068 -0.54067462682724
v 0.0173351503908634 0.729556202888489 -0.467371106147766
v 0.241747498512268 0.536623418331146 -0.507844209671021
v 0.00415132194757462 0.491988688707352 -0.571243822574615
v 0.0929024368524551 0.432748913764954 -0.607730388641357
v 0.239318907260895 0.446098506450653 -0.560928881168365
v 0.156411707401276 0.430763810873032 -0.602149188518524
v 0.00138242403045297 -0.244573101401329 -0.169159606099129
v -0.0012123619671911 -0.0040242220275104 -0.234439596533775
v 0.0117536196485162 0.16445229947567 -0.595437586307526
v 0.00985826831310987 0.184288293123245 -0.617303013801575
v 0.0659442767500877 0.197933495044708 -0.626779675483704
v 0.0225246492773294 0.207955494523048 -0.634611904621124
v 0.095311239361763 0.267749696969986 -0.661424398422241
v 0.0795319974422455 0.595407724380493 -0.00119856500532478
v 0.224208295345306 0.456320494413376 -0.0402149893343449
v 0.140582606196404 0.546231925487518 -0.00547929899767041
v 0.171474799513817 0.558581471443176 -0.0375987105071545
v 0.0280926208943129 0.691970109939575 -0.045933049172163
v 0.0893509164452553 0.639233112335205 -0.0422041192650795
v 0.0817240029573441 0.6146559715271 -0.0171491205692291
v 0.265178292989731 0.743488073348999 -0.186414793133736
v 0.228750392794609 0.694104909896851 -0.15489000082016
v 0.343626588582993 0.726598083972931 -0.169130504131317
v 0.190068602561951 -0.459726393222809 0.511791527271271
v 0.0118042398244143 -0.532459318637848 0.413934886455536
v 0.032384779304266 0.0222904700785875 0.970562279224396
v 0.0945733189582825 0.0848449990153313 0.91198867559433
v -0.297275602817535 -0.422115713357925 0.608913421630859
v -0.341838985681534 -0.276633709669113 -0.0810206010937691
v -0.248838305473328 -0.236001193523407 -0.124821096658707
v -0.369566202163696 -0.260979294776917 -0.0200088806450367
v -0.362803399562836 -0.377667188644409 0.161481305956841
v -0.370821088552475 -0.330963492393494 0.175655797123909
v -0.377723097801208 -0.350261211395264 0.123871400952339
v -0.362338900566101 -0.205584496259689 -0.0136220203712583
v -0.369139611721039 -0.324733704328537 0.195740401744843
v -0.341659992933273 -0.0539691708981991 0.0068877711892128
v -0.352387011051178 -0.0696039721369743 0.0307207200676203
v -0.371367007493973 -0.0864237174391747 0.0948684215545654
v -0.176558196544647 0.289774388074875 0.253975689411163
v -0.156724497675896 0.199082896113396 0.492833614349365
v -0.140239596366882 0.212159693241119 0.477792412042618
v -0.152825102210045 0.184242203831673 0.689819693565369
v -0.184245094656944 0.171563804149628 0.586908519268036
v -0.186485797166824 0.0845703780651093 -0.107216201722622
v -0.18904510140419 0.111235998570919 -0.0897375717759132
v -0.171697705984116 0.125842094421387 -0.106542497873306
v -0.24001519382 0.185974597930908 0.0550919882953167
v -0.206751093268394 0.232851892709732 0.0573840700089931
v -0.225224301218987 0.206976503133774 0.0547882504761219
v -0.200974002480507 0.216132998466492 -0.200190603733063
v -0.237292394042015 0.260913610458374 -0.197513401508331
v -0.244842901825905 0.299883604049683 -0.161366298794746
v -0.252573311328888 0.425389796495438 -0.0885558873414993
v -0.250708609819412 0.4012570977211 -0.0927025824785233
v -0.249905407428741 0.324245303869247 -0.14502289891243
v -0.247941106557846 0.369807004928589 -0.102611102163792
v -0.31381630897522 0.298130393028259 -0.334809809923172
v -0.314933896064758 0.334214597940445 -0.30296379327774
v -0.259216099977493 0.28548538684845 -0.205133602023125
v -0.229004606604576 0.204883605241776 -0.273015797138214
v -0.328238695859909 0.280890792608261 -0.41679510474205
v -0.325474411249161 0.294468909502029 -0.383912414312363
v -0.331111997365952 0.300767987966537 -0.445057213306427
v -0.327330589294434 -0.436873495578766 0.703128814697266
v -0.339314490556717 -0.517722010612488 0.781815409660339
v -0.333362013101578 -0.503357112407684 0.739841282367706
v -0.33526998758316 -0.544701814651489 0.773249089717865
v -0.323282688856125 -0.572263181209564 0.735518217086792
v -0.333050489425659 -0.569616377353668 0.792219281196594
v -0.312175691127777 -0.448604613542557 0.886386573314667
v -0.333855599164963 -0.539007723331451 0.82938152551651
v -0.0899873003363609 -0.413080990314484 0.900578320026398
v -0.0946087017655373 -0.456878989934921 0.898522675037384
v -0.0824414566159248 -0.611318111419678 0.767302811145782
v -0.0778534784913063 -0.474510490894318 0.717258214950562
v -0.0962654128670692 -0.517725884914398 0.697799384593964
v -0.134760096669197 -0.415263801813126 0.914047718048096
v -0.19609409570694 -0.532951295375824 0.929071426391602
v -0.167429596185684 -0.488307803869247 0.924759089946747
v -0.212310895323753 -0.559750378131866 0.928911328315735
v -0.20103819668293 -0.6076620221138 0.924743294715881
v -0.35609170794487 -0.399491012096405 0.17390650510788
v -0.370670795440674 -0.384813785552979 0.123124897480011
v -0.35792550444603 -0.426389008760452 0.146624192595482
v -0.349816113710403 -0.45329350233078 0.161247700452805
v -0.385410398244858 -0.462245285511017 0.016549339517951
v -0.382028788328171 -0.51091742515564 0.0443033203482628
v -0.361460387706757 -0.406769096851349 -0.0711699426174164
v -0.35021048784256 -0.358204513788223 -0.0843779519200325
v -0.380786389112473 -0.50442910194397 -0.0179818700999022
v -0.369362711906433 -0.597034871578217 0.0416486710309982
v -0.378575414419174 -0.551483392715454 0.0176672507077456
v -0.370676398277283 -0.547211706638336 0.0818136483430862
v -0.123782202601433 -0.425659000873566 -0.0741719007492065
v -0.165839701890945 -0.41599228978157 -0.1003402993083
v -0.131424605846405 -0.375557094812393 -0.0841744169592857
v -0.117266699671745 -0.38077899813652 -0.0753586962819099
v -0.193761497735977 -0.45918071269989 -0.11061429977417
v -0.232944294810295 -0.504179716110229 -0.121075600385666
v -0.24085359275341 -0.559287309646606 -0.120937801897526
v -0.229223102331161 -0.587240874767303 -0.116147898137569
v -0.288279801607132 -0.577763617038727 -0.112999603152275
v -0.255956202745438 -0.453778594732285 -0.120517902076244
v -0.288603603839874 -0.498829513788223 -0.118543103337288
v -0.178360402584076 -0.494038790464401 0.175703004002571
v -0.138789504766464 -0.496774107217789 0.13516229391098
v -0.121721498668194 -0.451819688081741 0.111782297492027
v -0.28855299949646 0.447916597127914 -0.488714993000031
v -0.276908606290817 0.505953788757324 -0.462736785411835
v -0.288320094347 0.506983518600464 -0.336895197629929
v -0.292057901620865 0.494131594896317 -0.367842793464661
v -0.301911294460297 0.455276310443878 -0.375926911830902
v -0.302684605121613 0.453846514225006 -0.348450809717178
v -0.320226103067398 0.368751406669617 -0.34209680557251
v -0.324241787195206 0.318166702985764 -0.360835313796997
v -0.311637789011002 0.410815387964249 -0.314632713794708
v -0.298410713672638 0.460673898458481 -0.285501301288605
v -0.258778095245361 0.441667407751083 -0.105049699544907
v -0.239698797464371 0.468685805797577 -0.0699069127440453
v -0.287445992231369 0.488738805055618 -0.250137597322464
v -0.291565895080566 0.437648713588715 -0.21329340338707
v -0.276244699954987 0.495165109634399 -0.193432196974754
v -0.283561885356903 0.531982421875 -0.341340214014053
v -0.317520797252655 0.628645598888397 -0.305150091648102
v -0.0696065723896027 0.221611693501472 0.552958786487579
v -0.0582457296550274 -0.413502603769302 0.0386689305305481
v -0.0278763305395842 0.232232794165611 0.496874004602432
v -0.238514006137848 0.546154320240021 -0.505868792533875
v -0.208425298333168 0.511463522911072 -0.535752415657043
v -0.0152361495420337 0.728033185005188 -0.468307793140411
v -0.12392570078373 0.433285385370255 -0.605001389980316
v -0.0245425496250391 0.190752699971199 -0.62190967798233
v -0.0438378192484379 0.171804204583168 -0.603363871574402
v -0.123132899403572 0.237982705235481 -0.648107886314392
v -0.0775655508041382 0.262745887041092 -0.661464273929596
v -0.0847257897257805 0.595190584659576 -0.00396046321839094
v -0.0319429188966751 0.715090215206146 -0.0662370026111603
v -0.0974337607622147 0.641450583934784 -0.0488629713654518
v -0.174515396356583 0.55805641412735 -0.0396134592592716
v -0.203069806098938 0.482340812683105 -0.0256974194198847
v -0.263854295015335 0.73084157705307 -0.176066502928734
v -0.227464199066162 -0.0916934013366699 0.912875771522522
v -0.246839299798012 -0.132130995392799 0.899340510368347
v 0.153294995427132 -0.261677205562592 -0.134013205766678
v 0.193880498409271 -0.356712490320206 0.922277510166168
v 0.237599804997444 0.230000600218773 0.135257795453072
v 0.180275797843933 0.169626995921135 0.668181419372559
v 0.222060605883598 0.167334392666817 0.00204000202938914
v 0.301052808761597 -0.670451879501343 0.785576820373535
v 0.0719355419278145 -0.537916898727417 0.770750224590302
v 0.0717141479253769 -0.518767416477203 0.760715425014496
v 0.0946241468191147 -0.574304819107056 0.877539396286011
v 0.337713986635208 -0.675491571426392 0.015021950006485
v 0.129519507288933 -0.61560720205307 0.1082563996315
v 0.0881706699728966 0.713187992572784 -0.470888704061508
v 0.188504695892334 0.652635216712952 -0.481381505727768
v 0.212085396051407 0.133644595742226 -0.489121913909912
v 0.113185696303844 0.322926312685013 -0.664620399475098
v 0.210054993629456 0.542829394340515 -0.0669400170445442
v 0.0399057194590569 0.622451782226562 -0.00276432698592544
v 0.214109092950821 0.761685490608215 -0.221100300550461
v 0.207704693078995 0.759401619434357 -0.308012306690216
v 0.0692433267831802 -0.486055105924606 0.586338818073273
v 0.0454026609659195 -0.180361598730087 0.971747875213623
v -0.361546605825424 -0.23236109316349 -0.0317792110145092
v -0.32390770316124 -0.161734193563461 -0.0737871825695038
v -0.162645801901817 0.173940196633339 -0.1431715041399
v -0.320466786623001 0.251116305589676 -0.424821794033051
v -0.30020609498024 -0.671980321407318 0.79101437330246
v -0.314475387334824 -0.618540823459625 0.746212303638458
v -0.132209300994873 -0.575441718101501 0.672000586986542
v -0.177751094102859 -0.649071514606476 0.909350991249084
v -0.108048997819424 -0.49746361374855 0.0679036602377892
v -0.113995797932148 -0.482270300388336 0.0945334210991859
v -0.122832402586937 -0.669563591480255 0.0170895904302597
v -0.114210397005081 -0.632732510566711 -0.00404569506645203
v -0.127028897404671 0.141529306769371 0.836345314979553
v -0.207208693027496 0.406496286392212 -0.0261341091245413
v -0.135132506489754 0.139659002423286 -0.201423093676567
v -0.210197597742081 0.134780600667 -0.498080492019653
v -0.0294795893132687 0.125040605664253 -0.535143613815308
v -0.115368403494358 0.320548593997955 -0.664758205413818
v -0.164933696389198 0.74925172328949 -0.179322898387909
v -0.0422277897596359 0.827973902225494 -0.335343688726425
v -0.13408650457859 -0.0469541288912296 0.96578449010849
v 0.338905900716782 -0.387164801359177 0.219216197729111
v 0.179274901747704 0.0575909800827503 -0.127943202853203
v 0.323113709688187 -0.395284205675125 0.646823287010193
v 0.212920501828194 0.0865479037165642 0.825519680976868
v 0.0771169513463974 -0.582183182239532 0.833093106746674
v 0.284060806035995 -0.632260680198669 0.884259581565857
v 0.321979910135269 -0.629499912261963 0.132486805319786
v 0.162594303488731 -0.653344511985779 0.134734198451042
v 0.13401560485363 -0.526303887367249 0.126825198531151
v 0.128150895237923 -0.506886780261993 0.117447003722191
v 0.457149595022202 0.704020082950592 -0.230333000421524
v 0.0279776696115732 0.227136701345444 0.545259714126587
v 0.215840995311737 0.552440583705902 -0.514086484909058
v 0.132764995098114 0.389371514320374 -0.636133909225464
v 0.129752397537231 -0.317646503448486 -0.10552229732275
v 0.191219300031662 0.177044600248337 -0.262982606887817
v 0.146055296063423 0.131498903036118 -0.535437881946564
v 0.31290739774704 0.750145614147186 -0.282474309206009
v 0.0593790411949158 0.767304718494415 -0.139176905155182
v 0.02699233032763 0.77512127161026 -0.437216997146606
v 0.225802898406982 0.717634320259094 -0.386721611022949
v 0.200795993208885 0.0628908425569534 0.864207684993744
v -0.196676596999168 -0.205581098794937 -0.145075395703316
v -0.217656403779984 -0.298266798257828 0.918745577335358
v -0.370568692684174 -0.210251092910767 0.0188797991722822
v -0.318972796201706 0.00245248805731535 -0.00305663701146841
v -0.380175113677979 -0.14431320130825 0.124812699854374
v -0.216922596096992 0.153427705168724 -0.0189756099134684
v -0.204146206378937 -0.729739010334015 0.817842900753021
v -0.290628910064697 -0.633099973201752 0.876693308353424
v -0.329638987779617 -0.409037500619888 0.850092828273773
v -0.0743931904435158 -0.567922472953796 0.828666090965271
v -0.283856511116028 -0.503044128417969 0.655667722225189
v -0.128225892782211 -0.66691917181015 0.073329746723175
v -0.458998292684555 0.702336013317108 -0.225573405623436
v -0.12330749630928 0.191719904541969 0.723657786846161
v -0.0773044228553772 -0.423567801713943 0.876947522163391
v -0.0912018716335297 0.616653621196747 -0.512839496135712
v -0.196489900350571 0.533291518688202 -0.530455887317657
v -0.0655040368437767 0.482301712036133 -0.576361417770386
v -0.0611741505563259 -0.131079196929932 -0.2086561024189
v -0.0471289493143559 0.10918340086937 -0.493130594491959
v -0.150688499212265 0.288369506597519 -0.661740124225616
v -0.0263838097453117 0.546855270862579 0.0392093397676945
v -0.0165651999413967 0.833590924739838 -0.294874787330627
v -0.0114649003371596 -0.532745718955994 0.416703701019287
v -0.0212507098913193 -0.526483774185181 0.388051390647888
v -0.18172450363636 -0.0393090881407261 0.938689172267914
v -0.0861878916621208 -0.113106802105904 0.975507915019989
v 0.200688600540161 -0.446148097515106 0.531746983528137
v 0.20514489710331 -0.37826269865036 0.922269701957703
v 0.384160906076431 -0.209016695618629 0.161382794380188
v 0.37196409702301 -0.173956602811813 0.0519996806979179
v 0.383021414279938 -0.343010395765305 0.062012180685997
v 0.347999304533005 -0.363348603248596 0.354371696710587
v 0.340496987104416 -0.00564164901152253 0.0441876016557217
v 0.384017795324326 -0.146900594234467 0.161066696047783
v 0.337293386459351 -0.398618400096893 0.829379975795746
v 0.249247699975967 0.208684697747231 0.117615200579166
v 0.25347688794136 0.0388703383505344 0.824323117733002
v 0.248087793588638 0.0641153007745743 0.800618410110474
v 0.240384593605995 0.20183989405632 -0.298552811145782
v 0.301494985818863 0.417510390281677 -0.488308906555176
v 0.293605893850327 -0.690496981143951 -0.0458024702966213
v 0.224206194281578 -0.720104694366455 0.0996540263295174
v 0.342967212200165 -0.437958508729935 0.779355823993683
v 0.33758220076561 -0.461027503013611 0.837074518203735
v 0.32475021481514 -0.577921509742737 0.844791173934937
v 0.158408299088478 -0.626233518123627 0.915248513221741
v 0.357000410556793 -0.635928213596344 0.0374679006636143
v 0.363141506910324 -0.458503812551498 -0.0701768398284912
v 0.147559404373169 -0.548628211021423 -0.0849716290831566
v 0.235467106103897 -0.635433495044708 -0.106439597904682
v 0.167951703071594 -0.533532619476318 0.162741303443909
v 0.121217802166939 -0.667350888252258 0.0201888903975487
v 0.137987807393074 -0.593173384666443 -0.0709384307265282
v 0.11097689718008 -0.576333284378052 0.0782869905233383
v 0.123257897794247 -0.666286826133728 0.0474114008247852
v 0.319990903139114 0.663649916648865 -0.141728892922401
v 0.310226202011108 0.650531888008118 -0.327845185995102
v 0.0563852488994598 0.220680505037308 0.655531227588654
v 0.0307122301310301 0.200869798660278 0.772704482078552
v 0.0509867593646049 0.203538596630096 0.758194327354431
v 0.0846587494015694 0.224814102053642 0.496614009141922
v 0.0296879708766937 0.640487790107727 -0.506886184215546
v 0.111832097172737 0.587229907512665 -0.522723019123077
v 0.145882293581963 0.564469277858734 -0.52726548910141
v 0.121385402977467 0.559905111789703 -0.533158779144287
v 0.136801704764366 0.50816398859024 -0.554899573326111
v 0.0487109385430813 0.377517700195312 -0.647979915142059
v -0.00221671909093857 0.646522521972656 -0.00825774297118187
v 0.0166245307773352 0.659426093101501 -0.0195215009152889
v 0.129265204071999 -0.453230798244476 0.240650102496147
v -0.000822257716208696 -0.498159199953079 0.573544025421143
v -0.299869805574417 -0.409205913543701 0.395025014877319
v -0.251740992069244 -0.284036993980408 -0.119986698031425
v -0.382406890392303 -0.254426211118698 0.159048095345497
v -0.381535798311234 -0.289662212133408 0.113692797720432
v -0.382703602313995 -0.231858506798744 0.11785189807415
v -0.360143512487411 -0.123603902757168 0.0312481001019478
v -0.347974807024002 -0.363321185112 0.338523894548416
v -0.385408699512482 -0.108333401381969 0.191044703125954
v -0.350635707378387 -0.109518997371197 0.00784117355942726
v -0.383724987506866 -0.120307601988316 0.165699392557144
v -0.376533508300781 -0.0715815201401711 0.138177797198296
v -0.295000791549683 0.42048579454422 -0.506739616394043
v -0.221534505486488 -0.716223120689392 -0.0380472987890244
v -0.321476191282272 -0.680789113044739 0.0782125666737556
v -0.312523812055588 -0.571628570556641 0.710713982582092
v -0.308602094650269 -0.545144021511078 0.69390082359314
v -0.08074901252985 -0.571655213832855 0.742116570472717
v -0.26760920882225 -0.557951629161835 0.915722072124481
v -0.154921099543571 -0.57671320438385 0.920983016490936
v -0.218464404344559 -0.36359828710556 -0.114290401339531
v -0.113480001688004 -0.513250410556793 0.0882177874445915
v -0.106033302843571 -0.519436419010162 0.0583539083600044
v -0.117496199905872 -0.64197838306427 0.0672895312309265
v -0.110131300985813 -0.634527504444122 0.0429233387112617
v -0.107411496341228 -0.623319327831268 0.0183763597160578
v -0.259540587663651 0.507685601711273 -0.140604197978973
v -0.26538610458374 0.526299715042114 -0.160701900720596
v -0.304368913173676 0.646647274494171 -0.328837811946869
v -0.128165200352669 0.491034597158432 0.0300173703581095
v -0.0737361162900925 0.491910010576248 0.0493931584060192
v -0.139284700155258 0.470001697540283 0.0268455408513546
v -0.0693220868706703 0.525435984134674 -0.553200423717499
v -0.0806583985686302 0.500307977199554 -0.564246416091919
v -0.0951438993215561 0.529681622982025 -0.548987209796906
v -0.192819595336914 0.654533326625824 -0.479211390018463
v -0.0820586234331131 0.359736889600754 -0.655696272850037
v -0.0192563403397799 0.398609012365341 -0.633609712123871
v -0.230040699243546 0.427592903375626 -0.579992175102234
v -0.0938050001859665 0.474090307950974 -0.579186618328094
v 0.0074357339181006 -0.114166103303432 -0.216940194368362
v -0.156277492642403 0.173865795135498 -0.596599221229553
v -0.0299247708171606 0.139654502272606 -0.560850024223328
v -0.172422006726265 0.313190400600433 -0.659529089927673
v -0.0823402032256126 0.329912096261978 -0.665428221225739
v -0.0309106390923262 0.598214328289032 0.0123831098899245
v -0.0215854402631521 0.660420477390289 -0.0217505004256964
v -0.329167008399963 0.708500325679779 -0.157345905900002
v -0.0171733908355236 -0.454015612602234 0.179140895605087
v -0.154578104615211 -0.462172091007233 0.285095006227493
v -0.0566588081419468 -0.481605589389801 0.601464927196503
v -0.0788453966379166 0.0830832570791245 0.918233096599579
v 0.30639261007309 -0.40143620967865 0.342731088399887
v 0.323982685804367 -0.39257138967514 0.464269489049911
v 0.239773705601692 -0.233228206634521 -0.127484202384949
v 0.275272697210312 -0.404572188854218 0.906343102455139
v 0.375552594661713 -0.236255005002022 0.0258764792233706
v 0.368586599826813 -0.180865898728371 0.0277132801711559
v 0.370264708995819 -0.212678998708725 0.0160031206905842
v 0.380638509988785 -0.13023279607296 0.133046999573708
v 0.272934287786484 -0.0326149016618729 0.855811893939972
v 0.240435406565666 0.114580199122429 -0.0218927599489689
v 0.318751394748688 0.319799900054932 -0.331114709377289
v 0.214410796761513 0.193346098065376 -0.271344095468521
v 0.269937694072723 0.457219213247299 -0.517536222934723
v 0.268525987863541 0.432331889867783 -0.537895679473877
v 0.256425708532333 -0.714549720287323 -0.029301630333066
v 0.218933194875717 -0.726342082023621 0.0690298974514008
v 0.167959302663803 -0.702300012111664 -0.0244722794741392
v 0.319181203842163 -0.442097306251526 0.678335189819336
v 0.313230812549591 -0.490720003843307 0.685575127601624
v 0.069964237511158 -0.534814476966858 0.817473411560059
v 0.0725743174552917 -0.580905914306641 0.805040180683136
v 0.0905649811029434 -0.418555796146393 0.900321304798126
v 0.195044502615929 -0.584437012672424 0.926183104515076
v 0.376013487577438 -0.516992211341858 0.0728626325726509
v 0.350551307201385 -0.595277905464172 -0.0612904205918312
v 0.103661201894283 -0.548583626747131 -0.00570614682510495
v 0.294253796339035 0.440142601728439 -0.483429789543152
v 0.286726713180542 0.507674098014832 -0.386246204376221
v 0.248798996210098 0.446383208036423 -0.0839229673147202
v 0.311336606740952 0.409962296485901 -0.310970485210419
v 0.103950597345829 0.317782193422318 0.173993498086929
v 0.0788175016641617 0.216424897313118 0.649759411811829
v 0.0314847715198994 0.209987506270409 0.744436919689178
v 0.0303199104964733 -0.401952803134918 0.00427601486444473
v 0.0659596174955368 0.523436725139618 -0.554219722747803
v 0.0421021394431591 0.536652386188507 -0.548895120620728
v 0.04427744820714 0.566216170787811 -0.535776197910309
v 0.106933601200581 0.61783230304718 -0.510959029197693
v 0.129751101136208 0.608814477920532 -0.512179672718048
v 0.0940990373492241 0.673955321311951 -0.488397389650345
v 0.101016096770763 0.647707879543304 -0.499229490756989
v 0.170133799314499 0.668943822383881 -0.479038298130035
v 0.251448005437851 0.508030772209167 -0.513770222663879
v 0.100328400731087 0.396337807178497 -0.63332462310791
v 0.0713788196444511 0.119315803050995 -0.518965125083923
v 0.0980682820081711 0.142413794994354 -0.561745405197144
v 0.217292502522469 0.501981496810913 -0.0514598116278648
v 0.194636300206184 0.550184428691864 -0.0514863915741444
v 0.147976502776146 0.585269927978516 -0.0378742404282093
v 0.259183406829834 0.518449485301971 -0.489720195531845
v -0.247700899839401 -0.432142108678818 0.538334608078003
v -0.27304619550705 -0.231536000967026 -0.117149196565151
v -0.161212399601936 0.0602458082139492 -0.143493205308914
v -0.114005200564861 -0.342902094125748 0.92197322845459
v -0.377563506364822 -0.2407585978508 0.034345019608736
v -0.380830585956573 -0.341043502092361 0.0909759327769279
v -0.37859371304512 -0.23149910569191 0.0610246993601322
v -0.338420808315277 -0.0993828475475311 -0.0207100696861744
v -0.38093689084053 -0.120028600096703 0.139012902975082
v -0.17083740234375 0.168222799897194 -0.0918657407164574
v -0.322651505470276 0.341383695602417 -0.511363923549652
v -0.275899887084961 0.441816300153732 -0.51720142364502
v -0.196157604455948 -0.724452078342438 0.0117957796901464
v -0.327385008335114 -0.598158180713654 0.784578502178192
v -0.0764641165733337 -0.547474384307861 0.853470921516418
v -0.0700808316469193 -0.559553623199463 0.800651729106903
v -0.288246899843216 -0.470023512840271 0.645072996616364
v -0.252802103757858 -0.579153180122375 0.918537616729736
v -0.333964198827744 -0.619814097881317 -0.070882610976696
v -0.141588300466537 -0.416379004716873 -0.0860318392515182
v -0.102299496531487 -0.528176724910736 0.00873833894729614
v -0.103911399841309 -0.547433197498322 -0.00826100539416075
v -0.143571898341179 -0.477616012096405 0.149008706212044
v -0.102448798716068 -0.569653570652008 0.0405953004956245
v -0.0759016126394272 0.219324201345444 0.581572890281677
v -0.0238227397203445 0.485030114650726 0.0569334104657173
v -0.116009801626205 0.630303919315338 -0.505183815956116
v -0.0952658131718636 0.588393688201904 -0.523727416992188
v -0.181421399116516 0.514363825321198 -0.542616784572601
v -0.214771598577499 0.552369594573975 -0.514524877071381
v -0.0509257987141609 0.657281517982483 -0.499184906482697
v -0.0712035670876503 0.65974497795105 -0.496806800365448
v -0.0150235202163458 0.330646395683289 -0.665985286235809
v -0.106280699372292 0.376195698976517 -0.646874487400055
v -0.114544302225113 0.454688906669617 -0.589828014373779
v -0.117111101746559 0.411093503236771 -0.621842384338379
v -0.151448294520378 0.0793868079781532 -0.150800302624702
v -0.106155596673489 0.128299504518509 -0.536873996257782
v -0.15726999938488 0.147577002644539 -0.560368716716766
v -0.0464241094887257 0.327795386314392 -0.666159272193909
v -0.119121499359608 0.290492802858353 -0.664340198040009
v -0.050500500947237 0.530020296573639 0.0413694381713867
v -0.100247897207737 0.551919281482697 0.0149156497791409
v -0.191411599516869 0.502838611602783 -0.0200988408178091
v -0.157287895679474 0.581093311309814 -0.0427855812013149
v -0.169338703155518 0.541430115699768 -0.0244473107159138
v -0.258364498615265 0.524639010429382 -0.48594918847084
v -0.257848799228668 0.746245920658112 -0.289402306079865
v 0.241399899125099 -0.317760407924652 -0.119041197001934
v 0.216430306434631 -0.302928686141968 -0.120325103402138
v 0.380898296833038 -0.334855496883392 0.0927577987313271
v 0.225079596042633 -0.688322782516479 -0.073329009115696
v 0.299018204212189 -0.557957589626312 0.681665778160095
v 0.312859892845154 -0.586052715778351 0.718563616275787
v 0.0856597870588303 -0.533091485500336 0.721023678779602
v 0.369108110666275 -0.555129587650299 -0.0414569303393364
v 0.165185496211052 -0.594171285629272 0.154955804347992
v 0.108246996998787 -0.57502669095993 -0.0211768094450235
v 0.114236697554588 -0.598347783088684 -0.0306037701666355
v 0.129354402422905 -0.55808287858963 0.118627898395061
v 0.120740801095963 -0.530438423156738 0.104905001819134
v 0.114670403301716 -0.553685784339905 0.0939970910549164
v 0.296593695878983 0.455463886260986 -0.436613798141479
v 0.308011293411255 0.408739596605301 -0.282900094985962
v 0.0158101506531239 0.613774478435516 -0.51762318611145
v 0.0962659269571304 0.558653295040131 -0.535983026027679
v 0.0694179013371468 0.546071887016296 -0.544006288051605
v 0.0692751407623291 0.576183319091797 -0.530900597572327
v 0.0251065697520971 0.394544810056686 -0.636378526687622
v 0.121838800609112 0.465923190116882 -0.58213597536087
v 0.12598779797554 0.484851390123367 -0.569812178611755
v 0.0948719903826714 0.477071911096573 -0.577252626419067
v 0.040713969618082 0.138852000236511 -0.559344172477722
v 0.123007498681545 0.206502303481102 -0.629376888275146
v 0.0901951864361763 0.31459379196167 -0.666570782661438
v 0.0991029664874077 0.518398821353912 0.0295967794954777
v 0.0427613891661167 0.57230132818222 0.0248962808400393
v 0.205309197306633 0.526689827442169 -0.0510560683906078
v 0.165009006857872 0.481850296258926 0.0100695695728064
v -0.328910201787949 -0.219230204820633 -0.0815261229872704
v -0.329209089279175 -0.243688702583313 -0.0848760232329369
v -0.202521994709969 -0.319618612527847 -0.116991996765137
v -0.194339200854301 -0.357112407684326 0.922258615493774
v -0.381977885961533 -0.259585589170456 0.112107902765274
v -0.383221209049225 -0.331179797649384 0.064515620470047
v -0.382331013679504 -0.199748799204826 0.131060600280762
v -0.336866587400436 -0.411929696798325 0.72280877828598
v -0.28374969959259 0.264363497495651 -0.289316385984421
v -0.324142813682556 0.34848740696907 -0.486079901456833
v -0.302387714385986 0.393155008554459 -0.519432187080383
v -0.285222500562668 0.415168195962906 -0.531305313110352
v -0.274906009435654 -0.683789312839508 -0.0667621791362762
v -0.274512410163879 -0.700044214725494 -0.0456851683557034
v -0.210465803742409 -0.693244576454163 -0.0616247802972794
v -0.0855209827423096 -0.555169522762299 0.726858913898468
v -0.273185610771179 -0.504451215267181 0.913443207740784
v -0.381947010755539 -0.391436010599136 0.0775412917137146
v -0.308833807706833 -0.552404582500458 -0.109333902597427
v -0.146620199084282 -0.561001121997833 0.145379200577736
v -0.162782698869705 -0.618748188018799 0.148319602012634
v -0.134399697184563 -0.545961320400238 0.127305001020432
v -0.122883498668671 -0.531173586845398 0.108496502041817
v -0.13688400387764 -0.519350588321686 0.131556406617165
v -0.118180997669697 0.54851222038269 -0.538540124893188
v -0.097851388156414 0.563295781612396 -0.533773481845856
v -0.040777649730444 0.616445124149323 -0.515865981578827
v -0.142050594091415 0.544852614402771 -0.537025570869446
v -0.110822401940823 0.34854120016098 -0.659397423267365
v -0.210015192627907 0.42199119925499 -0.594871878623962
v -0.158974304795265 0.160275995731354 -0.579642474651337
v -0.056787371635437 0.145219504833221 -0.569716811180115
v -0.13351309299469 0.213696792721748 -0.633931279182434
v -0.028522739186883 0.574996411800385 0.0246506705880165
v -0.146909698843956 0.496337294578552 0.015448659658432
v 0.311123102903366 -0.270183086395264 -0.0993500798940659
v 0.162876293063164 -0.314301013946533 -0.113251596689224
v 0.379767388105392 -0.220552697777748 0.083750993013382
v 0.381681799888611 -0.239933699369431 0.0938951969146729
v 0.379049003124237 -0.324557811021805 0.122214399278164
v 0.381254494190216 -0.27362659573555 0.0610734596848488
v 0.381709396839142 -0.262882709503174 0.0891484469175339
v 0.375827014446259 -0.111215703189373 0.106254301965237
v 0.2847039103508 0.430499404668808 -0.511389672756195
v 0.266940712928772 -0.716571927070618 0.0792978778481483
v 0.209246605634689 -0.728442788124084 0.0391698814928532
v 0.0763585418462753 -0.563623070716858 0.760614275932312
v 0.105638302862644 -0.578718483448029 0.0511888489127159
v 0.105332098901272 -0.531617522239685 0.0548431202769279
v 0.0833398178219795 0.623861789703369 -0.510679602622986
v 0.0652049779891968 0.605017602443695 -0.519801080226898
v 0.0598309710621834 0.632583379745483 -0.509101510047913
v 0.0738149806857109 0.6730877161026 -0.49083998799324
v 0.0566735491156578 0.659314811229706 -0.498156011104584
v 0.120076596736908 0.671661496162415 -0.486779391765594
v 0.151691496372223 0.591714203357697 -0.515367329120636
v 0.174683600664139 0.572300672531128 -0.518474817276001
v 0.0201887600123882 0.373597711324692 -0.65003377199173
v 0.11226099729538 0.411701202392578 -0.621729671955109
v 0.0476508811116219 0.461572289466858 -0.5892413854599
v 0.24110159277916 0.48457670211792 -0.531173229217529
v 0.135460793972015 0.225959107279778 -0.641777813434601
v 0.0560075603425503 0.522522270679474 0.0438472107052803
v -0.00088894838700071 0.532251119613647 0.0478615686297417
v 0.0704114809632301 0.56009441614151 0.0238859094679356
v 0.186945199966431 0.49398410320282 -0.0114155802875757
v 0.179358094930649 0.519470512866974 -0.0166960190981627
v -0.352044403553009 -0.376172304153442 0.206001400947571
v -0.204131796956062 -0.273593187332153 -0.123525701463223
v -0.381528109312057 -0.273683488368988 0.0870395824313164
v -0.37843731045723 -0.210860595107079 0.0724719390273094
v -0.325388103723526 -0.406000912189484 0.668609201908112
v -0.266713112592697 0.431897908449173 -0.541634917259216
v -0.251253396272659 -0.712483882904053 -0.0394950993359089
v -0.267723798751831 -0.715077698230743 -0.0138605898246169
v -0.0765983015298843 -0.601292073726654 0.789084017276764
v -0.0710142329335213 -0.544288218021393 0.779367089271545
v -0.153980702161789 -0.504375994205475 0.156104907393456
v -0.107289299368858 -0.554827570915222 0.0634101033210754
v -0.112553499639034 -0.541629612445831 0.0858317911624908
v -0.112207397818565 -0.570860028266907 0.0861696526408195
v -0.112512603402138 -0.6141437292099 0.066293977200985
v -0.106242701411247 -0.572677195072174 -0.00799504388123751
v -0.126517400145531 0.207619294524193 0.526735782623291
v -0.0767169371247292 0.216553494334221 0.657444179058075
v -0.0419614091515541 0.563592672348022 -0.536986470222473
v -0.119943402707577 0.603071987628937 -0.515689373016357
v -0.12762339413166 0.573353886604309 -0.526854276657104
v -0.0247246604412794 0.373420298099518 -0.650100588798523
v -0.2278873026371 0.483465611934662 -0.539983570575714
v -0.0815698206424713 0.136492997407913 -0.553832828998566
v -0.12392970174551 0.578208923339844 -0.0145690003409982
v -0.0751102268695831 0.542489171028137 0.0306236296892166
v -0.0241303294897079 0.678955614566803 -0.0359795987606049
v -0.30358698964119 0.704631686210632 -0.157293006777763
v 0.184687301516533 -0.335537195205688 -0.110692396759987
v 0.382087290287018 -0.299373805522919 0.046175941824913
v 0.381637811660767 -0.281174212694168 0.109397001564503
v 0.25649619102478 -0.0171477105468512 0.866737723350525
v 0.185605302453041 0.173270106315613 -0.0517537705600262
v 0.309986889362335 -0.523328900337219 0.889598071575165
v 0.380947589874268 -0.361685007810593 0.0816096663475037
v 0.36224839091301 -0.506472170352936 -0.0701834633946419
v 0.133560195565224 -0.562425017356873 -0.0712629333138466
v 0.31911689043045 -0.556930780410767 0.16271810233593
v 0.107765197753906 -0.552345275878906 0.0653547570109367
v 0.00458716601133347 0.660788774490356 -0.499193787574768
v 0.0205058194696903 0.584866523742676 -0.52873158454895
v -0.00599917490035295 0.596352279186249 -0.524647891521454
v 0.0438554584980011 0.593793988227844 -0.52471911907196
v 0.108297303318977 0.503209114074707 -0.55992591381073
v 0.116789497435093 0.53093808889389 -0.546535074710846
v 0.054612398147583 0.126976296305656 -0.539357125759125
v 0.134875506162643 0.163850396871567 -0.588087379932404
v 0.0527634099125862 0.154248997569084 -0.583338916301727
v 0.0763002932071686 0.533614277839661 0.0333757288753986
v 0.198619902133942 0.509953022003174 -0.0321555100381374
v 0.142901703715324 0.523498713970184 0.00644003693014383
v -0.230987206101418 -0.293748706579208 -0.121221996843815
v -0.383668810129166 -0.325111985206604 0.0328762494027615
v -0.381691008806229 -0.362371802330017 0.0733743086457253
v -0.255848497152328 0.0721723362803459 0.768557786941528
v -0.256335586309433 -0.690790176391602 -0.0660295486450195
v -0.339629709720612 -0.670960187911987 0.0138054601848125
v -0.304328113794327 -0.51926988363266 0.677221715450287
v -0.324247807264328 -0.488420903682709 0.865210890769958
v -0.19046950340271 -0.481993287801743 0.92680412530899
v -0.111636497080326 -0.485315799713135 0.904634296894073
v -0.357933104038239 -0.552262187004089 0.112213999032974
v -0.353500008583069 -0.485792189836502 -0.0882498100399971
v -0.123698897659779 -0.58216917514801 0.106756396591663
v -0.310934096574783 0.402491897344589 -0.464239209890366
v -0.276179105043411 0.520545780658722 -0.442259311676025
v -0.277160495519638 0.536809623241425 -0.215616300702095
v -0.0688643530011177 0.224074393510818 0.528037309646606
v -0.127634093165398 0.223315298557281 0.461063891649246
v -0.0681848078966141 0.576509475708008 -0.530868887901306
v -0.0369205512106419 0.592101514339447 -0.525533080101013
v -0.0346035398542881 0.638565123081207 -0.50748747587204
v -0.161924302577972 0.628172218799591 -0.49894580245018
v -0.152640298008919 0.518966913223267 -0.546750783920288
v -0.02436294965446 0.662697017192841 -0.49769139289856
v -0.137835294008255 0.497534900903702 -0.560671925544739
v -0.154440000653267 0.474338293075562 -0.571725070476532
v -0.124283500015736 0.475313395261765 -0.575991988182068
v -0.125814393162727 0.513592004776001 0.0219040997326374
v 0.35173499584198 -0.377439886331558 0.20348259806633
v 0.237846702337265 -0.25960099697113 -0.124113701283932
v 0.128049403429031 -0.343295812606812 -0.0901931077241898
v 0.366647392511368 -0.21662500500679 -0.0026101500261575
v 0.377806097269058 -0.2268306016922 0.0560181699693203
v 0.372684895992279 -0.334331214427948 0.163679197430611
v 0.321643203496933 -0.416704595088959 0.666349112987518
v 0.205145999789238 0.195153295993805 -0.248493000864983
v 0.341350704431534 -0.492493093013763 0.779803514480591
v 0.0810300335288048 -0.432808399200439 0.881129324436188
v 0.184205800294876 -0.561242282390594 0.926948606967926
v 0.173751696944237 -0.602307200431824 0.921094715595245
v 0.361273199319839 -0.617788672447205 0.0556939505040646
v 0.136363506317139 -0.367226511240005 -0.086675837635994
v 0.292775601148605 0.483198404312134 -0.39117369055748
v 0.160744905471802 0.645172297954559 -0.491727292537689
v 0.000259979511611164 0.383682996034622 -0.643856823444366
v 0.185585796833038 0.535019814968109 -0.032410129904747
v -0.374409586191177 -0.187529698014259 0.0578837804496288
v -0.152751594781876 0.197170302271843 0.517982304096222
v -0.217655196785927 0.224510699510574 -0.219296500086784
v -0.13167379796505 -0.345655292272568 -0.0903052464127541
v -0.223072096705437 -0.531437397003174 -0.118953302502632
v -0.10069739818573 -0.509165227413177 0.0256304293870926
v -0.105322800576687 -0.602238893508911 0.0371154099702835
v -0.104039996862411 -0.582185387611389 0.0169586800038815
v -0.094141349196434 0.21514929831028 0.563025116920471
v -0.142060294747353 0.617042124271393 -0.50678151845932
v -0.122099496424198 0.679158627986908 -0.483077198266983
v -0.117555797100067 0.656637787818909 -0.493805289268494
v -0.0702875107526779 0.682662129402161 -0.487122386693954
v -0.0607163608074188 0.346278995275497 -0.662387371063232
v -0.111378900706768 0.59800797700882 -0.0208878796547651
v 0.346721589565277 -0.367571592330933 0.256915688514709
v 0.365089893341064 -0.153650999069214 0.0312991105020046
v 0.370224505662918 -0.149664700031281 0.0584159605205059
v 0.379487305879593 -0.287881910800934 0.160047501325607
v 0.131647706031799 -0.549566090106964 0.668001472949982
v 0.203151896595955 -0.665163278579712 0.907509684562683
v 0.0950217321515083 0.108173400163651 -0.474959313869476
v 0.131108105182648 0.80346542596817 -0.354825705289841
v 0.243055298924446 0.689989328384399 -0.38321390748024
v 0.21105720102787 0.868466973304749 -0.313183814287186
v 0.140652105212212 -0.478982597589493 0.313490390777588
v 0.0122286397963762 -0.102508202195168 0.988170325756073
v -0.301320612430573 -0.408863514661789 0.49507200717926
v -0.350966811180115 -0.189612105488777 -0.0360407494008541
v -0.279681593179703 -0.495986104011536 0.192807599902153
v -0.118731200695038 0.890013217926025 -0.27468541264534
v 0.338153690099716 -0.358514994382858 0.799342572689056
v 0.193729102611542 0.162511199712753 0.641111016273499
v 0.158560305833817 -0.518809080123901 0.644205927848816
v 0.0133440801873803 -0.412826299667358 0.776323616504669
v 0.0665906667709351 -0.123561501502991 -0.208324000239372
v 0.190371304750443 0.152734503149986 -0.558231770992279
v 0.0421889089047909 0.498299807310104 0.0541551187634468
v 0.150823295116425 0.608699381351471 -0.0614376999437809
v 0.0864496231079102 0.825162887573242 -0.273646712303162
v 0.242019593715668 0.748895704746246 -0.283963292837143
v 0.00708589097484946 0.807238876819611 -0.17158830165863
v 0.0995276570320129 -0.164363592863083 0.965736985206604
v -0.301812887191772 -0.289182394742966 -0.106621600687504
v -0.198100000619888 0.14340840280056 0.738271415233612
v -0.167199805378914 0.081401489675045 -0.129165396094322
v -0.167558297514915 -0.727773487567902 0.772336900234222
v -0.158123597502708 0.299139887094498 0.125612899661064
v -0.16479879617691 0.29076761007309 0.0970409512519836
v -0.159990206360817 0.261350989341736 -0.655064284801483
v 0.331918507814407 -0.13952200114727 -0.0499684810638428
v 0.239063799381256 0.195751696825027 0.0674291700124741
v 0.198372393846512 0.36046239733696 -0.04031627997756
v 0.306592911481857 0.209766700863838 -0.456299990415573
v 0.285949885845184 0.392728000879288 -0.55439031124115
v 0.207414403557777 -0.712910711765289 -0.0379350297152996
v 0.0191945899277925 0.182742103934288 0.815005719661713
v 0.0599153600633144 -0.425287008285522 0.0650049671530724
v 0.136381894350052 0.273251801729202 0.35096949338913
v 0.0799415931105614 0.364131212234497 -0.653793513774872
v 0.00424783118069172 0.285105794668198 -0.665974915027618
v 0.341324597597122 0.756817519664764 -0.26886659860611
v -0.186610296368599 -0.405945211648941 0.922481179237366
v -0.351509392261505 -0.209736898541451 -0.0425158701837063
v -0.36930438876152 -0.104825496673584 0.0772322490811348
v -0.219638600945473 0.252584010362625 -0.175879701972008
v -0.337285310029984 -0.667389392852783 -0.012003350071609
v -0.341427803039551 -0.465939313173294 0.76996237039566
v -0.21914179623127 -0.674500524997711 -0.0881342068314552
v -0.0975842624902725 0.230519399046898 0.467227786779404
v -0.167387306690216 0.4288350045681 0.0134701197966933
v -0.229931697249413 0.552983582019806 -0.0971334725618362
v -0.256317794322968 0.626920282840729 -0.423591911792755
v 0.26277220249176 -0.355022996664047 0.907391488552094
v 0.381374508142471 -0.161256104707718 0.134286999702454
v 0.385666996240616 -0.192671805620193 0.189510494470596
v 0.295365214347839 -0.456151694059372 0.645758926868439
v 0.335732609033585 -0.616938889026642 -0.0704498812556267
v 0.146654799580574 -0.396893203258514 -0.0912843719124794
v 0.306303411722183 -0.372357100248337 -0.110369198024273
v 0.180873796343803 -0.645012080669403 0.154844895005226
v 0.293666988611221 0.480598092079163 -0.279461413621902
v 0.0180794503539801 0.471152186393738 0.0578496381640434
v 0.179166600108147 0.135683506727219 -0.530765175819397
v -0.000945170817431062 0.561139106750488 0.0373218916356564
v 0.0776755511760712 0.820622384548187 -0.338326305150986
v 0.0484100989997387 0.827084720134735 -0.333124607801437
v 0.0691583231091499 0.806537926197052 -0.39032968878746
v -0.28434631228447 -0.410449504852295 0.304587006568909
v -0.361946403980255 -0.35207000374794 0.196115493774414
v -0.330390989780426 -0.384329497814178 0.663861274719238
v -0.201964601874352 0.1080482006073 0.808815717697144
v -0.188155502080917 0.257279992103577 0.0608559399843216
v -0.233294695615768 0.301717400550842 -0.138521194458008
v -0.316798090934753 -0.616498172283173 -0.0866199135780334
v -0.334068298339844 -0.38526651263237 -0.0957287177443504
v -0.301162898540497 0.435518205165863 -0.269271701574326
v -0.288125991821289 0.643078505992889 -0.333438485860825
v -0.0516875609755516 -0.415167391300201 0.829539775848389
v -0.0334457792341709 0.351334095001221 0.0373935103416443
v -0.294943690299988 0.727845370769501 -0.173198595643044
v 0.325086414813995 -0.237125903367996 -0.0865437313914299
v 0.335241198539734 -0.215387597680092 -0.0737614184617996
v 0.310111612081528 0.403474807739258 -0.467039108276367
v 0.317478388547897 -0.565415322780609 0.865218102931976
v 0.0920167416334152 -0.543540716171265 0.880602180957794
v 0.308937013149261 -0.552383422851562 -0.109267100691795
v 0.129922896623611 -0.587768912315369 0.11604680120945
v 0.1541777998209 0.491079688072205 -0.561050891876221
v 0.121656700968742 0.506063282489777 0.0268247593194246
v -0.196479395031929 -0.340510994195938 -0.111235298216343
v -0.336653709411621 -0.360881507396698 0.810489416122437
v -0.125683397054672 -0.528343617916107 0.668296277523041
v -0.350721597671509 -0.644457876682281 0.00597147922962904
v -0.368782997131348 -0.555652618408203 -0.0418825708329678
v -0.209763899445534 0.575223028659821 -0.506678998470306
v 0.206570103764534 0.210506603121758 -0.224943593144417
v 0.240999907255173 0.285839289426804 -0.172426998615265
v 0.324563205242157 0.269549489021301 -0.416427493095398
v 0.322938501834869 -0.61865222454071 0.786645472049713
v 0.0420281700789928 -0.128078997135162 -0.211915999650955
v -0.376358985900879 -0.409986913204193 0.104001797735691
v -0.201344594359398 -0.585666716098785 -0.109593898057938
v -0.294453591108322 0.478017210960388 -0.388520389795303
v -0.151869401335716 0.592231512069702 -0.515131711959839
v -0.0759098082780838 0.38365250825882 -0.643457889556885
v -0.142850399017334 0.602900922298431 -0.0488436296582222
v 0.381556689739227 -0.342381298542023 0.00738537404686213
v 0.339833498001099 -0.423711210489273 0.750605285167694
v 0.167088001966476 -0.542088627815247 -0.0983167886734009
v 0.305106610059738 0.442778587341309 -0.378260791301727
v 0.290267914533615 0.647718489170074 -0.137655198574066
v 0.0185464695096016 0.683115303516388 -0.489411294460297
v 0.0469655096530914 0.404030203819275 -0.629772186279297
v 0.00415312498807907 0.405365705490112 -0.629017174243927
v 0.0603936985135078 0.267476111650467 -0.662442207336426
v -0.379267603158951 -0.33760479092598 -0.00759496400132775
v -0.224794000387192 0.0891877636313438 0.803600072860718
v -0.244545802474022 -0.467954695224762 0.921247780323029
v -0.0976281836628914 0.216139301657677 0.535997271537781
v -0.0829856470227242 0.212693497538567 0.678958296775818
v -0.183660700917244 0.471547394990921 -0.567091226577759
v 0.00324714905582368 0.603711426258087 0.015958009287715
v 0.222459405660629 0.211270600557327 -0.249364003539085
v 0.22595639526844 -0.727058470249176 0.805170476436615
v 0.360382288694382 -0.341115206480026 -0.0627321302890778
v 0.230105996131897 0.508686721324921 -0.525084316730499
v -0.336458593606949 -0.387779593467712 0.225697293877602
v -0.149879693984985 0.215749993920326 0.456920087337494
v -0.257483214139938 -0.725435614585876 0.0204632300883532
v -0.298786789178848 0.45798671245575 -0.404034703969955
v -0.183283194899559 0.580772221088409 -0.513514578342438
v -0.0632332265377045 0.16142550110817 -0.591343700885773
v -0.0746295899152756 0.178006798028946 -0.610005676746368
v -0.133523806929588 0.261629402637482 -0.658063173294067
v -0.0773218870162964 0.569484770298004 0.0153608797118068
v -0.125283598899841 0.559224128723145 -0.00265783211216331
v 0.170192092657089 -0.715606570243835 0.0605266988277435
v -0.382697612047195 -0.256541311740875 0.18673600256443
v -0.308866292238235 -0.640705525875092 0.75409460067749
v 0.178327098488808 -0.722809672355652 0.0384736396372318
v 0.313459992408752 -0.697760224342346 0.0221994407474995
v 0.119491502642632 -0.574049174785614 0.101536296308041
v 0.243812695145607 -0.723597884178162 0.074334979057312
v 0.332421988248825 -0.435283988714218 0.18452100455761
v -0.0841517671942711 0.14968940615654 -0.575822174549103
v -0.00322936195880175 0.123608000576496 -0.532018780708313
v -0.00932649243623018 0.134269997477531 -0.552235305309296
v 0.0789233669638634 0.412127196788788 -0.623597383499146
v -0.0717506036162376 -0.545226097106934 0.82406347990036
v 0.210994705557823 0.168614506721497 -0.3176608979702
v 0.0965273827314377 -0.658383429050446 0.826323986053467
v 0.109977900981903 -0.639383971691132 0.0318932086229324
v -0.332844197750092 -0.364938914775848 0.584849119186401
v -0.168078795075417 0.706074178218842 -0.459665805101395
v 0.0496789403259754 0.222328692674637 0.632570385932922
v 0.127854600548744 0.104356601834297 0.879784405231476
v 0.10244470089674 -0.366758614778519 -0.0578305311501026
v 0.137436702847481 0.362308710813522 0.0104813100770116
v 0.188456803560257 0.444507598876953 -0.00420809676870704
v 0.219015300273895 0.848474025726318 -0.274563699960709
v -0.379717499017715 -0.320656597614288 0.114791803061962
v -0.382017493247986 -0.168104693293571 0.137643903493881
v -0.385738104581833 -0.184956401586533 0.186103001236916
v -0.224558502435684 -0.730387270450592 0.0459492616355419
v -0.100456900894642 -0.363158196210861 -0.059851810336113
v -0.0502349808812141 0.559422314167023 0.0295993909239769
v -0.149882897734642 0.539371192455292 -0.00806618202477694
v -0.259495913982391 0.635274171829224 -0.399480611085892
v -0.16399610042572 -0.0214682202786207 0.94316428899765
v 0.164966702461243 0.179034695029259 -0.143455505371094
v 0.111065201461315 0.651060283184052 -0.0678734108805656
v -0.23749090731144 -0.435582906007767 0.479182988405228
v -0.379935294389725 -0.319504201412201 0.00581567501649261
v -0.359662592411041 -0.0403496213257313 0.0734051465988159
v -0.332904100418091 -0.367168188095093 0.55802708864212
v -0.235409796237946 0.0919973775744438 0.77747917175293
v -0.0995140671730042 -0.446640491485596 -0.0185591205954552
v -0.0367229916155338 -0.359437704086304 0.876916229724884
v -0.050554808229208 0.765458822250366 -0.444880396127701
v 0.246876999735832 -0.429526388645172 0.370315313339233
v 0.273231208324432 -0.658345580101013 0.877291321754456
v 0.138935193419456 -0.49789959192276 0.135365799069405
v 0.371670812368393 0.695028603076935 -0.320723593235016
v -0.119984500110149 0.207434996962547 0.551244974136353
v -0.172322899103165 0.21871879696846 -0.0748437717556953
v -0.218040898442268 0.326481401920319 -0.0903588831424713
v -0.202899307012558 -0.734805822372437 0.787155091762543
v -0.134538903832436 -0.631395876407623 0.112850598990917
v -0.188768893480301 0.445250898599625 -0.00444003893062472
v -0.0236464198678732 0.517167210578918 0.049245610833168
v 0.283166885375977 -0.224271595478058 -0.113161496818066
v 0.33737701177597 -0.482283502817154 0.751930296421051
v 0.0875676795840263 0.337115913629532 -0.664454817771912
v -0.334949910640717 -0.673967301845551 0.0554461814463139
v -0.296752095222473 0.455887794494629 -0.434781312942505
v 0.153950199484825 -0.493451297283173 0.158883094787598
v 0.298724591732025 0.468125194311142 -0.372519105672836
v 0.077901117503643 -0.439134210348129 0.119112096726894
v -0.169314205646515 0.209906399250031 0.440067887306213
v -0.222487404942513 0.396665394306183 -0.049409881234169
v -0.298780709505081 -0.575212776660919 0.688039004802704
v -0.0701940432190895 0.422650814056396 -0.61650151014328
v 0.365526914596558 -0.356649786233902 0.171300902962685
v 0.367453992366791 -0.333626389503479 0.19066059589386
v -0.29326069355011 0.485457986593246 -0.310506105422974
v -0.300318986177444 0.459228008985519 -0.316649407148361
v 0.117536999285221 0.473696887493134 0.0372060090303421
v 0.322317987680435 -0.600037813186646 0.761802077293396
v 0.0682937875390053 0.22455370426178 0.524755299091339
v -0.0707621499896049 0.452902108430862 -0.59455269575119
v 0.307820498943329 0.00801367778331041 -0.0216879807412624
v -0.102524198591709 0.576546370983124 -0.00147987704258412
v 0.154142007231712 0.172767296433449 -0.595911979675293
v -0.343836694955826 0.743230819702148 -0.184064894914627
v -0.130682393908501 -0.551424026489258 0.668963491916656
v 0.382529407739639 -0.321796894073486 0.0242392495274544
v 0.257707297801971 -0.428722888231277 0.426401197910309
v 0.378908604383469 -0.0634568333625793 0.182348996400833
v 0.320726007223129 -0.0494660399854183 -0.0331797786056995
v 0.222582504153252 0.612688779830933 -0.485712796449661
v 0.0145945698022842 -0.18550580739975 0.972880721092224
v 0.0268447604030371 -0.0599083118140697 1.03814005851746
v -0.363730907440186 -0.145929396152496 0.0306279007345438
v -0.379074692726135 -0.284416407346725 0.190140694379807
v -0.21038930118084 0.258892506361008 0.262502789497375
v 0.126514002680779 -0.357797086238861 0.921720385551453
v 0.0558600500226021 -0.398316502571106 0.0100980196148157
v 0.227098494768143 -0.441631108522415 0.37184551358223
v 0.2439925968647 -0.43257999420166 0.397114098072052
v 0.218014001846313 0.0641219988465309 0.845659196376801
v -0.329201489686966 -0.134291902184486 -0.0526050589978695
v -0.307115614414215 0.350828111171722 -0.55319207906723
v -0.191651195287704 -0.644992470741272 -0.0919069871306419
v -0.126422494649887 0.195833697915077 0.700969278812408
v -0.140271797776222 0.382790803909302 0.0153301097452641
v 0.336868405342102 -0.375651508569717 0.299937397241592
v 0.25313338637352 0.181877002120018 0.0779064893722534
v 0.0842259973287582 -0.583401918411255 0.857412815093994
v 0.144521102309227 0.0804329514503479 0.890688478946686
v -0.258132487535477 -0.427928686141968 0.480715095996857
v -0.38649719953537 -0.155175298452377 0.200767502188683
v -0.340033411979675 -0.00937675219029188 0.0380216203629971
v -0.281406790018082 -0.669093370437622 0.143027201294899
v 0.00182952894829214 0.1745894998312 0.8304643034935
v 0.370886296033859 -0.358847886323929 0.145009502768517
v 0.381342113018036 -0.290390193462372 0.0786000564694405
v 0.13099279999733 0.145043104887009 0.827489912509918
v 0.122088298201561 0.0829698294401169 0.901161015033722
v -0.299120187759399 -0.404562085866928 0.332399398088455
v -0.363718092441559 -0.0847048833966255 0.0595680698752403
v -0.255545288324356 0.100076802074909 0.679194986820221
v -0.340932011604309 -0.438186585903168 0.803934276103973
v 0.0182463005185127 -0.442894011735916 0.112652502954006
v -0.316182106733322 0.344853490591049 -0.533437073230743
v 0.382137089967728 -0.252344697713852 0.119031302630901
v 0.130712702870369 -0.566882610321045 0.910565912723541
v 0.349885195493698 -0.539892494678497 -0.0863398686051369
v -0.257843405008316 -0.305538386106491 -0.117903999984264
v -0.175429701805115 -0.315491795539856 -0.114039197564125
v -0.300488710403442 0.42497929930687 -0.478229105472565
v -0.022589560598135 0.622279524803162 0.00130133505444974
v -0.378379493951797 -0.30634281039238 0.139789506793022
v -0.228044599294662 0.277032792568207 -0.159125700592995
v -0.156363904476166 -0.632441699504852 0.912231922149658
v 0.0474287495017052 0.224825203418732 0.55279952287674
v 0.378789812326431 -0.286202788352966 0.197839707136154
v -0.315815687179565 -0.691756308078766 0.0531039088964462
v -0.207698106765747 -0.446629703044891 0.508086025714874
v 0.323178201913834 -0.0063778730109334 -0.00203957897610962
v -0.336757391691208 -0.125081807374954 -0.0347296111285686
v 0.163031801581383 0.517832279205322 -0.545023679733276
v 0.0205425806343555 0.421257585287094 -0.617783308029175
v 0.0183638893067837 0.581687986850739 0.0243422407656908
v 0.0374235808849335 -0.439586997032166 0.0994364097714424
v -0.341630697250366 -0.462747901678085 0.793423175811768
v -0.223376199603081 -0.730012893676758 0.0154339903965592
v 0.340786993503571 -0.372557103633881 0.440641611814499
v 0.22766849398613 0.590007126331329 -0.49291729927063
v -0.320453286170959 -0.625904202461243 0.79491662979126
v 0.222441494464874 -0.431956797838211 0.295878291130066
v 0.220537304878235 -0.451994389295578 0.398910194635391
v -0.285625785589218 0.13406990468502 0.0889865085482597
v -0.147949501872063 0.886072874069214 -0.221594899892807
v 0.0381647609174252 -0.289362400770187 0.933409810066223
v 0.184852197766304 0.809885084629059 -0.230742692947388
v 0.0854923129081726 0.792812287807465 -0.409556001424789
v -0.275132089853287 -0.139740899205208 -0.112863197922707
v -0.0835849866271019 0.319878488779068 0.193980500102043
v -0.178083404898643 0.653088986873627 -0.120895199477673
v -0.194324299693108 0.559793412685394 -0.0582874082028866
v 0.299637913703918 -0.411396712064743 0.422131597995758
v 0.31360799074173 -0.135720998048782 -0.0782525092363358
v 0.380249291658401 -0.197724893689156 0.0983026772737503
v 0.187356501817703 0.209160506725311 -0.0142367295920849
v 0.123057797551155 -0.519674777984619 0.909883379936218
v 0.355547696352005 -0.562704920768738 -0.0653252229094505
v 0.251027405261993 -0.383750706911087 -0.118369802832603
v 0.108039103448391 -0.617377400398254 0.0114335501566529
v 0.0578394383192062 0.229162499308586 0.498234510421753
v 0.0609772801399231 -0.51916491985321 0.493547409772873
v -0.334886103868484 -0.377571702003479 0.311426609754562
v -0.280649304389954 0.0543744005262852 0.72978150844574
v -0.299818485975266 -0.703408181667328 0.0574835799634457
v -0.0348943211138248 0.435576289892197 -0.607432126998901
v -0.132820799946785 0.0763988494873047 0.901242017745972
v 0.379235714673996 -0.379817813634872 0.098212793469429
v 0.364119708538055 -0.36956998705864 -0.0604104287922382
v 0.119750998914242 0.128594607114792 0.857113003730774
v 0.187982797622681 0.429311096668243 -0.596375524997711
v 0.0396219082176685 -0.528769612312317 0.44920688867569
v -0.384404689073563 -0.204373896121979 0.164413094520569
v -0.158521100878716 0.733417570590973 -0.44579291343689
v -0.0557119585573673 0.740882098674774 -0.459401100873947
v 0.149146094918251 -0.688072979450226 -0.020730109885335
v 0.330408185720444 -0.601089417934418 0.138497695326805
v 0.274034708738327 0.308516889810562 -0.211853504180908
v 0.377650588750839 -0.0847328081727028 0.128317296504974
v 0.269522398710251 0.464415103197098 -0.140112802386284
v 0.0304134804755449 -0.424355804920197 0.0460360907018185
v 0.100093096494675 -0.55165421962738 0.0309971496462822
v -0.0777174234390259 -0.588870823383331 0.828150272369385
v -0.326923102140427 -0.688294470310211 0.0278832204639912
v 0.364440500736237 0.742513179779053 -0.294133305549622
v -0.0946895331144333 0.444587200880051 -0.598893225193024
v -0.321095108985901 0.726344108581543 -0.170021802186966
v 0.0766264721751213 -0.601730525493622 0.789415299892426
v 0.103642202913761 -0.587973415851593 0.0224305707961321
v 0.0483022890985012 0.421230912208557 -0.617680788040161
v 0.0318789295852184 0.443291485309601 -0.601863324642181
v 0.29196760058403 0.115839801728725 0.0763013809919357
v -0.275309085845947 0.136287093162537 0.0621561594307423
v 0.175942003726959 -0.5704745054245 0.65056961774826
v -0.313320010900497 -0.400470197200775 0.37664321064949
v -0.337942510843277 -0.379069298505783 0.368240803480148
v -0.303951889276505 -0.684071123600006 0.0997215732932091
v -0.276357889175415 0.585356116294861 -0.337029814720154
v 0.273939698934555 -0.00154819304589182 -0.0730014964938164
v 0.18151119351387 0.233557403087616 -0.000437273498391733
v 0.225564703345299 0.189012795686722 -0.298855990171432
v 0.156048893928528 -0.57972651720047 0.657085597515106
v -0.23816579580307 -0.103789202868938 -0.133386805653572
v -0.168169006705284 -0.285152405500412 -0.120463699102402
v -0.190959602594376 0.212483495473862 -0.623069584369659
v 0.376338094472885 -0.549621105194092 -0.00988281704485416
v 0.128096699714661 0.203509792685509 0.564274787902832
v 0.199143096804619 -0.447759687900543 0.311906814575195
v -0.241574600338936 -0.43776148557663 0.558325588703156
v -0.24072889983654 0.201367303729057 0.0817945227026939
v -0.285648107528687 0.520148277282715 -0.282180786132812
v -0.193126797676086 -0.298595190048218 -0.120440103113651
v -0.338953405618668 -0.208685204386711 -0.064788430929184
v 0.202984496951103 -0.459251910448074 0.484893292188644
v 0.0108577702194452 0.21655610203743 0.723898589611053
v -0.344608187675476 -0.369470208883286 0.261976689100266
v -0.0364778004586697 -0.444274187088013 0.129750803112984
v 0.323965489864349 -0.576198697090149 0.743265688419342
v 0.079889290034771 -0.610475122928619 0.814222574234009
v -0.185634300112724 -0.472909212112427 0.184538200497627
v 0.271767407655716 -0.422491490840912 0.408615112304688
v 0.220203995704651 -0.0325917415320873 0.90777462720871
v -0.243923097848892 0.227919697761536 0.162690803408623
v -0.28084260225296 0.233135402202606 -0.327639490365982
v -0.0928589701652527 0.703284323215485 -0.104175098240376
v 0.353698790073395 -0.308376401662827 0.515671610832214
v 0.180555403232574 0.844858229160309 -0.226870000362396
v 0.0144905699416995 -0.0430250093340874 1.02678799629211
v -0.26537761092186 -0.425462514162064 0.526087880134583
v -0.113829798996449 -0.450373113155365 -0.0487236902117729
v -0.170730799436569 0.0791139528155327 0.874251782894135
v 0.356497287750244 -0.32772308588028 0.448603600263596
v 0.232647702097893 0.40623751282692 -0.595314383506775
v 0.0493975095450878 -0.191230803728104 -0.194882392883301
v -0.21448390185833 0.237798601388931 -0.633963286876678
v 0.300315499305725 -0.405054301023483 0.252396613359451
v 0.34753629565239 -0.326147198677063 0.544573783874512
v 0.283062398433685 0.534354388713837 -0.31245169043541
v -0.184598192572594 0.156788602471352 0.724839627742767
v -0.174938306212425 0.176272302865982 0.632504880428314
v -0.222696200013161 -0.721668124198914 0.832028329372406
v -0.324011713266373 -0.639682471752167 -0.0680467262864113
v -0.14734910428524 0.117467999458313 -0.389215588569641
v -0.0683656111359596 0.779568672180176 -0.158176094293594
v 0.333304405212402 0.663938701152802 -0.328764408826828
v -0.362818211317062 -0.459738105535507 -0.0707751885056496
v 0.191457703709602 0.469904601573944 -0.00726405717432499
v -0.147901996970177 0.192172706127167 0.617554128170013
v 0.327911198139191 -0.389621704816818 0.393688410520554
v -0.235852301120758 -0.268959611654282 -0.123244099318981
v -0.226679399609566 0.587466597557068 -0.495211213827133
v -0.238693192601204 0.276990085840225 -0.179579094052315
v -0.162770494818687 0.184583500027657 0.601278781890869
v 0.209592297673225 -0.462782591581345 0.386485695838928
v 0.304537087678909 -0.524030208587646 0.679279029369354
v -0.276239186525345 0.217532202601433 -0.34188848733902
v -0.266748011112213 0.351029813289642 -0.609924912452698
v -0.278573989868164 0.687244474887848 -0.150992602109909
v 0.331897497177124 -0.366004586219788 0.597694396972656
v 0.187310397624969 0.246772095561028 -0.643457472324371
v -0.244342893362045 -0.4328233897686 0.518099725246429
v 0.0289862006902695 -0.142363592982292 -0.210141196846962
v 0.0850107371807098 -0.521556913852692 0.446571409702301
v -0.36760351061821 0.677045583724976 -0.144870400428772
v -0.153812393546104 0.365118712186813 -0.647708475589752
v -0.344791799783707 0.691332817077637 -0.149780198931694
v 0.0555177591741085 -0.243437603116035 0.953733623027802
v 0.190852701663971 -0.448218613862991 0.296261310577393
v -0.262872487306595 -0.0528447590768337 -0.105531297624111
v -0.376089602708817 -0.306365698575974 0.187638804316521
v 0.33989629149437 -0.473388195037842 0.812734186649323
v 0.31616398692131 0.386667191982269 -0.318263411521912
v -0.135725095868111 -0.575186312198639 0.128874197602272
v 0.381123393774033 -0.269204914569855 0.186831504106522
v -0.340604990720749 -0.157948404550552 -0.0419012382626534
v -0.310895502567291 -0.645399928092957 0.804183602333069
v 0.211959794163704 0.428721487522125 -0.588020205497742
v -0.103360898792744 0.397243201732635 -0.632498323917389
v -0.0236709099262953 -0.125522002577782 0.983722686767578
f 2147 543 2145
f 2148 2149 2150
f 2151 2149 2152
f 2157 2158 2150
f 2161 2162 2163
f 2164 2162 2165
f 2167 1247 2168
f 2169 2170 2171
f 2161 2170 2172
f 2175 562 2174
f 2185 6973 2186
f 573 2191 2192
f 2193 2194 2184
f 2195 2194 2196
f 2198 6464 2199
f 2200 2201 2202
f 2190 2201 2203
f 2205 2206 2207
f 2208 2206 2209
f 584 2210 2202
f 2213 2214 2215
f 3233 2214 2216
f 2217 2218 2191
f 584 2218 2219
f 2208 2220 2221
f 2222 2220 2223
f 2224 2225 2215
f 2226 2225 2227
f 2228 2229 2230
f 2231 2229 2232
f 595 2237 2238
f 597 598 2230
f 2236 2243 2244
f 2240 2249 2250
f 2259 2258 2260
f 2267 610 7470
f 2272 2273 7471
f 2274 2275 2276
f 2277 2278 2279
f 2280 2278 2281
f 2284 2283 2285
f 2286 2287 2288
f 2289 2290 2291
f 2292 2290 2293
f 2282 2295 2296
f 2280 2297 2298
f 2299 2297 2300
f 2301 2302 2291
f 2303 2302 2304
f 2305 2306 2307
f 2308 2306 2309
f 2310 2311 2312
f 2313 2311 2314
f 2315 2316 2317
f 2301 2316 2318
f 2319 2320 2321
f 2305 2320 2322
f 2323 2324 2325
f 2333 633 2324
f 2292 2326 2317
f 2327 2326 2328
f 2329 2330 2331
f 2310 2330 2332
f 2335 2333 2336
f 174 2342 2336
f 2345 2344 2346
f 160 580 7692
f 2259 607 6474
f 2231 2350 2351
f 2352 2350 2353
f 2354 2355 2356
f 2357 2355 2358
f 2362 2363 2364
f 2365 2363 2366
f 2367 2368 2356
f 2369 2368 2370
f 657 2371 2351
f 2372 2373 2374
f 182 2375 2376
f 2378 2377 2379
f 2380 2381 2374
f 2382 2381 2383
f 2384 2385 2375
f 2386 2385 2387
f 2388 2389 2390
f 2391 2389 2392
f 2380 2364 2394
f 2395 2396 2397
f 184 2396 2398
f 2399 2400 2390
f 2401 2400 2402
f 2403 2404 2405
f 2406 2404 2407
f 673 2409 2410
f 2307 2409 2411
f 2412 2413 2414
f 2399 2413 2415
f 2416 2417 2418
f 2406 2417 2419
f 2420 2421 2422
f 2423 2421 2424
f 2391 2425 2414
f 2426 2425 2427
f 2428 2429 2430
f 2411 2429 2321
f 2431 2432 2433
f 2420 2432 2434
f 2435 2436 7843
f 2439 2440 2433
f 2441 2440 2442
f 2443 2444 2298
f 2435 2444 682
f 2445 2446 2447
f 2367 2446 2448
f 2449 2450 2422
f 2439 2450 2451
f 7870 2453 2454
f 2357 2455 2447
f 2456 2455 2457
f 2461 2459 2462
f 692 2464 2463
f 693 4883 2463
f 689 6975 2465
f 191 2466 2467
f 190 2470 2469
f 697 2471 2469
f 2461 2474 2472
f 2476 2468 2477
f 2478 2479 2480
f 2481 2479 700
f 2482 2484 2483
f 2485 2486 2475
f 2487 2486 2488
f 2489 2490 2480
f 2493 2492 2494
f 2485 2495 2496
f 2497 2498 712
f 2484 2498 195
f 2500 2499 2501
f 716 2505 2504
f 2506 2507 2508
f 717 3100 2509
f 715 2504 2510
f 200 2503 2511
f 2513 2514 2515
f 703 2514 2516
f 2517 2518 2519
f 2520 2518 2521
f 2520 2528 2526
f 2530 2529 2531
f 2532 2533 2314
f 2534 2533 2535
f 2536 2537 2538
f 2539 2537 2540
f 2541 2542 2543
f 2544 2542 2545
f 2546 2547 2332
f 2532 2547 2548
f 2549 2550 2551
f 2552 2550 2489
f 2553 2554 2543
f 2555 2554 2556
f 2557 2558 2538
f 2559 2558 2560
f 2552 2561 2562
f 2563 2561 2481
f 2564 2565 2566
f 2567 2565 2568
f 2569 2570 2398
f 2571 2570 2572
f 2573 2508 2574
f 2575 2576 2566
f 748 2576 2577
f 184 2571 2379
f 661 2579 2580
f 2586 2587 2221
f 2591 6977 6094
f 2594 7803 2593
f 7073 4950 2595
f 2588 2596 2207
f 2597 2596 2598
f 2599 2600 2601
f 2602 2600 2593
f 2603 2604 2605
f 2575 2604 2606
f 2607 2608 2526
f 2609 2608 2610
f 2611 2612 2418
f 2613 2612 2614
f 2567 2615 2605
f 2616 2615 2617
f 2618 2619 2620
f 2536 2619 2621
f 2622 2623 2407
f 2611 2623 2624
f 2609 2625 2519
f 2626 2625 2627
f 2559 2628 2620
f 2629 2628 2630
f 2631 2632 2346
f 2633 2632 2634
f 2544 2635 2636
f 2637 2635 2638
f 2639 2640 771
f 2602 2640 2641
f 2642 2643 2338
f 2631 2643 2644
f 2646 2645 2647
f 2649 2650 2636
f 2553 2650 2651
f 2655 777 7388
f 2657 2658 2659
f 4981 782 2658
f 2660 782 7643
f 2663 785 2664
f 6481 6094 7767
f 2662 217 2667
f 2671 2672 6485
f 2657 2672 2673
f 2688 2689 2673
f 2663 216 2689
f 2683 2690 794
f 2691 797 2690
f 2692 2693 2694
f 2697 2696 2698
f 2699 2701 2700
f 2702 2703 2694
f 2704 2703 5000
f 2705 2706 2707
f 2708 2706 2709
f 2710 2711 2712
f 2699 2711 2713
f 2697 2714 2680
f 2717 2718 2707
f 2719 2718 2720
f 2717 2722 2724
f 2727 6498 6499
f 2730 2729 2731
f 2708 2732 2723
f 2733 2732 2734
f 2735 2736 227
f 2737 2736 2738
f 814 2739 5019
f 2735 2744 2746
f 2757 6502 823
f 6117 6503 6100
f 2763 2764 2756
f 2765 2764 2766
f 2769 2767 830
f 2773 2772 231
f 2774 2775 2776
f 2777 2775 2778
f 2779 2780 2781
f 2782 2780 2783
f 2784 2785 2786
f 2787 2785 2788
f 2789 2790 233
f 2791 2790 2792
f 2793 2794 235
f 2795 2794 2796
f 2797 2798 2786
f 2799 2798 2800
f 2783 2801 2802
f 2803 2801 2804
f 2793 2805 2806
f 2820 2821 6978
f 2822 2821 2823
f 2830 2829 852
f 2833 2832 2834
f 2838 2836 2839
f 2846 2844 2847
f 2848 2849 2837
f 2850 6979 6980
f 2852 2853 2854
f 2797 2853 2855
f 2856 2857 2846
f 2858 2857 2859
f 2861 2860 2862
f 2787 7624 2854
f 2864 2865 2866
f 2868 2869 2163
f 2870 2869 2871
f 2872 2873 2807
f 2874 2873 2875
f 2830 2876 2866
f 2877 2876 2878
f 2879 2880 2856
f 2881 2880 2882
f 2872 2883 2884
f 2870 2885 2171
f 2886 2885 7486
f 2777 2900 7473
f 6100 6982 6121
f 2944 2943 6130
f 7392 2949 7090
f 2942 2951 7087
f 2151 2957 2958
f 2959 2957 2960
f 2961 2962 2963
f 2763 2962 2964
f 2965 7266 2966
f 2969 2968 2970
f 2757 2971 2963
f 2972 2971 2973
f 2974 2975 2958
f 2157 2975 2976
f 2982 2983 2984
f 2985 2983 2986
f 2985 2996 2997
f 2998 2996 2999
f 3001 3002 7187
f 3009 6139 3010
f 6136 6565 6140
f 3011 6565 913
f 3013 915 6141
f 3015 917 3016
f 250 3026 3027
f 3031 3032 3026
f 3033 929 3034
f 3035 926 3036
f 3037 934 3038
f 3033 252 3038
f 3015 248 3039
f 925 3040 3030
f 5160 3041 936
f 3009 912 3042
f 3041 3045 3036
f 3046 3047 3044
f 5159 940 3047
f 3048 3049 3050
f 3051 258 3049
f 3053 3052 256
f 259 949 3054
f 949 3055 3054
f 258 950 3050
f 3057 933 3056
f 952 953 3058
f 3052 3059 3046
f 954 3059 3061
f 954 3063 3060
f 3066 3064 3067
f 3070 3068 958
f 3074 3072 3075
f 3076 3077 961
f 956 3077 3071
f 3078 2470 3079
f 963 2464 3085
f 202 2522 7818
f 981 3096 3098
f 265 3095 3099
f 987 5193 3100
f 902 2984 3104
f 991 6576 3105
f 247 2997 3106
f 2848 238 3110
f 1001 3109 1004
f 1003 3111 274
f 5204 1005 3108
f 2838 853 3112
f 3113 3114 3115
f 3116 3114 4394
f 3074 3117 3118
f 1010 3117 3119
f 3120 3121 3122
f 3116 3124 3123
f 711 2499 3125
f 1014 3126 3125
f 1011 3122 3127
f 3080 3118 3129
f 194 2493 3130
f 3068 262 3131
f 1017 278 3132
f 3134 787 3133
f 3084 3136 3135
f 1025 3135 3136
f 1026 279 3137
f 3133 217 1027
f 3138 3139 3140
f 281 3139 3142
f 3143 3144 7680
f 3145 3144 1029
f 1019 279 3146
f 3153 1033 3147
f 3150 3149 3151
f 3152 3153 793
f 3164 3162 3165
f 3170 3171 3163
f 3158 7399 1035
f 3190 3189 6582
f 3192 3193 3183
f 3194 286 3193
f 227 3195 7844
f 3196 3195 5244
f 1056 5250 3202
f 289 3199 3203
f 3207 1063 3208
f 2193 3210 3211
f 3213 993 3214
f 3206 1060 3214
f 2185 3215 1065
f 3216 3215 3217
f 3218 1066 3219
f 3220 3221 3222
f 3224 1070 3225
f 2224 3226 3227
f 3228 3229 3230
f 3220 3229 3231
f 3218 7573 7488
f 3234 3233 3235
f 294 3242 3230
f 6274 3244 3243
f 1085 3240 3243
f 3246 1089 3245
f 3239 1081 3247
f 3248 3249 3250
f 3251 3249 3252
f 5279 3253 1094
f 3245 3253 3254
f 3255 3256 3257
f 2702 3256 3258
f 5283 3259 3260
f 3248 3259 3261
f 3241 3262 3263
f 2695 3264 3257
f 1096 3264 3265
f 3270 7474 3250
f 7402 3273 6588
f 3280 3281 3282
f 2712 3281 3283
f 3284 3285 6154
f 3271 3287 3260
f 3288 6986 3289
f 3300 3299 3301
f 3194 5305 1112
f 3305 6155 813
f 3318 3320 3319
f 7207 6988 3320
f 3321 3322 3323
f 250 3326 3316
f 3327 3326 3328
f 3312 6989 303
f 6593 7106 6156
f 3330 3331 6157
f 3332 3331 302
f 3334 3335 3003
f 3336 3335 3337
f 1128 5324 3339
f 3336 3340 3012
f 1127 3338 3341
f 7476 5326 3341
f 1130 310 69
f 1131 1132 308
f 1130 307 1132
f 1134 309 1133
f 1134 1131 308
f 1141 1138 313
f 1140 313 1138
f 1137 1144 1161
f 1142 1161 1144
f 313 1143 1141
f 1144 1141 1143
f 7758 315 1146
f 318 1146 315
f 1145 1146 317
f 1148 316 1147
f 318 315 1148
f 70 1148 315
f 1147 316 71
f 1151 317 1146
f 1157 319 1153
f 320 321 1154
f 321 320 1152
f 1155 1152 320
f 316 1156 1158
f 322 1159 1160
f 3345 1162 1165
f 1161 1165 1162
f 1145 1161 1142
f 1145 317 6990
f 1164 1165 1179
f 1163 1179 6990
f 1167 1168 3343
f 1173 3348 3347
f 1173 5328 323
f 937 1177 255
f 1174 255 1177
f 1178 1179 6849
f 923 6151 6158
f 3356 6355 3352
f 3353 952 3352
f 6596 253 6161
f 948 5336 3356
f 1179 1178 1164
f 3344 1169 3357
f 5338 1183 3357
f 1188 328 1186
f 1150 1149 1187
f 1188 1187 1149
f 328 1190 1191
f 1194 3358 1192
f 3332 3358 3360
f 3361 3362 3363
f 3364 1180 3365
f 3368 1197 3365
f 3323 3366 3359
f 1196 3366 3367
f 1151 1150 1197
f 1187 1197 1150
f 1198 331 7539
f 1199 1200 6252
f 1153 1201 7538
f 7538 7539 6164
f 332 1203 1202
f 7475 1202 1203
f 321 7475 1201
f 3370 3371 3372
f 3170 3371 3373
f 1203 332 3375
f 6252 3376 3377
f 3378 3376 3379
f 3164 3380 3372
f 3381 3380 3382
f 328 1205 1190
f 1207 1190 1205
f 1206 334 1207
f 335 1158 1156
f 1205 328 1158
f 1208 1209 331
f 6164 331 1209
f 335 1156 1209
f 1157 1209 1156
f 1208 1210 1206
f 334 1206 1210
f 331 1198 1208
f 332 1211 3374
f 1213 3374 1211
f 1215 1139 1214
f 1202 1215 332
f 1211 332 1215
f 1214 1139 1217
f 7035 7476 305
f 1221 1219 336
f 313 1140 1220
f 1221 1220 1140
f 307 1223 1132
f 336 1222 7477
f 1226 1224 1225
f 1226 1223 307
f 1220 1228 313
f 1143 313 1228
f 1230 1231 1229
f 1154 1231 320
f 308 1233 68
f 337 1232 1230
f 1233 1230 1232
f 336 338 1222
f 67 1222 338
f 67 1233 308
f 1234 1155 320
f 1219 1234 336
f 338 336 1234
f 1237 1235 1236
f 1237 1241 1160
f 1239 1236 1238
f 1232 337 1240
f 1241 337 1229
f 1242 1244 6165
f 1243 315 7838
f 310 1245 69
f 1246 69 1245
f 1246 1242 1224
f 1236 3384 1238
f 310 1135 1245
f 1238 1245 1135
f 315 1243 70
f 1236 1235 3384
f 1250 3386 3388
f 5354 1253 3385
f 274 1256 1003
f 1259 1260 340
f 2058 340 1260
f 62 1260 274
f 1256 274 1260
f 1263 1259 6255
f 1257 1265 1249
f 1264 1265 6992
f 6166 3399 1265
f 3392 6167 342
f 1270 342 1272
f 342 1273 3392
f 550 2154 5358
f 1253 5360 7865
f 3393 1275 7107
f 345 3398 3396
f 5363 1282 3399
f 3400 7874 3402
f 3404 3405 3406
f 345 3405 1280
f 5370 1289 3407
f 3389 1251 3407
f 3400 3408 3409
f 3411 1287 3387
f 3412 3413 3414
f 3415 3413 3416
f 3402 3417 3418
f 3419 3417 3420
f 3421 3422 3426
f 3415 3424 3423
f 1270 3427 3426
f 3428 3429 3418
f 1278 3394 3430
f 1298 3431 3430
f 350 6360 351
f 1299 351 1301
f 1300 1301 351
f 1304 1299 1302
f 1315 1304 3432
f 1301 1307 1299
f 1302 1299 1307
f 600 3433 3434
f 2384 3438 3439
f 3440 3441 2237
f 3433 3441 1308
f 1303 1313 3442
f 182 3443 3438
f 3444 3443 3445
f 1315 1314 350
f 209 3447 6478
f 3432 3442 7833
f 7036 200 3450
f 7036 7703 200
f 1314 1322 350
f 6360 350 1322
f 1323 356 6854
f 356 1325 3452
f 6600 3453 3458
f 6993 289 3460
f 357 1332 1346
f 1333 1346 1332
f 1333 1331 352
f 1335 1336 357
f 1332 357 1336
f 360 1300 1337
f 1338 1340 1339
f 1341 1342 356
f 1325 356 1342
f 1337 1342 1338
f 5400 6085 1343
f 356 1323 1341
f 5400 1341 1323
f 1345 1335 1344
f 357 1344 1335
f 1344 1346 1339
f 1344 357 1346
f 1349 1347 7695
f 3463 3464 3465
f 3466 3464 3467
f 3471 363 3472
f 3473 3474 3475
f 3463 3474 3476
f 1360 3482 3481
f 3483 3484 3485
f 3486 3484 3487
f 365 4651 3488
f 1372 3490 3489
f 3491 3489 5419
f 3492 3493 3485
f 3494 3493 3495
f 3502 3503 3504
f 3505 3503 3506
f 3507 6605 3508
f 3509 3510 3511
f 3512 3510 3513
f 3515 3514 3516
f 3509 3519 3521
f 5438 3522 3523
f 3524 3522 3525
f 3527 3526 3528
f 3529 3530 3531
f 3532 3530 3533
f 3534 3535 3523
f 1387 3535 3536
f 5447 3537 1394
f 3514 3537 3538
f 3539 3540 3541
f 3529 3540 3542
f 3543 1397 3527
f 3505 3544 7814
f 3547 6173 6174
f 3548 3549 3550
f 3551 3549 3552
f 3553 3554 3555
f 3559 3560 3561
f 3563 3565 3555
f 3551 3566 3567
f 3569 3568 3570
f 3588 7886 7481
f 3589 3590 7117
f 3592 3595 3593
f 3596 7774 7115
f 3598 3599 3600
f 3601 3599 3602
f 3603 3604 3593
f 3605 3604 3606
f 3607 3610 3608
f 3611 3612 3613
f 3598 3612 3614
f 3615 3616 3617
f 3596 3616 3470
f 3619 3618 3620
f 3621 3622 3623
f 3624 3622 3625
f 3626 3627 3628
f 3629 3627 3630
f 3633 3632 3634
f 3635 3636 3637
f 3638 3636 3623
f 3639 3640 3613
f 3641 3640 3642
f 3643 3644 5503
f 1436 3632 3644
f 3645 3646 3647
f 3648 3646 3628
f 3649 3650 3600
f 3639 3650 3651
f 3658 3659 3654
f 3660 3659 3661
f 3633 3662 3656
f 1435 3663 3662
f 3664 3665 3550
f 3666 3665 3667
f 3672 3673 3674
f 1455 3673 3675
f 3664 3676 3677
f 3678 3679 3680
f 3681 3679 3682
f 3683 3684 3674
f 3685 3684 3686
f 3687 3688 1453
f 3691 3692 3693
f 3678 3692 3694
f 3695 3696 3697
f 1463 3696 1465
f 3699 3698 3700
f 3701 3702 3703
f 3704 3702 3705
f 3706 3707 3708
f 3709 3707 3697
f 1470 3710 389
f 3683 3710 3711
f 3712 3713 3714
f 3701 3713 3715
f 3699 3716 3717
f 3720 3719 3721
f 1478 3723 3724
f 3725 3723 3626
f 3726 3727 3728
f 3729 3727 3730
f 3731 3732 3733
f 3734 3732 3735
f 3736 3737 3738
f 3645 3737 3725
f 3739 3740 3714
f 3741 3740 3742
f 3743 3744 3735
f 3745 3744 3746
f 3747 3748 3730
f 3749 3748 3750
f 3751 3752 3703
f 3739 3752 3753
f 1487 5567 3754
f 3594 3755 3756
f 3757 3758 3693
f 3759 3758 3760
f 3762 3763 3764
f 3743 3763 3765
f 3766 3767 3680
f 3757 3767 3768
f 3603 3769 3770
f 3771 3769 3756
f 3731 3772 3764
f 3773 3772 3774
f 401 3775 1494
f 3785 3777 3778
f 3779 3780 3775
f 3781 3780 3782
f 4358 402 3783
f 3776 1496 3787
f 3788 1507 3789
f 3790 1503 3789
f 3791 3792 3793
f 3794 3792 3795
f 3796 3797 3798
f 3799 3797 3800
f 3805 3804 3794
f 3806 3808 3807
f 1512 3809 3810
f 3799 3813 3811
f 3778 3814 3807
f 1518 3814 3815
f 3818 1527 3817
f 3819 3820 1529
f 5605 1531 3821
f 3822 3823 3824
f 3825 3823 3826
f 3827 3828 3795
f 3835 3828 1533
f 3831 3832 3824
f 3829 409 3834
f 3836 3835 3837
f 3838 3839 3840
f 3841 3839 3842
f 3624 3843 3844
f 3845 3843 3846
f 3847 3848 3849
f 3798 3848 3850
f 3851 3852 3853
f 3838 3852 3854
f 3855 3856 3857
f 3858 3856 3859
f 3860 3861 3862
f 3811 3861 3849
f 3863 3864 3844
f 3638 3864 3865
f 3866 3867 3868
f 3855 3867 3869
f 3709 3870 3871
f 1555 3870 393
f 3872 3873 3874
f 3875 3873 3876
f 3879 3878 3880
f 3875 3883 3884
f 3885 3883 7775
f 1529 3886 3819
f 3881 7410 5641
f 3887 3888 3889
f 3534 3888 3890
f 3892 3893 3894
f 3895 3893 3896
f 3524 3897 3889
f 3898 3897 3899
f 5650 1497 7821
f 419 7755 7804
f 3902 3903 3904
f 3905 3906 3884
f 3907 3906 3908
f 3909 3910 3853
f 3911 3910 3912
f 3825 3913 3904
f 3914 3913 3915
f 3916 3917 3918
f 3729 3917 3919
f 3920 3921 3840
f 3909 3921 3922
f 3907 3923 3874
f 3924 3923 3925
f 3749 3926 3918
f 3927 3926 3928
f 3929 3930 3868
f 3931 3930 3932
f 3660 3933 3934
f 3935 3933 3936
f 3937 3938 3939
f 3779 3938 3940
f 3941 3942 3857
f 3929 3942 3943
f 1588 3944 7755
f 3945 3939 5672
f 3946 3947 3934
f 3653 3947 3948
f 3949 3950 3896
f 1588 3950 3951
f 1598 3954 5683
f 1596 3952 3955
f 3958 3959 3960
f 1604 5687 3959
f 3962 3961 3960
f 1609 5690 3966
f 3962 3967 3968
f 423 3954 3967
f 3979 3980 7867
f 3963 3980 3981
f 3985 3983 3986
f 3987 3988 3989
f 3975 3991 7835
f 3992 3991 3993
f 3994 3995 3996
f 3997 3995 3998
f 3999 4000 4001
f 3987 4000 4002
f 4004 4003 4005
f 4006 4007 3996
f 4012 4013 3989
f 4014 4013 4015
f 6385 4016 4017
f 4018 4016 4019
f 434 4021 4022
f 4014 4024 4001
f 4025 4024 4026
f 4027 4028 4021
f 4029 4028 4030
f 4039 6194 6195
f 4045 4043 4046
f 4049 4048 4050
f 4057 4058 4059
f 4060 4058 4061
f 4062 4063 4064
f 4065 4063 4066
f 4067 4069 4068
f 4070 4071 4059
f 4072 4071 4073
f 4074 4075 4076
f 1657 4075 1660
f 4077 4078 4068
f 4079 4078 5747
f 4062 4080 442
f 4082 4080 4083
f 4074 4084 4085
f 4086 4084 4087
f 439 6998 4070
f 7123 4097 6197
f 4114 4115 4116
f 4117 4115 4118
f 4119 4120 4087
f 4122 4123 4111
f 4124 4123 4125
f 4126 4127 4128
f 4129 4127 4130
f 4119 4131 4132
f 4133 4131 4076
f 4117 4134 4135
f 4136 4134 4137
f 4141 4142 4143
f 3492 4142 4144
f 4146 4145 4147
f 3486 4150 4143
f 4153 4155 4154
f 4128 4156 4148
f 4157 4156 4158
f 4146 4159 4099
f 1690 4159 4160
f 440 4161 4154
f 4162 4161 5784
f 4175 4176 4066
f 4177 4176 4178
f 4182 4183 7127
f 4122 4183 1675
f 4202 7566 6211
f 6227 4208 1703
f 4233 4234 3475
f 4240 4238 6225
f 4244 4245 3465
f 4246 4247 4056
f 4248 4247 4249
f 4251 4250 4252
f 4253 7309 4239
f 4256 4257 4044
f 4246 4257 4258
f 4259 4260 4261
f 4262 4260 7650
f 4269 4270 4261
f 7002 7003 7129
f 4272 6687 1725
f 4274 4273 6231
f 1734 4299 7422
f 4311 4313 4312
f 459 4315 4314
f 1746 4316 4314
f 4318 1750 4319
f 1744 4315 4320
f 4313 4322 4321
f 1754 1756 4324
f 1752 4323 4325
f 456 4299 4326
f 4331 4327 4328
f 1758 5868 4327
f 4319 4329 4324
f 1760 462 4330
f 1737 4306 4333
f 4332 4335 4336
f 465 4338 4337
f 4339 4337 4340
f 4328 4343 4335
f 4344 4343 5870
f 1768 464 4345
f 1743 4346 4342
f 465 4339 1771
f 464 1772 1769
f 3788 4352 4353
f 4354 4355 4414
f 5878 4357 1781
f 4359 4358 4360
f 1776 4361 4350
f 961 4361 4362
f 4363 4364 4365
f 1780 4364 4366
f 3086 965 4367
f 3089 264 4368
f 4370 1790 4369
f 4374 1795 4373
f 4373 473 4377
f 4269 454 4379
f 4262 1721 4382
f 3103 270 4383
f 1811 3107 5894
f 1817 1818 4389
f 1816 478 4386
f 445 4135 4387
f 5899 7487 4388
f 4390 4391 4365
f 1821 4391 4392
f 4393 4394 4395
f 3809 405 4396
f 4397 1823 4396
f 4390 4398 4399
f 4400 1824 7522
f 4402 1822 4401
f 1820 4403 276
f 4400 4405 4404
f 480 4412 4413
f 1778 4414 4415
f 1595 4416 1827
f 278 4408 4417
f 467 4347 4418
f 4419 4420 4421
f 4422 4420 1832
f 4424 4425 4426
f 281 4425 4434
f 480 4406 4435
f 4446 4447 4448
f 483 7143 4442
f 4446 4454 4456
f 433 4461 4023
f 4462 4461 4463
f 3563 376 4472
f 1854 487 1859
f 3554 1403 4474
f 4475 1857 4474
f 291 3205 4478
f 4479 4480 3520
f 4481 4480 5943
f 1806 4483 4482
f 1862 4477 4482
f 489 4485 4484
f 4486 4487 3511
f 1867 4485 5947
f 489 4490 4489
f 1395 3541 4493
f 7055 4490 4494
f 4495 4496 4497
f 4498 4496 4499
f 4500 4501 3531
f 1871 5959 4502
f 4503 4504 4497
f 4503 4505 4507
f 5961 1593 4508
f 4498 4509 4506
f 1888 4515 4516
f 1089 5968 4517
f 4518 4519 3984
f 4520 4519 4521
f 4522 4523 4511
f 4525 4526 4527
f 4518 4529 4530
f 1094 4531 4532
f 4533 4531 4517
f 4534 4535 4527
f 4536 4535 4537
f 4534 4538 4540
f 4543 7009 1900
f 4526 4544 4539
f 4545 4544 5981
f 6249 4547 4549
f 4550 4551 3997
f 4555 4556 6715
f 1905 4565 4566
f 4027 4565 4567
f 4568 7816 6249
f 1906 7151 4464
f 4570 4566 5994
f 4577 4578 1911
f 6725 4581 6447
f 4582 4583 4312
f 4584 4583 4585
f 1915 4589 4590
f 1915 7524 4589
f 4582 4591 4592
f 4282 4596 4597
f 4598 4596 4599
f 1918 4601 4600
f 4302 4604 4599
f 4605 1922 4450
f 4602 496 6449
f 1925 1923 1924
f 132 1927 1924
f 1929 499 1928
f 1929 1927 498
f 1925 1930 1926
f 2021 1926 1930
f 133 1930 499
f 1928 499 1930
f 1931 504 1932
f 502 1934 1933
f 1936 1933 1934
f 1931 501 1936
f 1935 1936 501
f 1934 502 1937
f 1938 1937 502
f 1940 1945 1942
f 6034 1942 506
f 1941 506 1942
f 1943 1942 1945
f 1941 1948 506
f 2039 506 1948
f 1948 1946 505
f 508 1949 507
f 1950 507 1949
f 1951 508 507
f 507 139 1951
f 1951 1954 1953
f 1952 1953 1954
f 1955 1952 1954
f 505 1957 1958
f 1962 1960 1959
f 1961 510 1963
f 1960 1962 1963
f 510 1964 1963
f 511 1963 1964
f 1940 1935 501
f 1945 1940 511
f 1965 4609 4606
f 1966 1968 462
f 1762 462 1968
f 4613 1972 4614
f 143 1962 4616
f 1975 4620 4619
f 510 1961 1973
f 4622 1772 4621
f 512 1970 4623
f 6450 4621 4624
f 1768 6014 4624
f 4618 1974 4625
f 1944 1980 1947
f 1983 1981 1982
f 1943 1985 1944
f 4626 4627 7836
f 4628 4627 4629
f 1984 1985 4630
f 1193 3363 4631
f 4633 4634 4580
f 4626 4634 4635
f 1988 1982 1981
f 1199 6252 4636
f 4637 4638 4455
f 4639 4638 4640
f 4644 4645 4448
f 4637 4645 6028
f 516 1996 1994
f 1997 1994 1996
f 517 1991 6253
f 1953 1998 1995
f 1207 334 2001
f 1999 2001 334
f 1982 1988 2000
f 2001 2000 1988
f 2002 1999 1210
f 334 1210 1999
f 519 1956 1955
f 2002 517 1956
f 6253 1956 517
f 2000 2003 1982
f 519 1955 2003
f 2005 2004 1993
f 2006 2007 4609
f 4646 496 4647
f 1932 504 6254
f 2006 4609 1965
f 1996 516 2010
f 504 1939 6254
f 2010 2008 1939
f 502 2011 1938
f 2014 1938 2011
f 2014 2012 520
f 520 2013 2014
f 2016 2017 2015
f 1933 2017 502
f 2011 502 2017
f 2019 2016 2018
f 520 2012 2020
f 2021 2020 2012
f 1926 2021 2019
f 139 507 2024
f 2022 522 7483
f 2013 520 2026
f 2025 2026 520
f 507 1950 2024
f 2026 2024 1950
f 499 2027 133
f 520 2020 2025
f 2027 2025 2020
f 2028 522 2022
f 2028 2027 499
f 1957 2029 1958
f 2032 1958 2029
f 2032 2030 2031
f 6454 2029 1957
f 2035 2034 2030
f 2035 2033 498
f 6034 506 2036
f 2039 2031 4648
f 506 2039 2036
f 1924 2040 132
f 6455 4648 7756
f 6456 2018 2037
f 1924 1923 2040
f 6456 2040 1923
f 2044 6036 4650
f 6039 2047 2046
f 478 1816 2050
f 2051 2050 1816
f 2053 2054 7158
f 2052 7158 2054
f 4652 2049 2054
f 2057 1262 6255
f 7158 2056 2053
f 2057 2053 2056
f 2050 2058 478
f 1819 478 2058
f 2055 340 2058
f 527 2063 4653
f 2064 2066 4655
f 2065 2066 527
f 2063 527 2066
f 3471 1356 6041
f 4692 529 7157
f 3478 363 4659
f 2072 4657 6044
f 2077 4661 4660
f 3396 4662 4663
f 2078 4666 4665
f 7158 2052 4660
f 4667 4670 4668
f 2043 4649 4671
f 2081 4672 4671
f 2083 4673 4674
f 345 4663 3406
f 4675 4676 4668
f 4677 4676 4678
f 4679 4680 4675
f 4681 4680 4682
f 4684 6258 4685
f 6055 2088 4686
f 4658 529 4686
f 4687 4688 4669
f 4679 4688 4689
f 4691 2065 4690
f 4693 4694 4684
f 3424 4694 1295
f 4690 4695 4696
f 533 2093 7014
f 147 7014 2093
f 2095 2094 2092
f 2096 2098 4697
f 2098 2097 533
f 4699 4698 4700
f 6971 2096 4701
f 4702 4703 4704
f 3568 4703 1409
f 4705 4706 3717
f 4698 4706 6972
f 4708 4704 4709
f 2093 533 2097
f 2108 7062 7642
f 2094 2111 2092
f 2106 7642 2111
f 7842 407 4713
f 1519 2114 4713
f 4701 4697 4714
f 2113 416 4715
f 4720 536 6259
f 3456 1326 6734
f 2120 2121 4712
f 2118 473 4719
f 6081 2122 4720
f 4712 2109 4721
f 7890 1330 358
f 1853 6083 4722
f 2126 2127 538
f 2125 538 2127
f 538 2141 2126
f 2129 2126 2141
f 487 4722 4723
f 2128 534 4724
f 2130 2141 2131
f 2130 2132 2095
f 2132 2133 2135
f 2122 2135 536
f 2134 536 2135
f 2144 1343 2137
f 536 2134 2117
f 6085 2117 2134
f 2140 2139 2125
f 538 2125 2139
f 1348 2140 1345
f 541 148 2140
f 2139 2141 538
f 148 541 2142
f 2138 2143 1349
f 2143 2142 541
f 152 4725 4726
f 548 2152 6359
f 4727 6359 6738
f 549 4729 4728
f 2148 4728 2153
f 4732 555 2160
f 560 6739 2164
f 2166 560 4735
f 4736 4735 2165
f 2169 563 6261
f 2168 4736 2172
f 4732 154 2175
f 4745 4744 2196
f 2195 4746 4743
f 4747 4746 2192
f 2200 4748 2198
f 2199 4749 2203
f 7810 4750 2204
f 4751 2209 4752
f 22 4748 4753
f 586 2212 4753
f 163 4752 4754
f 4755 4754 2210
f 4756 4757 4744
f 2217 4757 2216
f 4755 2219 4758
f 4761 4759 2227
f 2226 4762 4758
f 4751 4762 2223
f 4763 4764 4765
f 2235 4764 7526
f 4766 4767 4768
f 594 4767 2234
f 595 4769 4770
f 2239 2238 4768
f 2241 601 6265
f 166 4772 4773
f 601 4772 2244
f 2245 4776 2250
f 4773 4776 4766
f 2265 4783 7066
f 4788 4789 4790
f 2274 4789 2281
f 617 4791 2284
f 2286 4792 4790
f 4793 4792 2285
f 2294 4794 2293
f 4793 4795 4796
f 2289 4795 2296
f 2299 4797 4798
f 4799 4797 2304
f 2303 4800 4796
f 4788 4800 2300
f 2313 4801 2308
f 4802 4801 4803
f 4804 4805 2309
f 2312 4805 4806
f 4799 4807 4808
f 2319 4807 2318
f 2315 4809 2322
f 4804 4809 4810
f 2323 634 4811
f 2327 4812 4810
f 4813 4812 2325
f 4814 4815 2335
f 2329 4815 4816
f 4813 4817 4806
f 2331 4817 2334
f 2345 4820 2343
f 4814 4820 4821
f 2344 642 4822
f 607 4781 4823
f 585 7692 4823
f 643 6474 4824
f 4763 4825 2353
f 2352 4827 4828
f 645 4827 7484
f 4829 4832 4833
f 2354 4832 2361
f 2365 4834 4835
f 4836 4834 2370
f 2369 4837 4833
f 4838 4837 2366
f 24 4839 4840
f 2372 4839 2371
f 4838 4841 4828
f 657 4841 2373
f 2378 4843 2376
f 4844 4845 4846
f 662 4845 2377
f 4847 4840 2387
f 2386 2383 4846
f 4848 4849 4835
f 2393 4849 2392
f 185 4850 4851
f 2388 4850 2394
f 4852 4853 2402
f 2395 4853 4854
f 2401 4855 4851
f 4844 4855 2397
f 4802 4856 2410
f 2403 4856 4857
f 2408 4858 4859
f 4860 4858 2405
f 4852 4861 4862
f 2416 4861 2415
f 4860 4863 4864
f 2412 4863 2419
f 2423 4865 4866
f 4848 4865 2427
f 2426 4867 4864
f 4868 4867 2424
f 4869 4870 2431
f 2428 4870 4808
f 188 4871 4859
f 2430 4871 2434
f 2436 684 7750
f 4869 4873 4798
f 2443 4873 2441
f 4874 7837 2442
f 4836 4875 4866
f 2449 4875 2448
f 4874 4876 4877
f 2445 4876 2451
f 2456 2454 4877
f 4880 4881 4882
f 2465 694 4881
f 192 4879 4883
f 696 2467 4884
f 2466 4885 2471
f 4886 4887 4888
f 2477 4887 2473
f 2476 4889 4885
f 700 4890 4891
f 4892 4890 2483
f 2478 4893 2482
f 2487 2491 4888
f 701 4895 196
f 4896 4895 2488
f 4897 708 4898
f 2495 4898 2494
f 4896 4899 4900
f 2492 4899 2496
f 2501 4901 2497
f 2500 4902 4900
f 702 4902 712
f 7703 4 7018
f 201 4910 4903
f 4904 2505 4905
f 715 4908 4906
f 2502 2507 4906
f 720 2510 4907
f 720 2509 4908
f 721 2511 4909
f 718 2512 4910
f 4892 2516 4911
f 2513 4912 2521
f 727 2524 4913
f 727 2522 4914
f 719 6976 4915
f 726 2525 4916
f 4904 4918 2531
f 2530 4919 4917
f 723 4919 2528
f 2534 4920 4803
f 4921 4920 2540
f 2539 4922 4923
f 4924 4922 2535
f 4925 4926 4816
f 2546 4926 2545
f 4924 4927 4928
f 2541 4927 2548
f 4929 4930 2556
f 2549 4930 4894
f 2555 4931 4928
f 4932 4931 2551
f 4933 4934 4891
f 2563 4934 2560
f 4932 4935 4923
f 2557 4935 2562
f 4936 4937 4854
f 2569 4937 2568
f 2564 4938 2572
f 4939 4938 4940
f 2573 2577 4905
f 210 4941 2574
f 713 4 7075
f 210 4942 4943
f 661 4944 4843
f 7168 4944 2582
f 4939 4943 2580
f 755 757 4950
f 2597 4953 6
f 4954 4953 2601
f 4946 4955 7169
f 2599 4955 4952
f 25 4956 4918
f 2607 4956 2606
f 4957 4958 4959
f 2603 4958 2610
f 2613 4960 4862
f 4936 4960 2617
f 2616 4961 4959
f 4962 4961 2614
f 4921 4963 4857
f 2622 4963 2621
f 4962 4964 4965
f 2618 4964 2624
f 2626 4966 4911
f 4933 4966 2630
f 2629 4967 4965
f 4957 4967 2627
f 2633 4968 4821
f 4925 4968 2638
f 2637 4969 4970
f 4971 4969 2634
f 4954 4972 4818
f 2642 4972 2641
f 4971 4973 4974
f 2639 4973 2644
f 755 3 2646
f 2648 4975 4974
f 4976 4975 2647
f 4929 4977 4886
f 4976 4978 4970
f 775 4978 773
f 4981 218 4982
f 2655 778 4982
f 4983 4984 6482
f 2660 4984 2659
f 2662 786 4986
f 2667 787 4987
f 4948 4987 4988
f 2670 7569 7596
f 4986 785 2691
f 4997 4998 4999
f 2692 4998 2698
f 2704 5001 4999
f 5002 5001 2701
f 5003 5004 5005
f 2710 5004 2709
f 5002 5006 5007
f 2705 5006 2713
f 2719 5009 5007
f 4997 5009 2716
f 5011 5012 5013
f 2730 5014 5015
f 5003 5014 2734
f 2733 5016 5013
f 5017 5016 2731
f 2739 5018 2737
f 36 816 5018
f 5017 5019 5020
f 229 5023 5011
f 2754 5024 7078
f 37 5024 5025
f 5026 5027 6769
f 2758 5028 5029
f 5030 5028 2760
f 6769 6770 6284
f 5033 5031 2766
f 2769 5036 5037
f 5038 5036 829
f 2778 5040 831
f 5041 5040 2781
f 236 7597 5043
f 2792 5044 2788
f 2784 5045 2791
f 2799 5048 5046
f 5049 5048 2796
f 2803 5050 5051
f 845 2805 5050
f 2804 5052 2806
f 2822 5058 5041
f 7020 5058 2827
f 2826 5059 6289
f 2831 5061 5062
f 5051 5061 2834
f 2840 5064 2839
f 2851 5069 7264
f 2855 5071 5047
f 863 2859 5071
f 2852 6782 2858
f 2861 2863 5073
f 2868 5074 2867
f 5075 5076 5077
f 2864 5076 2871
f 5062 2874 2878
f 2877 5078 5077
f 5079 5078 2875
f 2881 872 5080
f 872 2883 5080
f 5079 5081 5082
f 2882 5081 2884
f 5075 7805 2887
f 5073 2893 2895
f 2901 5087 6296
f 4765 7163 5089
f 2913 5095 5030
f 7788 7021 2915
f 820 5097 2919
f 2944 5110 5025
f 2950 5113 5114
f 5037 5113 2952
f 2959 5117 5118
f 5119 5117 2956
f 2964 7022 5033
f 5119 5120 5121
f 2961 5120 2967
f 2969 5122 7021
f 5029 5122 2973
f 2972 5123 5121
f 5124 5123 2970
f 2977 7617 2976
f 5124 5125 5118
f 2974 5125 2978
f 2982 5126 2981
f 2988 5131 5038
f 5114 5131 2991
f 5032 2992 2995
f 2993 5133 905
f 5140 5141 5142
f 3011 5141 3010
f 6819 6324 7849
f 3013 6566 5144
f 5151 5152 5153
f 3028 5152 3027
f 921 5156 5154
f 925 927 46
f 927 3030 5156
f 930 49 3034
f 5157 254 3035
f 48 932 3037
f 5157 929 5158
f 934 6335 5158
f 936 3040 917
f 46 5144 925
f 3039 935 5159
f 5161 257 3042
f 938 7856 5162
f 3043 940 5161
f 3045 943 5163
f 942 49 5163
f 3053 5162 7656
f 3048 5164 946
f 948 951 47
f 952 48 3057
f 949 3058 5165
f 5164 260 3061
f 3066 5167 955
f 3070 5168 5169
f 5170 5171 5880
f 3076 5171 3075
f 263 5172 5173
f 3078 5174 4884
f 5175 5174 3082
f 5176 5173 3079
f 5177 5178 4880
f 964 5178 3084
f 5176 5179 5169
f 3083 7190 3085
f 23 4915 5183
f 974 3091 5183
f 974 3090 5184
f 266 5182 5184
f 725 4913 5185
f 975 3092 5185
f 972 3093 5186
f 982 5189 5188
f 986 3098 7781
f 269 5190 5191
f 986 3097 5191
f 717 4907 5192
f 973 3099 5192
f 979 5187 5193
f 5196 7630 3105
f 10 6803 7630
f 996 2997 6339
f 996 7510 3106
f 3108 1000 5199
f 5200 999 3107
f 3111 1003 6781
f 6779 6781 1003
f 3110 1002 5202
f 5063 5204 1006
f 3112 1006 5200
f 3113 3119 5206
f 277 5207 3115
f 1013 5208 3121
f 3120 5209 3123
f 30 4901 5210
f 1015 3127 5210
f 5211 5212 3126
f 277 5209 5212
f 5175 3129 4897
f 5211 5213 5207
f 3128 5213 3130
f 1016 1020 5214
f 1018 1020 5215
f 5167 957 5216
f 3132 1022 5216
f 1023 1021 5215
f 3134 5217 4988
f 5177 5217 3136
f 280 1024 3137
f 3145 5219 5220
f 5221 5219 3140
f 1032 1031 5214
f 3146 1030 5221
f 1027 783 5222
f 3152 5224 7632
f 3151 5225 3154
f 5223 5225 5220
f 5233 5232 3173
f 3177 7027 1044
f 1051 1052 5244
f 3196 5245 5243
f 1053 3200 5246
f 1053 3198 7878
f 3201 1055 5247
f 3198 288 7757
f 4775 5249 5205
f 6088 6265 5251
f 1057 3203 5251
f 1056 3204 5252
f 3205 1059 5253
f 3208 1064 5254
f 3209 1064 5255
f 4745 5256 9
f 3212 5256 3211
f 5255 1063 5257
f 3210 1065 5257
f 3213 5258 5196
f 5253 292 3216
f 7873 3219 1069
f 3221 5261 1071
f 5262 3224 3223
f 4761 5263 5264
f 3228 5263 3227
f 5262 5265 5266
f 3226 5265 3231
f 3232 5267 9
f 4756 5267 3235
f 3234 5259 5266
f 1071 5268 3238
f 1084 1083 5270
f 5269 1079 5271
f 3239 1082 5271
f 4985 5272 5273
f 5276 297 5274
f 3241 1087 5274
f 1075 5275 5264
f 1088 3242 5276
f 5270 53 3246
f 3247 5277 5278
f 5281 300 5277
f 3251 5279 5280
f 3252 5281 3254
f 5286 5284 3255
f 3261 5284 5282
f 3265 5285 3263
f 1099 5286 1096
f 3270 5287 3269
f 5288 5287 5280
f 5289 5290 5291
f 3277 7205 1101
f 5005 5295 5296
f 3284 5295 1107
f 1097 1108 3289
f 3288 5298 7536
f 5289 5298 3287
f 5301 5299 6841
f 5238 5302 51
f 1051 36 3300
f 5306 5305 3301
f 5296 5307 5015
f 3310 5308 1118
f 7405 5312 7206
f 46 5155 915
f 3320 3318 3317
f 3316 5315 3320
f 5151 5316 3328
f 1120 5318 3327
f 5321 6846 1122
f 5309 6351 6848
f 3334 908 5322
f 306 1124 3333
f 1040 5232 5323
f 1126 3338 5323
f 306 1123 5324
f 3340 5325 5142
f 5326 5325 3342
f 1127 1129 306
f 1130 69 307
f 310 1130 311
f 67 308 1132
f 311 1130 1131
f 1132 1131 1130
f 1240 309 68
f 1131 1134 311
f 1133 311 1134
f 1133 309 1135
f 311 1133 310
f 1137 1136 6991
f 1139 314 6991
f 1138 1139 312
f 1138 314 1139
f 1140 312 72
f 312 1140 1138
f 1141 314 1138
f 74 1142 1143
f 1144 1143 1142
f 1144 1137 1141
f 314 1141 1137
f 1146 1145 7758
f 1147 318 1148
f 71 1149 1147
f 318 1147 1150
f 1149 1150 1147
f 317 1151 75
f 1146 318 1151
f 1150 1151 318
f 1201 1153 321
f 1152 1155 72
f 72 312 1152
f 1156 322 1157
f 319 1157 7492
f 1158 71 316
f 1156 316 322
f 316 1148 1159
f 322 316 1159
f 73 319 7492
f 74 1145 1142
f 317 75 1163
f 3346 3345 1164
f 1165 1164 3345
f 1169 1170 3346
f 3344 7514 7032
f 950 3348 47
f 941 1175 7656
f 1174 5330 1175
f 325 5332 5327
f 3349 3343 5332
f 6159 1163 3350
f 45 5153 6353
f 932 48 3353
f 1172 1184 5336
f 3355 1183 5337
f 1169 3346 1185
f 1164 1178 3346
f 6352 327 5338
f 328 1188 71
f 1149 71 1188
f 330 1187 1188
f 6452 6163 7494
f 5321 5341 5342
f 3361 5341 3360
f 3367 5317 3364
f 5343 5344 5345
f 1197 3368 1151
f 1197 1187 1195
f 330 5345 1187
f 1199 6356 1200
f 7540 5346 333
f 7538 6164 1153
f 1157 1153 6164
f 7538 1201 333
f 1202 7475 1152
f 1152 312 1202
f 7475 1203 5347
f 3374 5348 3373
f 5347 3370 5349
f 3378 7034 5350
f 5339 1190 1207
f 1207 1205 1206
f 335 1206 1205
f 71 1158 328
f 1158 335 1205
f 1209 1157 6164
f 1209 1208 335
f 1206 335 1208
f 1213 3383 33
f 1215 1202 312
f 312 1139 1215
f 1215 1214 1211
f 1217 6991 1167
f 5326 7476 5331
f 1140 72 1221
f 1219 1221 72
f 7477 1225 1220
f 1132 1223 67
f 1222 67 1223
f 307 69 1226
f 74 1143 1227
f 1228 1227 1143
f 1228 1220 7633
f 73 1229 1154
f 1231 1154 1229
f 1232 68 1233
f 1230 1233 338
f 1233 67 338
f 1219 72 1155
f 70 1235 1159
f 1237 1159 1235
f 1241 1237 339
f 1236 339 1237
f 1238 1135 1239
f 309 1239 1135
f 1236 1239 339
f 309 1240 1239
f 1232 1240 68
f 337 339 1240
f 1239 1240 339
f 1241 1229 73
f 339 337 1241
f 74 1227 7758
f 1242 1246 6357
f 1245 6357 1246
f 3385 1248 6262
f 1249 3386 5352
f 1247 2167 5353
f 1252 3387 5353
f 1249 11 1258
f 1257 1258 341
f 1256 341 5203
f 1260 62 2058
f 341 1256 1259
f 1260 1259 1256
f 1262 78 1261
f 1259 1263 341
f 6166 341 1263
f 3388 3386 1264
f 1265 1264 3386
f 341 6166 1257
f 1265 1257 6166
f 5198 8 6168
f 1272 3390 1270
f 344 5355 1271
f 1274 3392 5356
f 6738 6359 5357
f 3393 1268 5357
f 1276 3394 5361
f 7879 3395 5362
f 5364 5365 347
f 3398 1280 5365
f 6853 5366 5367
f 1280 7773 347
f 5368 7773 3403
f 5354 5369 76
f 3408 1288 5369
f 5368 5370 5371
f 1252 3388 3410
f 1264 3410 3388
f 3411 5364 5371
f 5372 5373 6853
f 1293 3420 3412
f 3419 5374 5375
f 5376 5374 3414
f 1296 5377 3422
f 5376 5378 5379
f 3421 5378 3423
f 1279 1297 7107
f 1270 7107 3427
f 5380 5379 3425
f 76 5381 5360
f 1288 3429 5381
f 5380 3431 5375
f 351 1299 350
f 1315 350 1299
f 1300 351 79
f 6360 79 351
f 1301 1300 80
f 1304 1315 1299
f 1304 1302 5382
f 80 1305 1301
f 1307 1301 1305
f 1307 1306 5383
f 5384 4771 3436
f 3435 5385 5383
f 5386 5385 3434
f 3440 4770 3439
f 5386 5387 5388
f 1311 5387 1308
f 4842 5389 3445
f 1313 5388 3444
f 1315 3446 1314
f 7168 7387 5389
f 355 5390 5391
f 3446 7833 5390
f 209 7703 1318
f 5391 5392 5393
f 3450 721 7712
f 1320 1319 5393
f 1322 1321 6360
f 1322 1314 5394
f 1324 1323 6854
f 3457 3451 5395
f 1325 79 5396
f 5399 5395 5397
f 354 3455 5398
f 6600 5399 5398
f 1327 3458 6601
f 7495 6170 6602
f 1346 1333 80
f 1305 80 1333
f 1332 359 1331
f 82 1334 7479
f 1300 360 80
f 1346 80 360
f 79 1337 1300
f 1337 1338 360
f 360 1338 1346
f 79 1325 1337
f 1342 1337 1325
f 361 1338 1341
f 1342 1341 1338
f 1323 81 5400
f 1341 5400 361
f 1343 7839 5400
f 7695 1340 361
f 1338 361 1340
f 1335 1345 82
f 1347 1344 1339
f 83 1348 1347
f 1345 1347 1348
f 1344 1347 1345
f 1347 1349 83
f 2144 1349 7695
f 7695 1347 1340
f 1339 1340 1347
f 3461 1350 7722
f 1355 7600 3466
f 5403 5404 3467
f 3469 1355 5404
f 3473 1358 6362
f 3472 5403 3476
f 1360 3477 5407
f 3478 1362 5408
f 1351 3479 5409
f 1366 1363 7480
f 1368 3487 5413
f 1369 7820 5416
f 3483 5416 3488
f 3495 6856 3491
f 3494 5419 7820
f 7861 6858 6365
f 5424 5425 5426
f 3502 5427 3507
f 3512 5429 5430
f 3515 7037 5428
f 5434 5435 5436
f 3526 5435 3525
f 5437 5438 5439
f 3532 5440 5441
f 5442 5440 3536
f 1387 5443 5439
f 5444 5443 3533
f 5429 5445 5446
f 3539 5445 3538
f 5444 5447 5448
f 3543 1398 5449
f 5424 103 5449
f 3544 5450 5448
f 5437 375 5450
f 5451 5452 5453
f 3548 5452 3547
f 5454 5455 7038
f 1402 5455 3552
f 3556 5457 1406
f 3553 5459 3558
f 7038 5459 5463
f 3565 5460 3562
f 3559 5463 3564
f 3566 5464 5465
f 6063 5464 3570
f 7112 7634 7735
f 3588 5476 3591
f 1418 3595 5477
f 5478 5479 5480
f 3592 5479 3597
f 3601 5481 5482
f 5483 5481 3606
f 3605 5484 5480
f 5485 5484 3602
f 7636 5486 5487
f 3611 5486 3610
f 5485 5488 5489
f 3607 5488 3614
f 1429 5490 3615
f 3619 5491 5489
f 5478 5491 3617
f 3630 5492 3625
f 5493 5492 5494
f 3629 5495 5496
f 5497 5495 3621
f 3634 5498 5499
f 5500 5498 3637
f 5497 5501 5502
f 3631 5501 3635
f 3641 5503 5487
f 5504 5505 3642
f 3643 5505 5502
f 5506 5507 5482
f 3649 5507 3647
f 3648 5508 3651
f 5504 5508 5496
f 3663 5513 3661
f 5514 5513 5499
f 1451 3658 5515
f 3666 5516 5453
f 5519 5517 3667
f 5520 5521 5465
f 3676 5521 3675
f 5519 5522 5523
f 3672 5522 3677
f 3681 5524 5525
f 5526 5524 3686
f 3685 5527 5523
f 5528 5527 3682
f 3691 5530 1462
f 5528 5532 5518
f 3687 5532 3694
f 5534 5533 5535
f 3695 5536 3700
f 3704 5538 5539
f 5540 5538 3708
f 5541 5542 3705
f 3706 5542 5537
f 5526 5543 5544
f 3712 5543 3711
f 5541 5545 5546
f 1472 5545 3715
f 3716 5547 1473
f 5520 5547 3721
f 3720 5548 5546
f 5536 5548 3718
f 3722 5549 5494
f 5550 5549 3728
f 5551 5552 3724
f 3726 5552 5553
f 3733 5554 5555
f 5506 5554 3738
f 399 5556 5557
f 3734 5556 3736
f 3741 5558 5544
f 5559 5558 3746
f 3745 5560 5557
f 5561 5560 3742
f 5562 5563 5539
f 3751 5563 3750
f 5561 5564 5553
f 3747 5564 3753
f 5566 5567 5568
f 3761 5569 3759
f 5570 5571 3760
f 7648 5571 5568
f 5559 5572 5525
f 3766 5572 3765
f 5570 5573 5574
f 3762 5573 3768
f 5483 5575 5555
f 3774 5575 3770
f 3773 5576 5574
f 5566 5576 3771
f 86 1494 5577
f 5580 5581 5582
f 3782 5581 3777
f 3784 1504 5583
f 1505 5584 7698
f 5579 1500 5584
f 5578 404 3790
f 5587 5588 3796
f 3791 5588 5589
f 5590 5591 5592
f 3793 5591 3800
f 3803 3802 5592
f 1515 5903 5595
f 1516 5595 3808
f 5594 3810 5596
f 3812 5597 5598
f 5580 5597 3815
f 1514 5599 5596
f 1510 5599 3813
f 5601 410 7544
f 6613 1524 5602
f 1525 1523 5601
f 3817 1528 5603
f 5604 5605 5606
f 3820 1521 5607
f 5608 5609 5589
f 3827 5609 3826
f 3822 5610 1533
f 3832 5613 5611
f 1535 5613 1537
f 5613 1535 5614
f 3836 1542 7454
f 1539 1542 5615
f 5610 5615 3837
f 3841 5616 5617
f 5493 5616 3846
f 3845 5618 5619
f 5620 5618 3842
f 5587 5621 5622
f 3851 5621 3850
f 5620 5623 5624
f 3847 5623 3854
f 3858 5625 5626
f 5598 5625 3862
f 3860 5627 5624
f 5628 5627 3859
f 5500 5629 5630
f 3866 5629 3865
f 5628 5631 5619
f 3863 5631 3869
f 5540 5632 5633
f 3872 5632 3871
f 1558 5634 3876
f 5635 5634 5636
f 1559 5637 5638
f 5534 5637 3880
f 3879 5639 5636
f 5640 5639 1560
f 1561 87 6616
f 5604 106 1564
f 5635 5641 7775
f 5644 7042 420
f 3892 5646 5647
f 5434 5646 3899
f 3898 5648 5645
f 5649 5648 3894
f 86 1497 5650
f 5649 5651 6374
f 1570 7804 5651
f 3905 5653 1536
f 5654 5655 5656
f 3902 5655 3908
f 3911 5657 5622
f 5608 5657 3915
f 3914 5658 5656
f 5659 5658 3912
f 5550 5660 5617
f 3920 5660 3919
f 5659 5661 5662
f 3916 5661 3922
f 3924 5663 5633
f 5562 5663 3928
f 3927 5664 5662
f 5654 5664 3925
f 3931 5665 5630
f 5514 5665 3936
f 3935 5666 5667
f 5668 5666 3932
f 5582 5669 5626
f 3941 5669 3940
f 5668 5670 5671
f 1587 5670 3943
f 1573 1589 5672
f 3945 5673 5671
f 5674 5673 3944
f 5509 5675 5647
f 3949 5675 3948
f 5674 5676 5667
f 3946 5676 3951
f 1595 3952 5679
f 5680 5679 7545
f 1591 3953 5681
f 1601 3955 5682
f 3958 5685 3957
f 5689 113 5688
f 1598 5682 5690
f 5701 5702 5703
f 3979 5702 3986
f 3992 5705 5703
f 5706 5705 3990
f 5707 5708 5709
f 3999 5708 3998
f 5706 5710 5711
f 3994 5710 4002
f 4007 5712 5711
f 5701 5712 4005
f 5715 5716 435
f 7868 5720 4022
f 118 1634 5720
f 5719 5721 5722
f 4025 5723 5709
f 5724 5723 4030
f 4029 5725 5722
f 5715 5725 4026
f 7853 5726 5728
f 6195 5730 1641
f 5731 5730 4041
f 5729 5732 7749
f 4045 5734 5735
f 1646 5734 4050
f 4046 5736 1647
f 5737 5739 7637
f 4065 5740 4061
f 7660 7043 5742
f 4069 1656 5743
f 5744 5743 4073
f 5742 5745 7660
f 4067 5745 4072
f 4079 7499 5746
f 4082 1662 5749
f 5750 5749 4086
f 4083 5751 4085
f 5757 5756 4098
f 4102 4106 7044
f 4114 5765 4113
f 4120 5767 5750
f 5768 5767 4125
f 4129 1679 5771
f 1657 5771 4133
f 4130 6903 4132
f 4139 6905 1682
f 5775 5776 5777
f 4141 5776 4147
f 1687 5778 7565
f 5780 5779 4149
f 4155 1689 5781
f 1689 4158 5781
f 5780 5782 5783
f 4153 5782 4157
f 1666 5784 5757
f 4162 5785 5783
f 5775 5785 4160
f 4177 5791 5741
f 7044 5791 4181
f 4180 5792 7227
f 5793 5792 6910
f 4184 5794 5768
f 4184 7737 5794
f 4202 5804 5728
f 4209 5807 5808
f 5738 5807 4211
f 5815 5814 4222
f 5727 7547 4227
f 4240 5821 5822
f 5823 5821 4236
f 4244 5824 4243
f 5823 5825 5826
f 4248 5827 7716
f 5808 5827 4252
f 4251 5828 5826
f 5829 5828 4249
f 4256 5830 4255
f 5831 5830 5735
f 5829 5832 5822
f 4253 5832 4258
f 4274 5841 5815
f 1641 5841 4277
f 6699 7135 5852
f 5855 5856 5857
f 5859 5860 5861
f 4311 5860 4310
f 6701 4309 5862
f 5863 1741 5862
f 130 1743 4316
f 1744 5865 5864
f 1740 4317 5864
f 1747 1750 4320
f 461 5865 4318
f 1752 127 1753
f 4323 1753 5863
f 1756 1734 4325
f 127 1752 5852
f 1755 4326 5866
f 1757 1759 5867
f 1759 4329 5867
f 463 5866 5868
f 128 1760 1761
f 5857 1737 1763
f 463 6953 4333
f 1761 4336 128
f 4334 5869 4340
f 4341 4344 5870
f 4344 5871 5869
f 1767 5871 4341
f 1770 4346 1768
f 4345 1769 5872
f 1772 129 1773
f 955 5874 4351
f 1776 5875 469
f 4354 7500 4353
f 7761 5876 5877
f 4352 5876 4356
f 5583 5878 4360
f 4359 5879 5877
f 4363 5881 4362
f 4361 5882 4366
f 1783 1785 5883
f 5180 63 5883
f 6243 1790 5884
f 6436 6437 6438
f 7826 65 4370
f 4371 1793 5885
f 6709 1788 7707
f 4375 1797 5886
f 4377 1798 5189
f 5886 1796 5887
f 4376 1792 5887
f 988 6338 1800
f 1802 6710 5888
f 4269 4380 1724
f 92 5838 5889
f 1805 4379 1801
f 4381 5890 7638
f 5833 6926 5890
f 5892 5888 4382
f 4383 1802 5892
f 997 5199 5893
f 477 1814 7651
f 1812 5897 5894
f 4384 5895 7051
f 1815 7551 5897
f 1816 4386 6904
f 1813 4387 5898
f 5899 4388 5898
f 5206 5900 4395
f 4393 5901 5902
f 4398 1779 5903
f 5901 5904 5905
f 4397 5904 4399
f 4402 5906 5905
f 4404 5907 1012
f 5208 1012 5907
f 5906 5908 5902
f 7552 4409 5909
f 1826 4407 5911
f 1778 4416 7501
f 1774 5874 5910
f 1022 4417 5910
f 1829 4418 5911
f 5913 5914 4423
f 1831 5914 5919
f 5913 5916 5918
f 1836 4433 5917
f 112 4410 5917
f 1031 4434 5909
f 1835 4435 5919
f 4443 7053 1841
f 1849 118 4462
f 5932 5933 4463
f 7876 5933 5931
f 4467 5934 6442
f 5920 5935 7054
f 5241 5935 6443
f 1853 1856 5246
f 1855 1856 5937
f 1859 1858 5462
f 4472 1857 5938
f 5937 1854 5938
f 5896 5939 5456
f 1814 4473 5939
f 488 4475 4476
f 1809 4477 5940
f 1863 4478 5941
f 4481 5942 5433
f 5891 5942 4483
f 490 5941 5943
f 5944 5945 5430
f 4486 5945 4484
f 1867 5948 5946
f 50 5254 5947
f 1870 4488 5948
f 1869 4489 5949
f 1871 4491 5950
f 1395 5951 5446
f 5953 5952 4493
f 5954 5955 5441
f 4500 5955 4499
f 5953 5956 5957
f 4495 5956 4501
f 1878 5958 4504
f 52 5261 5958
f 1876 5959 5957
f 4505 1880 5960
f 5954 5961 4510
f 4509 1884 5962
f 493 5962 5965
f 1887 4511 5965
f 1083 4514 5966
f 1886 4515 5967
f 53 5966 5968
f 494 5970 5969
f 5971 5969 4516
f 4522 5972 4520
f 4521 5973 4524
f 5977 4532 4537
f 4533 5970 4536
f 1898 7056 4540
f 5977 5978 5288
f 4543 1900 5981
f 4545 5982 5980
f 5983 5984 5707
f 4550 5984 4549
f 5724 5991 5983
f 1849 1907 5994
f 7152 7249 1908
f 4577 5996 6447
f 1742 7762 5861
f 5999 5998 4588
f 1914 6000 4587
f 127 1735 1751
f 1915 4591 7524
f 1729 4597 6003
f 497 1917 4601
f 4605 497 1920
f 1925 1926 1923
f 135 1923 1926
f 1924 500 1925
f 1927 132 498
f 500 1924 1927
f 499 1929 134
f 498 134 1929
f 1927 1929 500
f 1928 500 1929
f 1930 133 2021
f 500 1928 1925
f 1930 1925 1928
f 501 1931 140
f 1932 140 1931
f 141 1933 1935
f 1936 1935 1933
f 1936 1934 1931
f 504 1931 1934
f 503 1938 138
f 1938 503 1937
f 1934 1937 504
f 503 1939 1937
f 1939 504 1937
f 141 1940 6034
f 1942 6034 1940
f 1945 142 1943
f 1942 1943 1941
f 1944 1941 1943
f 1946 1947 137
f 137 505 1946
f 1941 1944 1946
f 1948 505 136
f 136 2039 1948
f 1946 1948 1941
f 508 1997 1949
f 1949 503 138
f 138 1950 1949
f 6454 1951 139
f 1995 508 1953
f 1951 1953 508
f 1956 1952 1955
f 1954 509 1955
f 1957 1954 6454
f 1951 6454 1954
f 1954 1957 509
f 1958 136 505
f 509 1957 505
f 505 137 2003
f 505 2003 509
f 1955 509 2003
f 140 1959 1960
f 511 501 1960
f 143 1961 1962
f 1963 1962 1961
f 511 1960 1963
f 1964 142 511
f 1945 511 142
f 141 1935 1940
f 501 511 1940
f 6004 6005 6006
f 4606 4608 6005
f 1765 4611 128
f 1760 128 4612
f 6009 4613 6010
f 4617 143 6011
f 6010 6011 6004
f 1971 4617 6011
f 510 4618 1964
f 4617 1976 143
f 1961 143 1976
f 7687 6012 4620
f 1970 129 4622
f 1975 4623 6013
f 1745 1978 6014
f 1979 4625 6016
f 1983 137 1947
f 1985 1943 7012
f 1985 1984 1980
f 515 1980 6017
f 5999 1913 6018
f 6017 4629 6019
f 5342 6020 61
f 4633 6020 4632
f 4631 6021 4635
f 5339 1988 6452
f 6021 1987 6022
f 1991 7059 6356
f 6030 6023 6024
f 4636 1989 6023
f 4639 6025 7652
f 5350 6025 4641
f 6026 6024 1992
f 4644 6027 4643
f 6026 6028 6029
f 1996 503 1949
f 1949 1997 1996
f 1997 1995 6029
f 1998 1953 1952
f 1952 6253 1998
f 1998 1990 6030
f 2001 1988 5339
f 2001 1999 2000
f 519 2000 1999
f 2002 1210 7059
f 1999 2002 519
f 1952 1956 6253
f 1956 519 2002
f 137 1982 2003
f 2003 2000 519
f 6027 116 1921
f 6007 6032 1919
f 4647 1919 6032
f 2007 2006 6033
f 140 1932 4607
f 2009 1965 1932
f 2009 2008 6031
f 2010 1939 503
f 503 1996 2010
f 6031 2008 2004
f 2010 2004 2008
f 1938 2014 138
f 2013 138 2014
f 2012 2014 2011
f 2017 1933 6453
f 2017 2016 521
f 1926 2019 135
f 2018 135 2019
f 2016 2019 521
f 2020 2021 133
f 2019 2021 2012
f 2024 2023 139
f 523 2022 2024
f 2013 2026 1950
f 523 2024 2026
f 2020 133 2027
f 2025 2027 523
f 522 2028 134
f 499 134 2028
f 2022 523 2028
f 2027 2028 523
f 136 1958 2032
f 2032 2031 136
f 2029 524 2032
f 2030 2032 524
f 139 2023 6454
f 524 2029 7483
f 498 2033 134
f 522 134 2033
f 2034 2035 132
f 498 132 2035
f 2030 524 2035
f 2033 2035 524
f 2038 2015 6453
f 2038 2036 525
f 2031 2039 136
f 2034 132 2040
f 2018 6456 135
f 1923 135 6456
f 2037 525 6456
f 526 4650 6035
f 2045 4649 6037
f 4665 2048 6038
f 4651 365 6038
f 2049 4652 94
f 1816 5772 2051
f 2050 2051 6457
f 4652 6457 2051
f 145 2052 2046
f 2054 2046 2052
f 2054 2053 4652
f 2053 2057 6457
f 2055 6457 2057
f 62 1819 2058
f 6457 2055 2050
f 2058 2050 2055
f 4653 6458 7156
f 5356 77 7156
f 2066 2065 4654
f 528 2063 2064
f 2066 2064 2063
f 1356 6362 6040
f 2067 4656 6040
f 7157 2071 6041
f 6042 6048 2044
f 4658 2074 6043
f 95 5407 6044
f 6043 2072 4659
f 6045 6046 6047
f 2076 4662 6046
f 2048 2079 145
f 2052 145 2079
f 531 6047 4666
f 6048 6049 6036
f 4669 4670 6049
f 5367 6051 7060
f 4677 4674 6050
f 4683 7061 4681
f 4685 6053 2085
f 6054 6053 4682
f 6042 4687 6048
f 6054 6055 6056
f 2065 4691 144
f 2087 6057 6056
f 6059 532 6057
f 2091 6058 1295
f 5377 1295 6058
f 4693 6059 4696
f 7014 2092 533
f 2094 2095 146
f 2098 2096 6060
f 4699 6061 5535
f 4700 6062 6971
f 4705 6063 1409
f 6062 6064 6065
f 2101 6064 6972
f 4707 6066 6067
f 5461 6066 4709
f 4708 6068 6065
f 2102 6068 2103
f 147 2093 2104
f 2105 2104 2093
f 2105 2097 6069
f 2111 2094 2109
f 2111 2110 6071
f 6071 6073 6074
f 6074 6075 6077
f 2114 2113 6075
f 6061 6076 5638
f 4715 1559 6076
f 2115 2107 6077
f 81 1324 4717
f 4716 2116 6078
f 4718 2119 6079
f 6601 66 6079
f 2116 2119 6735
f 104 6072 6080
f 2121 4719 6080
f 6735 2118 7159
f 4721 6081 6082
f 6078 537 6082
f 2127 1334 2125
f 82 2125 1334
f 2141 147 2129
f 2129 7063 2126
f 4724 6067 6084
f 1858 4723 6084
f 2095 147 2130
f 2141 2130 147
f 2131 2133 2130
f 2133 2131 2136
f 148 2136 2131
f 146 2095 2132
f 2132 2130 2133
f 146 2132 2122
f 2135 2122 2132
f 540 2134 2133
f 2135 2133 2134
f 2133 2136 540
f 2137 2138 2144
f 540 2136 2137
f 2137 1343 540
f 2134 540 6085
f 1345 2140 82
f 2125 82 2140
f 83 541 1348
f 2140 1348 541
f 2140 148 2139
f 2131 2139 148
f 2141 2139 2131
f 2142 2136 148
f 2138 2136 2142
f 1349 2143 83
f 541 83 2143
f 2142 2143 2138
f 6737 2145 543
f 544 7709 2275
f 543 2147 547
f 549 2148 2150
f 2148 551 2149
f 2150 2149 151
f 548 2151 2152
f 2151 151 2149
f 2152 2149 551
f 550 551 2154
f 2153 2154 551
f 546 150 7753
f 2156 2155 553
f 544 6461 7709
f 151 2157 2150
f 2157 552 2158
f 2150 2158 549
f 2159 2158 552
f 556 555 2173
f 153 2161 2163
f 2161 558 2162
f 2163 2162 557
f 560 2164 2165
f 2164 557 2162
f 2165 2162 558
f 560 2166 559
f 561 2167 564
f 2168 564 2167
f 562 2168 7064
f 563 2169 2171
f 2169 564 2170
f 2171 2170 153
f 558 2161 2172
f 2161 153 2170
f 2172 2170 564
f 566 2173 555
f 2173 566 6262
f 1247 6852 7064
f 566 2175 565
f 2174 565 2175
f 2180 2177 6741
f 2184 571 6973
f 2183 572 6973
f 2184 6973 156
f 570 2185 2186
f 2185 156 6973
f 2186 6973 572
f 2179 7258 7259
f 157 2190 2191
f 2190 574 2191
f 576 573 2192
f 2192 2191 574
f 156 2193 2184
f 2193 575 2194
f 2184 2194 571
f 576 2195 2196
f 2195 571 2194
f 2196 2194 575
f 158 2182 6464
f 2182 568 6464
f 579 2198 2199
f 578 2200 2202
f 2200 579 2201
f 2202 2201 157
f 574 2190 2203
f 2190 157 2201
f 2203 2201 579
f 2204 580 160
f 583 2205 2207
f 2207 2206 162
f 582 2208 2209
f 2208 162 2206
f 157 584 2202
f 2202 2210 578
f 2210 586 578
f 2212 2211 585
f 586 4752 2212
f 2211 2212 581
f 587 2213 2215
f 2213 588 2214
f 2215 2214 161
f 3235 3233 2216
f 3233 161 2214
f 2216 2214 588
f 573 2217 2191
f 2217 588 2218
f 2191 2218 157
f 584 157 2218
f 2219 2218 588
f 162 2208 2221
f 2208 582 2220
f 2221 2220 589
f 591 2222 2223
f 2222 589 2220
f 2223 2220 582
f 161 2224 2215
f 2224 590 2225
f 2215 2225 587
f 591 2226 2227
f 2226 587 2225
f 2227 2225 590
f 2228 594 2229
f 2230 2229 164
f 592 2231 2232
f 2231 164 2229
f 2232 2229 594
f 6465 2233 6087
f 2236 596 2237
f 598 595 2238
f 2238 2237 596
f 164 597 2230
f 2230 598 2239
f 2239 2228 2230
f 165 2240 6088
f 2240 599 2241
f 3204 165 6088
f 4772 2241 599
f 600 2242 2243
f 2242 601 2243
f 596 2236 2244
f 2244 2243 601
f 593 2245 6974
f 2248 604 2249
f 3202 2249 165
f 599 2240 2250
f 2240 165 2249
f 2250 2249 604
f 2251 605 6466
f 2254 6090 6468
f 7165 2257 7469
f 2257 608 2258
f 7470 7469 167
f 607 2259 2260
f 2259 167 2258
f 2260 2258 608
f 2197 2261 158
f 2251 158 2261
f 2262 2261 608
f 167 2267 7470
f 7470 610 2268
f 611 7766 2268
f 613 2274 2276
f 2274 615 7069
f 2276 2275 7709
f 7750 2277 2279
f 2277 615 2278
f 2279 2278 171
f 614 2280 2281
f 2280 171 2278
f 2281 2278 615
f 2282 616 2283
f 617 2284 2285
f 2285 2283 616
f 617 2286 2288
f 2286 613 2276
f 2288 2287 7468
f 7709 2287 2276
f 2276 2287 2286
f 619 2289 2291
f 2289 620 2290
f 2291 2290 170
f 618 2292 2293
f 2292 170 2290
f 2293 2290 620
f 2294 620 2295
f 616 2282 2296
f 2296 2295 620
f 171 2280 2298
f 2280 614 2297
f 2298 2297 621
f 623 2299 2300
f 2299 621 2297
f 2300 2297 614
f 170 2301 2291
f 2301 622 2302
f 2291 2302 619
f 623 2303 2304
f 2303 619 2302
f 2304 2302 622
f 173 2305 2307
f 2305 625 2306
f 2307 2306 624
f 628 2308 2309
f 2308 624 2306
f 2309 2306 625
f 626 2310 2312
f 2310 175 2311
f 2312 2311 628
f 627 2313 2314
f 2313 628 2311
f 2314 2311 175
f 629 2315 2317
f 2315 631 2316
f 2317 2316 170
f 622 2301 2318
f 2301 170 2316
f 2318 2316 631
f 630 2319 2321
f 2319 631 2320
f 2321 2320 173
f 625 2305 2322
f 2305 173 2320
f 2322 2320 631
f 634 2323 2325
f 2323 632 2324
f 2325 2324 633
f 174 2324 632
f 2324 174 2333
f 170 2292 2317
f 2292 618 2326
f 2317 2326 629
f 634 2327 2328
f 2327 629 2326
f 2328 2326 618
f 636 2329 2331
f 2329 635 2330
f 2331 2330 626
f 175 2310 2332
f 2310 626 2330
f 2332 2330 635
f 633 2333 2334
f 2334 2333 636
f 7691 2335 2336
f 2335 636 2333
f 2336 2333 174
f 177 2337 2338
f 2337 638 2340
f 640 2339 7070
f 2336 2342 7691
f 642 2343 7790
f 2337 177 2344
f 641 2345 2346
f 2345 642 2344
f 2346 2344 177
f 6091 6473 2342
f 7692 585 160
f 7692 2341 644
f 6474 643 2259
f 644 6474 607
f 179 2347 6092
f 164 2231 2351
f 2231 592 2350
f 2351 2350 646
f 647 2352 2353
f 2352 646 2350
f 2353 2350 592
f 649 2354 2356
f 2354 651 2355
f 2356 2355 180
f 648 2357 2358
f 2357 180 2355
f 2358 2355 651
f 2359 651 6475
f 2347 179 2360
f 2362 653 2363
f 2364 2363 652
f 655 2365 2366
f 2365 652 2363
f 2366 2363 653
f 180 2367 2356
f 2367 654 2368
f 2356 2368 649
f 655 2369 2370
f 2369 649 2368
f 2370 2368 654
f 646 657 2351
f 2351 2371 164
f 597 164 2371
f 656 2372 2374
f 2372 657 2373
f 2374 2373 2362
f 653 2362 2373
f 659 662 2375
f 658 182 2376
f 2376 2375 662
f 660 184 2377
f 661 2378 2379
f 2378 662 2377
f 2379 2377 184
f 2362 2380 2374
f 2380 663 2381
f 2374 2381 656
f 2382 656 2381
f 2383 2381 663
f 182 2384 2375
f 2384 4847 2387
f 2375 2385 659
f 2382 2386 2387
f 2386 659 2385
f 2387 2385 2384
f 665 2388 2390
f 2388 666 2389
f 2390 2389 183
f 664 2391 2392
f 2391 183 2389
f 2392 2389 666
f 652 2393 2364
f 2393 666 2394
f 663 2380 2394
f 2380 2362 2364
f 2394 2364 2393
f 669 2395 2397
f 2395 667 2396
f 2397 2396 660
f 184 660 2396
f 2398 2396 667
f 183 2399 2390
f 2399 668 2400
f 2390 2400 665
f 669 2401 2402
f 2401 665 2400
f 2402 2400 668
f 673 2403 2405
f 2403 670 2404
f 2405 2404 671
f 186 2406 2407
f 2406 671 2404
f 2407 2404 670
f 673 2408 2409
f 2408 672 2409
f 173 2307 2411
f 2307 624 2410
f 2411 2409 672
f 674 2412 2414
f 2412 676 2413
f 2414 2413 183
f 668 2399 2415
f 2399 183 2413
f 2415 2413 676
f 675 2416 2418
f 2416 676 2417
f 2418 2417 186
f 671 2406 2419
f 2406 186 2417
f 2419 2417 676
f 187 2420 2422
f 2420 678 2421
f 2422 2421 677
f 679 2423 2424
f 2423 677 2421
f 2424 2421 678
f 183 2391 2414
f 2391 664 2425
f 2414 2425 674
f 679 2426 2427
f 2426 674 2425
f 2427 2425 664
f 681 2428 2430
f 2428 630 2429
f 2430 2429 672
f 173 2411 2321
f 2411 672 2429
f 2321 2429 630
f 680 2431 2433
f 2431 681 2432
f 2433 2432 187
f 678 2420 2434
f 2420 187 2432
f 2434 2432 681
f 2279 2436 7750
f 684 2436 2437
f 2437 2436 2435
f 2454 6476 683
f 7161 684 6093
f 187 2439 2433
f 2439 685 2440
f 2433 2440 680
f 686 2441 2442
f 2441 680 2440
f 2442 2440 685
f 621 2443 2298
f 2443 686 2444
f 2298 2444 171
f 2435 7843 2444
f 682 2444 686
f 687 2445 2447
f 2445 688 2446
f 2447 2446 180
f 654 2367 2448
f 2367 180 2446
f 2448 2446 688
f 677 2449 2422
f 2449 688 2450
f 2422 2450 187
f 685 2439 2451
f 2439 187 2450
f 2451 2450 688
f 7870 2452 2453
f 2452 559 2453
f 2454 2453 6476
f 2453 6477 6476
f 180 2357 2447
f 2357 648 2455
f 2447 2455 687
f 7870 2456 2457
f 2456 687 2455
f 2457 2455 648
f 6975 7073 189
f 690 2459 2460
f 2461 2460 2459
f 2462 2459 691
f 190 2463 2464
f 2463 190 693
f 695 2463 4883
f 2463 695 692
f 2465 695 689
f 2465 6975 189
f 696 191 2467
f 4885 2466 2468
f 2466 697 2467
f 2468 2466 191
f 6750 2469 2470
f 2469 6750 697
f 693 2469 2471
f 2469 693 190
f 2460 2461 2472
f 2461 2462 2474
f 2476 2473 2474
f 191 2475 2468
f 2475 699 2477
f 2476 4885 2468
f 2477 2468 2475
f 701 2478 2480
f 2478 704 2479
f 2480 2479 193
f 2481 193 2479
f 700 2479 704
f 704 2482 2483
f 2482 702 2484
f 2483 2484 703
f 195 703 2484
f 191 2485 2475
f 2485 705 2486
f 2475 2486 699
f 707 2487 2488
f 2487 699 2486
f 2488 2486 705
f 193 2489 2480
f 2489 706 2490
f 2480 2490 701
f 707 2490 706
f 2491 707 706
f 709 2492 194
f 708 2493 2494
f 2493 194 2492
f 696 2495 191
f 191 2495 2485
f 705 2485 2496
f 2496 2495 2494
f 2497 710 2498
f 712 2498 702
f 2484 702 2498
f 195 2498 710
f 194 2499 709
f 712 2500 2501
f 2500 709 2499
f 2501 2499 711
f 7018 713 4903
f 7018 2503 200
f 2504 715 716
f 714 2504 2505
f 2504 714 198
f 2506 716 2507
f 2508 2507 197
f 2507 2502 197
f 2509 720 717
f 199 2509 3100
f 2509 199 718
f 198 2510 2504
f 2510 198 719
f 2510 720 715
f 2511 2503 722
f 2512 718 199
f 2513 724 2514
f 2515 2514 195
f 703 195 2514
f 2516 2514 724
f 2517 724 2518
f 2519 2518 203
f 723 2520 2521
f 2520 203 2518
f 2521 2518 724
f 2522 202 726
f 2522 727 725
f 195 710 2515
f 2523 2513 2515
f 2524 2515 710
f 6976 7485 729
f 2525 728 729
f 2525 726 202
f 203 2520 2526
f 2520 723 2528
f 2526 2528 730
f 2527 730 2528
f 2529 198 714
f 2527 2530 2531
f 2531 2529 714
f 175 2532 2314
f 2532 731 2533
f 2314 2533 627
f 734 2534 2535
f 2534 627 2533
f 2535 2533 731
f 206 2536 2538
f 2536 733 2537
f 2538 2537 732
f 734 2539 2540
f 2539 732 2537
f 2540 2537 733
f 736 2541 2543
f 2541 737 2542
f 2543 2542 205
f 735 2544 2545
f 2544 205 2542
f 2545 2542 737
f 635 2546 2332
f 2546 737 2547
f 2332 2547 175
f 731 2532 2548
f 2532 175 2547
f 2548 2547 737
f 740 2549 2551
f 2549 706 2550
f 2551 2550 738
f 193 2552 2489
f 2552 738 2550
f 2489 2550 706
f 205 2553 2543
f 2553 739 2554
f 2543 2554 736
f 740 2555 2556
f 2555 736 2554
f 2556 2554 739
f 732 2557 2538
f 2557 742 2558
f 2538 2558 206
f 741 2559 2560
f 2559 206 2558
f 2560 2558 742
f 738 2552 2562
f 2552 193 2561
f 2562 2561 742
f 700 2563 2481
f 2563 742 2561
f 2481 2561 193
f 744 2564 2566
f 2564 746 2565
f 2566 2565 208
f 743 2567 2568
f 2567 208 2565
f 2568 2565 746
f 667 2569 2398
f 2569 746 2570
f 2398 2570 2571
f 745 2571 2572
f 2571 184 2398
f 2572 2570 746
f 748 2573 2574
f 2573 2506 2508
f 2574 2508 2578
f 197 2578 2508
f 208 2575 2566
f 2575 747 2576
f 2566 2576 744
f 748 4941 2576
f 4941 744 2576
f 2577 2576 747
f 2379 2571 2579
f 2571 745 2579
f 2379 2579 661
f 2581 661 2580
f 2580 2579 745
f 2581 749 2582
f 2583 6479 2585
f 589 2586 2221
f 2586 751 2587
f 2221 2587 162
f 2588 162 2587
f 2589 750 751
f 2590 6273 189
f 2590 7504 6480
f 6094 6481 2591
f 756 2592 2593
f 2593 2592 2594
f 2592 757 2594
f 189 2595 2590
f 2595 189 7073
f 757 7710 4950
f 162 2588 2207
f 2588 750 2596
f 2207 2596 583
f 759 2597 2598
f 2597 583 2596
f 2598 2596 750
f 759 2599 2601
f 2599 756 2600
f 2601 2600 758
f 7803 2602 2593
f 2602 758 2600
f 2593 2600 756
f 760 2603 2605
f 2603 762 2604
f 2605 2604 208
f 747 2575 2606
f 2575 208 2604
f 2606 2604 762
f 730 2607 2526
f 2607 762 2608
f 2526 2608 203
f 761 2609 2610
f 2609 203 2608
f 2610 2608 762
f 186 2611 2418
f 2611 763 2612
f 2418 2612 675
f 764 2613 2614
f 2613 675 2612
f 2614 2612 763
f 208 2567 2605
f 2567 743 2615
f 2605 2615 760
f 764 2616 2617
f 2616 760 2615
f 2617 2615 743
f 765 2618 2620
f 2618 766 2619
f 2620 2619 206
f 733 2536 2621
f 2536 206 2619
f 2621 2619 766
f 670 2622 2407
f 2622 766 2623
f 2407 2623 186
f 763 2611 2624
f 2611 186 2623
f 2624 2623 766
f 203 2609 2519
f 2609 761 2625
f 2519 2625 2626
f 767 2626 2627
f 2626 2517 2519
f 2627 2625 761
f 206 2559 2620
f 2559 741 2628
f 2620 2628 765
f 767 2629 2630
f 2629 765 2628
f 2630 2628 741
f 177 2631 2346
f 2631 768 2632
f 2346 2632 641
f 770 2633 2634
f 2633 641 2632
f 2634 2632 768
f 205 2544 2636
f 2544 735 2635
f 2636 2635 769
f 770 2637 2638
f 2637 769 2635
f 2638 2635 735
f 2639 772 2640
f 771 2640 7803
f 758 2602 2641
f 2602 7803 2640
f 2641 2640 772
f 637 2642 2338
f 2642 772 2643
f 2338 2643 177
f 768 2631 2644
f 2631 177 2643
f 2644 2643 772
f 2460 2645 690
f 774 2646 2647
f 2646 690 2645
f 2647 2645 773
f 774 2648 2594
f 769 2649 2636
f 2649 775 2650
f 2636 2650 205
f 739 2553 2651
f 2553 205 2650
f 2651 2650 775
f 698 2652 2472
f 773 2645 2653
f 2645 2460 2653
f 773 2653 775
f 2654 6274 2661
f 7388 211 6479
f 779 2657 2659
f 2657 216 2658
f 2659 2658 782
f 780 2658 216
f 2658 780 4981
f 781 6482 215
f 2661 7643 2654
f 786 2662 784
f 217 2662 783
f 216 2663 780
f 2664 780 2663
f 786 2664 785
f 777 2666 7767
f 2666 777 2665
f 753 6481 7811
f 7767 7811 6481
f 2667 7811 784
f 787 2667 217
f 7596 788 6484
f 6095 6484 6483
f 6485 2672 779
f 216 2657 2673
f 2657 779 2672
f 789 2672 2671
f 6486 2675 6488
f 6487 2677 6096
f 6096 2675 792
f 6483 2668 6097
f 2668 219 6490
f 6097 6490 6489
f 2683 794 6098
f 6099 2684 2685
f 2686 790 6099
f 6494 2685 6493
f 789 2688 2673
f 2688 797 2689
f 2673 2689 216
f 785 2689 797
f 2689 785 2663
f 794 2690 797
f 799 2692 2694
f 2692 801 2693
f 2694 2693 222
f 798 2695 7623
f 2695 222 2693
f 2669 2696 219
f 800 2697 2698
f 2697 219 2696
f 2698 2696 801
f 223 2699 2700
f 2699 803 2701
f 804 802 2700
f 222 2702 2694
f 2702 3258 2703
f 2694 2703 799
f 804 2704 5000
f 2704 799 2703
f 5000 2703 3258
f 7506 2705 2707
f 2705 807 2706
f 2707 2706 224
f 805 2708 2709
f 2708 224 2706
f 2709 2706 807
f 806 2710 2712
f 2710 807 2711
f 2712 2711 223
f 803 2699 2713
f 2699 223 2711
f 2713 2711 807
f 219 2697 2680
f 2697 800 2714
f 2680 2714 791
f 2715 6496 2714
f 224 2717 2707
f 2717 808 2718
f 2707 2718 7506
f 809 2719 2720
f 2719 7506 2718
f 2720 2718 808
f 2721 812 2722
f 2723 2722 224
f 808 2717 2724
f 2717 224 2722
f 2724 2722 812
f 2727 228 6498
f 2728 6499 6497
f 815 2730 2731
f 2730 813 2729
f 2731 2729 814
f 224 2708 2723
f 2708 805 2732
f 2723 2732 810
f 815 2733 2734
f 2733 810 2732
f 2734 2732 805
f 2735 2738 2736
f 227 2736 816
f 2737 816 2736
f 5019 2739 2737
f 6499 6768 6500
f 2743 819 7507
f 2745 2744 227
f 2738 2735 2746
f 2735 227 2744
f 2751 2748 6501
f 2754 7078 2753
f 6285 825 6502
f 2757 230 2756
f 6117 824 6503
f 2762 826 2761
f 7613 2761 6504
f 230 2763 2756
f 2763 827 2764
f 2756 2764 7079
f 828 2765 2766
f 2765 7079 2764
f 2766 2764 827
f 2768 7261 2769
f 832 2774 2776
f 2776 2775 233
f 831 2777 2778
f 2777 233 2775
f 2778 2775 2774
f 835 2779 2781
f 2779 833 2780
f 2781 2780 834
f 2782 834 2780
f 2783 2780 833
f 837 2784 2786
f 2784 839 2785
f 2786 2785 234
f 836 2787 2788
f 2787 234 2785
f 2788 2785 839
f 2789 838 2790
f 839 2791 2792
f 2791 832 2776
f 2792 2790 838
f 2793 841 2794
f 235 2794 840
f 842 2795 2796
f 2795 840 2794
f 2796 2794 841
f 234 2797 2786
f 2797 5047 2800
f 2786 2798 837
f 842 2799 2800
f 2799 837 2798
f 2782 2783 2802
f 2783 833 2801
f 2802 2801 843
f 845 2803 2804
f 2803 843 2801
f 2804 2801 833
f 841 2793 2806
f 2793 235 2807
f 2806 2805 845
f 844 2805 2807
f 2807 2805 2793
f 6776 2811 6101
f 6101 6507 7866
f 2782 2821 834
f 851 2822 2823
f 2822 834 2821
f 2823 2821 2820
f 851 2826 2825
f 2827 2825 6521
f 2831 2829 6509
f 2782 2802 6978
f 2802 843 2832
f 6509 2833 2834
f 2833 7572 2820
f 2834 2832 843
f 2835 857 2836
f 2837 2836 238
f 853 2838 2839
f 2838 238 2836
f 2839 2836 857
f 2845 2844 6511
f 238 2848 2837
f 2848 860 2849
f 2837 2849 854
f 2851 2849 860
f 861 2852 2854
f 2852 863 2853
f 2854 2853 234
f 5047 2797 2855
f 2797 234 2853
f 2855 2853 863
f 2856 862 2859
f 2846 2857 6511
f 863 2858 2859
f 2858 859 2857
f 2859 2857 2856
f 6519 7558 6981
f 6107 6981 2860
f 6107 2860 864
f 865 2861 2862
f 2861 864 2860
f 234 2787 2854
f 2787 836 7624
f 2854 7624 861
f 865 861 7624
f 2863 7624 836
f 866 2864 2866
f 2864 868 2865
f 2866 2865 7262
f 2867 2865 868
f 557 2868 2163
f 2868 868 2869
f 2163 2869 153
f 867 2870 2871
f 2870 153 2869
f 2871 2869 868
f 235 2872 2807
f 2872 869 2873
f 2807 2873 844
f 870 2874 2875
f 2874 844 2873
f 2875 2873 869
f 7262 2830 2866
f 2830 852 2876
f 2866 2876 866
f 870 2877 2878
f 2877 866 2876
f 2878 2876 852
f 2846 2879 2856
f 2879 871 2880
f 2856 2880 2881
f 872 2881 2882
f 2881 862 2856
f 2882 2880 871
f 869 2872 2884
f 2884 2883 872
f 840 2883 235
f 235 2883 2872
f 153 2870 2171
f 2870 867 2885
f 2171 2885 563
f 2886 563 2885
f 2887 2885 867
f 2888 7813 6512
f 858 7472 2847
f 6510 7558 6103
f 2891 6104 6516
f 2891 6105 6517
f 877 2892 6106
f 2789 233 7473
f 2893 6106 7083
f 864 2895 6107
f 2895 7083 2894
f 2824 2897 6521
f 2899 2897 6520
f 233 2777 7473
f 2777 831 2900
f 2901 877 878
f 6518 6516 6109
f 2903 6109 6522
f 2904 6110 6524
f 2906 6112 6527
f 2906 6113 6528
f 2909 6537 6115
f 6117 6100 6121
f 2914 6118 6532
f 2915 882 6533
f 2916 2914 6532
f 6121 2917 7084
f 2919 2917 2750
f 2909 6530 6122
f 2922 6798 6123
f 2923 6124 7391
f 6125 2928 6543
f 6542 2929 6126
f 6126 2928 6541
f 6544 2931 6127
f 6127 2932 6546
f 2935 2932 6545
f 6547 2937 6549
f 6539 2926 6128
f 6540 241 6549
f 6128 2937 6548
f 6550 2940 6552
f 6541 2927 7770
f 2927 155 6552
f 6129 2940 6551
f 892 2944 6130
f 6130 2943 6553
f 2938 2945 7559
f 6131 2945 6534
f 7582 2949 7086
f 2950 2949 6554
f 6132 2951 6555
f 2953 7088 2954
f 151 2151 2958
f 2151 548 2957
f 2958 2957 895
f 896 2959 2960
f 2959 895 2957
f 2960 2957 548
f 897 2961 2963
f 2961 7533 2962
f 2963 2962 230
f 827 2763 2964
f 2763 230 2962
f 2964 2962 7533
f 6560 2965 2966
f 2967 7266 2965
f 2916 2968 7788
f 899 2969 2970
f 2969 7788 2968
f 898 2968 7393
f 230 2757 2963
f 2757 823 2971
f 2963 2971 897
f 899 2972 2973
f 2972 897 2971
f 2973 2971 823
f 895 2974 2958
f 2974 900 2975
f 2958 2975 151
f 552 2157 2976
f 2157 151 2975
f 2976 2975 900
f 6526 6528 6133
f 240 6526 6556
f 2978 6134 6556
f 6546 2934 6135
f 2934 243 6558
f 6135 6558 6557
f 902 2982 2984
f 2982 903 2983
f 2984 2983 247
f 901 2985 2986
f 2985 247 2983
f 2986 2983 903
f 2773 2987 2988
f 2980 2989 6559
f 2966 6983 6560
f 247 2985 2997
f 2985 901 2996
f 2997 2996 906
f 2998 906 2996
f 2999 2996 901
f 909 6818 7187
f 6136 3002 6561
f 3004 3002 3001
f 6137 3006 6563
f 6562 3007 6138
f 3008 3006 7272
f 912 3009 3010
f 3010 6139 914
f 909 6136 6140
f 6136 6561 6565
f 3011 914 6140
f 3014 6566 3013
f 248 3015 6142
f 6568 3017 6143
f 6493 2684 6144
f 6492 220 6143
f 6144 3018 6569
f 3014 6571 6145
f 6141 249 6146
f 6570 6327 6146
f 6563 3007 6147
f 6147 3022 6573
f 6572 3023 6148
f 6148 3022 6562
f 6488 2677 6149
f 6149 3024 6574
f 6150 3024 6487
f 3026 921 924
f 920 250 3027
f 3027 3026 924
f 923 3028 6151
f 3028 924 6151
f 251 926 3030
f 927 925 3030
f 250 3031 3026
f 3031 5155 3032
f 3026 3032 921
f 927 921 3032
f 252 3033 928
f 3034 928 3033
f 931 3034 929
f 931 3036 930
f 3036 931 3035
f 251 3036 926
f 934 6161 6335
f 933 3038 252
f 3038 933 3037
f 929 3038 934
f 3038 929 3033
f 935 3039 248
f 917 3015 936
f 3039 936 3015
f 3040 251 3030
f 251 3040 936
f 3041 251 936
f 939 3042 912
f 248 3009 935
f 3042 935 3009
f 940 3043 3044
f 3044 3043 256
f 5162 3043 938
f 3043 5162 256
f 251 3041 3036
f 3041 5160 3045
f 3036 3045 930
f 943 3045 5160
f 256 3046 3044
f 3046 942 3047
f 3044 3047 940
f 943 3047 942
f 3047 943 5159
f 945 3048 3050
f 3048 947 3049
f 3050 3049 258
f 944 3049 947
f 3049 944 3051
f 946 3052 947
f 5162 3053 256
f 3053 947 3052
f 259 3054 948
f 951 3054 3055
f 3054 951 948
f 3050 950 945
f 252 3056 933
f 953 3056 5166
f 3056 953 3057
f 3058 949 259
f 952 3058 259
f 256 3052 3046
f 3052 946 3059
f 3046 3059 942
f 954 3060 3059
f 3060 942 3059
f 3061 3059 946
f 954 3062 3063
f 3062 3056 3063
f 3060 3063 928
f 252 3063 3056
f 3063 252 928
f 261 3064 3065
f 3065 3064 3066
f 958 3066 3067
f 3066 955 3065
f 3067 3064 956
f 262 3068 3069
f 3070 3069 3068
f 958 3068 957
f 3073 960 3072
f 3071 962 3072
f 3073 3072 3080
f 959 3074 3075
f 3074 3080 3072
f 3075 3072 962
f 3076 962 3077
f 961 3077 261
f 956 3064 3077
f 3064 261 3077
f 3071 3077 962
f 190 963 2470
f 3081 3078 3079
f 3078 6750 2470
f 3079 2470 963
f 3080 3082 3073
f 3082 3081 3073
f 3084 262 3069
f 3084 3083 964
f 692 964 2464
f 963 190 2464
f 3085 2464 964
f 3086 7026 965
f 3086 264 966
f 3087 7682 7772
f 3088 969 7095
f 3089 966 264
f 3089 970 971
f 3090 6575 972
f 3090 974 728
f 3091 974 7191
f 3091 265 973
f 3092 967 976
f 3092 975 7098
f 7826 7192 968
f 3096 981 983
f 980 3096 5188
f 3096 980 268
f 3097 986 7720
f 3097 199 984
f 268 3098 3096
f 3098 268 985
f 3098 986 981
f 3099 973 265
f 979 3099 3095
f 3099 979 987
f 3100 717 987
f 984 3100 5193
f 3100 984 199
f 270 3101 988
f 6576 991 3102
f 6344 6576 3102
f 6576 6344 271
f 3103 7193 270
f 3103 5194 3102
f 994 902 3104
f 247 992 2984
f 3104 2984 992
f 3105 994 991
f 271 993 6576
f 996 6339 272
f 992 247 3106
f 906 6339 2997
f 3106 2997 996
f 999 3108 997
f 274 3109 62
f 5201 3109 1001
f 5201 7487 5899
f 1002 3110 238
f 860 2848 1004
f 3110 1004 2848
f 3111 1004 3109
f 1000 3108 1005
f 1006 5204 999
f 3108 999 5204
f 238 2838 1002
f 3112 1002 2838
f 1006 3112 853
f 1010 3113 3115
f 3113 1007 3114
f 3115 3114 1008
f 276 3116 4394
f 3116 1008 3114
f 4394 3114 1007
f 3080 3074 3118
f 3074 959 3117
f 1010 1009 3117
f 3119 3117 959
f 1011 3120 3122
f 3120 1013 3121
f 3122 3121 7772
f 1008 3116 3123
f 3116 276 3124
f 3123 3124 1013
f 1012 1013 3124
f 194 3125 2499
f 3125 194 1014
f 1015 3125 3126
f 3125 1015 711
f 3127 1015 1011
f 3117 1009 3118
f 3128 7511 3129
f 3082 3080 3129
f 3129 3118 3128
f 3130 2493 7511
f 3130 1014 194
f 1016 278 1017
f 1020 1016 1017
f 1018 279 1019
f 1020 1018 1019
f 1021 3131 262
f 3131 1021 1023
f 957 3131 6577
f 3131 957 3068
f 1022 3132 278
f 1017 3132 1023
f 217 3133 787
f 1025 3134 1024
f 3133 1024 3134
f 262 3135 1021
f 3135 262 3084
f 1025 1021 3135
f 3137 1027 1026
f 1018 3137 279
f 783 1027 217
f 1024 3133 1027
f 1029 3138 3140
f 3138 3142 3139
f 281 3141 3139
f 3143 3307 6578
f 1030 3146 279
f 1019 3146 1032
f 1028 3141 1032
f 1031 3141 281
f 3141 1031 1032
f 221 3147 6495
f 3147 221 3153
f 7631 3147 1033
f 3147 7631 6340
f 7631 3148 1026
f 279 3148 1030
f 3148 279 1026
f 1034 3150 3151
f 3150 7858 7288
f 3151 3149 6579
f 3152 1034 3153
f 793 3153 221
f 1033 3153 3154
f 3154 3153 1034
f 7100 5227 7102
f 1037 3161 6984
f 3161 1039 6984
f 3163 3162 283
f 1036 3164 3165
f 3164 283 3162
f 3165 3162 1039
f 3167 1039 3166
f 283 3170 3163
f 3170 5233 3171
f 3163 3171 1037
f 3172 1037 3171
f 3173 3171 5233
f 7751 3178 7693
f 3169 284 3178
f 3179 3178 3177
f 1049 7281 3184
f 7844 1050 7888
f 3192 1052 3193
f 3183 3193 286
f 1051 3193 1052
f 3193 1051 3194
f 227 816 3195
f 7844 3195 1050
f 1052 3196 5244
f 3196 1050 3195
f 5244 3195 816
f 1053 3197 3198
f 3197 288 3198
f 3199 289 3200
f 1053 3199 3200
f 1055 3201 5248
f 3202 165 1056
f 5248 3201 6584
f 1005 3201 1000
f 3201 1005 5249
f 3203 1057 289
f 3204 1056 165
f 1059 3205 291
f 1058 3205 1061
f 1060 3206 1061
f 3208 1062 7845
f 1064 3208 1063
f 1064 3209 6835
f 291 3209 1059
f 1065 3210 156
f 575 2193 3211
f 2193 156 3210
f 3211 3210 1067
f 1063 3207 1067
f 3212 1067 3207
f 1068 3214 1060
f 3214 1068 3213
f 271 3214 993
f 3214 271 3206
f 156 2185 1065
f 2185 570 3215
f 1068 3216 3217
f 3216 1065 3215
f 3217 3215 570
f 293 1070 6345
f 294 3220 3222
f 3220 3223 3221
f 3222 3221 1071
f 1073 3221 3223
f 1073 3225 1072
f 3225 1073 3224
f 293 6586 1070
f 1074 3226 161
f 590 2224 3227
f 2224 161 3226
f 3227 3226 1076
f 1075 3228 3230
f 3228 1076 3229
f 3223 3220 3231
f 3220 294 3230
f 3231 3229 1076
f 3232 1066 3218
f 161 3233 1074
f 1077 3234 3235
f 3234 1074 3233
f 1079 3236 3237
f 3236 1078 3237
f 1071 3238 3222
f 3222 3238 294
f 5269 3238 3236
f 1082 3239 296
f 1081 3239 1084
f 3237 1083 1084
f 1079 3237 1084
f 215 3240 781
f 1087 3240 1085
f 1087 3241 1086
f 296 3241 1082
f 294 1080 3242
f 3230 3242 1075
f 1088 1075 3242
f 1088 3243 3244
f 3243 1088 1085
f 215 3243 3240
f 3243 215 6274
f 298 3245 1089
f 1092 3245 1090
f 3245 1092 3246
f 296 3247 1091
f 3247 296 3239
f 1092 3247 1081
f 299 3248 3250
f 3248 5282 3249
f 3250 3249 1093
f 1095 3251 3252
f 3251 1093 3249
f 3252 3249 5282
f 5279 1095 3253
f 1094 3253 298
f 1090 3245 3254
f 3245 298 3253
f 3254 3253 1095
f 1096 3255 3257
f 3255 1098 3256
f 3257 3256 222
f 2702 222 3256
f 3258 3256 1098
f 1097 5283 3260
f 5283 1098 3259
f 3260 3259 299
f 5282 3248 3261
f 3248 299 3259
f 3261 3259 1098
f 1091 3262 296
f 3262 1091 1099
f 1086 3241 3263
f 3241 296 3262
f 3263 3262 1099
f 222 2695 3257
f 2695 798 3264
f 3257 3264 1096
f 1099 1096 3265
f 3265 3264 798
f 1093 3270 3250
f 3270 1103 7474
f 3250 7474 299
f 1102 3271 7474
f 3271 299 7474
f 3272 7474 1103
f 3274 3273 6587
f 3279 1105 3278
f 7536 3280 3282
f 3280 1107 3281
f 3282 3281 223
f 806 2712 3283
f 2712 223 3281
f 3283 3281 1107
f 1106 3284 6154
f 6154 3285 6591
f 3286 3285 3284
f 299 3271 3260
f 3271 1102 3287
f 3260 3287 1097
f 1108 1097 3287
f 223 2700 6986
f 2700 802 6986
f 3282 6986 3288
f 1108 3288 3289
f 3288 7536 3282
f 3289 6986 802
f 3294 6591 6588
f 3295 7283 3296
f 1112 6987 286
f 3182 286 6987
f 7513 6153 6589
f 1115 3300 3301
f 3300 817 3299
f 3301 3299 1114
f 286 3194 1112
f 1115 5305 3194
f 3305 3306 6155
f 1114 3299 6155
f 3299 226 6155
f 3307 7285 7404
f 3312 303 7595
f 3316 3320 3317
f 3316 3317 250
f 3318 3031 3317
f 3031 250 3317
f 915 3319 249
f 3319 915 3318
f 7207 7287 6988
f 3314 249 3319
f 302 3321 3323
f 250 920 3326
f 3316 3326 1119
f 1120 3327 3328
f 3327 1119 3326
f 3328 3326 920
f 3312 1117 6989
f 6156 3330 6157
f 6157 3331 3332
f 3321 3331 6594
f 1123 3333 7693
f 908 3334 3003
f 3334 1125 3335
f 3003 3335 6561
f 1124 3336 3337
f 3336 6561 3335
f 3337 3335 1125
f 1127 1128 3338
f 1126 305 3338
f 1040 1128 3339
f 1123 3339 5324
f 3339 1123 284
f 6561 3336 3012
f 3336 1124 3340
f 3012 3340 913
f 1129 3340 1124
f 305 3341 3338
f 3341 305 7476
f 1129 1127 3342
f 3341 3342 1127
f 1166 1168 3345
f 1162 3345 7493
f 1167 3343 324
f 3344 323 7514
f 3344 1170 1169
f 1170 3345 3346
f 3345 1170 1166
f 950 258 3348
f 323 3355 1173
f 258 3051 3347
f 3051 944 1171
f 3347 3051 1171
f 3343 3349 324
f 1176 3349 1177
f 3349 1176 324
f 3350 75 326
f 3351 6354 6158
f 253 6595 7093
f 6595 6596 6597
f 326 6598 3350
f 259 3352 952
f 3352 259 3356
f 1182 3352 6355
f 3352 1182 3353
f 1182 3354 932
f 6596 6161 3354
f 1184 1172 3355
f 3355 323 1183
f 3356 259 948
f 1184 3356 5336
f 3356 1184 6355
f 323 3357 1183
f 3357 323 3344
f 1185 3357 1169
f 3357 1185 5338
f 1191 6162 5340
f 328 1191 1186
f 3359 3358 302
f 1122 3332 3360
f 3332 302 3358
f 3360 3358 1194
f 1193 3361 3363
f 3361 1194 3362
f 3363 3362 329
f 1196 3365 1195
f 3365 1196 3364
f 326 3365 1180
f 3365 326 3368
f 302 3323 3359
f 3323 3367 3366
f 3359 3366 1192
f 1196 5344 3366
f 5344 1192 3366
f 1195 3365 1197
f 75 3368 326
f 1198 7539 1200
f 7759 3370 3372
f 3370 3375 3371
f 3372 3371 283
f 5233 3170 3373
f 3170 283 3371
f 3373 3371 3375
f 3375 332 3374
f 6252 3369 3376
f 3377 3376 1204
f 3381 3378 3379
f 3378 1204 3376
f 3379 3376 3369
f 283 3164 3372
f 3164 1036 3380
f 3372 3380 7759
f 3381 7759 3380
f 3382 3380 1036
f 3383 305 1126
f 3383 1213 1212
f 305 3383 7035
f 324 1176 1218
f 1230 1229 337
f 70 1243 1235
f 1250 2167 561
f 1252 1250 3388
f 1248 3385 1253
f 1255 3385 7825
f 3385 1255 5354
f 1255 3389 1254
f 1258 1257 1249
f 1249 1265 3386
f 1269 6168 5355
f 1272 6168 3390
f 1274 3391 1266
f 1272 6167 5355
f 3392 1274 1271
f 1275 550 5358
f 150 7819 7753
f 1268 3393 3390
f 3394 1276 1277
f 7754 1248 1253
f 1279 7107 1275
f 1279 3395 3425
f 345 1280 3398
f 3396 3398 3397
f 1282 3397 3398
f 1281 6992 1282
f 346 3400 3402
f 3402 3401 1283
f 3403 3401 7874
f 1285 3404 3406
f 3404 1286 3405
f 3406 3405 345
f 1287 3407 1251
f 3407 1287 5370
f 1254 3407 1289
f 3407 1254 3389
f 3408 1289 3409
f 1288 3408 346
f 1284 3400 3409
f 3400 346 3408
f 3410 1264 1281
f 1251 3387 1287
f 3410 3411 1252
f 3387 1252 3411
f 1293 3412 3414
f 3412 1290 3413
f 3414 3413 1291
f 348 3415 3416
f 3415 1291 3413
f 3416 3413 1290
f 346 3402 3418
f 3402 1283 3417
f 3418 3417 1292
f 1293 3419 3420
f 3419 1292 3417
f 3420 3417 1283
f 1294 3421 3426
f 3421 1296 3422
f 3426 3422 342
f 3422 1273 342
f 1291 3415 3423
f 3415 348 3424
f 3423 3424 1296
f 1295 1296 3424
f 3395 7478 3425
f 1297 1279 3425
f 342 1270 3426
f 1297 1294 3427
f 3426 3427 1294
f 1292 3428 3418
f 3428 1298 3429
f 3418 3429 346
f 1288 346 3429
f 1277 3430 3394
f 3430 1277 1298
f 7478 3430 3431
f 3430 7478 1278
f 1303 3432 1304
f 2236 3433 2243
f 2243 3433 600
f 1310 600 3434
f 3434 3433 1308
f 3435 1306 1309
f 1310 3435 3436
f 3436 3435 1309
f 3437 1311 3438
f 4847 2384 3439
f 2384 182 3438
f 3439 3438 1311
f 595 3440 2237
f 3440 1311 3441
f 2237 3441 2236
f 3433 2236 3441
f 1308 3441 1311
f 3442 1313 1312
f 3442 3432 1303
f 182 658 3443
f 3438 3443 3437
f 1313 3444 3445
f 3444 3437 3443
f 3445 3443 658
f 3432 3446 1315
f 1312 3448 7833
f 1318 7036 5392
f 7703 7036 1318
f 1319 3449 6169
f 3449 1319 1320
f 1317 3450 1320
f 3450 1317 7036
f 200 2511 3450
f 5394 6169 1322
f 3452 6854 356
f 3451 3457 6599
f 1324 3451 6599
f 3451 1324 6854
f 5396 3452 1325
f 985 3453 3454
f 3453 985 268
f 7721 3455 3449
f 6855 7721 3454
f 1327 3456 3457
f 3456 1327 6601
f 268 3458 3453
f 3458 268 980
f 3458 1327 6600
f 3459 6993 1328
f 3459 6361 1330
f 1331 6170 352
f 1057 3460 289
f 1333 352 1305
f 1334 358 7479
f 3461 1352 7807
f 3462 7109 1351
f 362 3463 3465
f 3463 1354 3464
f 3465 3464 1353
f 1355 3466 3467
f 3466 1353 3464
f 3467 3464 1354
f 3468 1355 3469
f 3472 1359 3471
f 1357 3472 363
f 1358 3473 3475
f 3473 1359 3474
f 3475 3474 362
f 1354 3463 3476
f 3463 362 3474
f 3476 3474 1359
f 3477 6171 1362
f 3477 1360 364
f 363 3478 1357
f 1362 3478 1361
f 3481 3482 7713
f 3481 364 1360
f 1369 3483 3485
f 3483 1371 3484
f 3485 3484 366
f 1368 3486 3487
f 3486 366 3484
f 3487 3484 1371
f 1370 1371 4651
f 3488 4651 1371
f 367 1364 3489
f 3491 1372 3489
f 5419 3489 1364
f 366 3492 3485
f 3492 1373 3493
f 3485 3493 1369
f 3491 3494 3495
f 3494 1369 3493
f 3495 3493 1373
f 3496 1377 6603
f 1377 3499 6172
f 3500 1376 6604
f 3499 7110 6172
f 1379 3502 3504
f 3502 7760 3503
f 3504 3503 369
f 3505 7814 3503
f 3506 3503 7760
f 368 6995 6605
f 7760 3507 3508
f 3507 1375 6605
f 3508 6605 6995
f 370 3509 3511
f 3509 1382 3510
f 3511 3510 1381
f 1383 3512 3513
f 3512 1381 3510
f 3513 3510 1382
f 369 3514 3504
f 3504 3514 1379
f 1383 3515 3516
f 3515 1379 3514
f 3520 3519 370
f 1382 3509 3521
f 3509 370 3519
f 3521 3519 7815
f 1387 5439 3523
f 5438 3528 3522
f 3523 3522 373
f 1386 3524 3525
f 3524 373 3522
f 3525 3522 3528
f 1389 3526 374
f 1388 3527 3528
f 3527 374 3526
f 4492 3529 3531
f 3529 1391 3530
f 3531 3530 1390
f 1393 3532 3533
f 3532 1390 3530
f 3533 3530 1391
f 373 3534 3523
f 3534 1392 3535
f 3523 3535 1387
f 1393 1387 3536
f 3536 3535 1392
f 5447 1396 3537
f 1394 3537 369
f 3516 3514 3538
f 3514 369 3537
f 3538 3537 1396
f 1395 3539 3541
f 3539 1396 3540
f 3541 3540 4492
f 1391 3529 3542
f 3529 4492 3540
f 3542 3540 1396
f 374 3527 1397
f 1398 3543 7880
f 3527 1388 3543
f 6607 3545 6173
f 3546 6173 6606
f 1402 3547 6174
f 6174 6173 3545
f 1401 3548 3550
f 3548 1402 3549
f 3550 3549 377
f 1400 3551 3552
f 3551 377 3549
f 3552 3549 1402
f 1404 3553 3555
f 3553 1406 3554
f 3555 3554 376
f 1403 3554 7213
f 7213 3554 1406
f 1405 3556 3557
f 3556 1406 3558
f 1407 3559 3561
f 3559 3562 3560
f 376 3563 3555
f 3563 1408 3565
f 3555 3565 1404
f 3562 3564 3565
f 3564 1404 3565
f 377 3551 3567
f 3551 1400 3566
f 1410 3566 1400
f 3561 3568 1407
f 1410 3569 3570
f 3569 1407 3568
f 3570 3568 1409
f 3571 1412 6608
f 3572 7408 7646
f 6175 7646 6608
f 3581 1415 3582
f 3583 3582 1414
f 7453 3582 1415
f 3574 7516 7481
f 3588 1417 7886
f 7217 3589 7117
f 3589 1417 3590
f 1415 3581 7696
f 3581 379 7114
f 3591 3590 1417
f 1419 3592 3593
f 3592 1421 3595
f 3593 3595 3594
f 1418 3594 3595
f 3594 381 3593
f 1420 3596 3597
f 3597 7115 1421
f 382 3598 3600
f 3598 1423 3599
f 3600 3599 1422
f 1425 3601 3602
f 3601 1422 3599
f 3602 3599 1423
f 381 3603 3593
f 3603 1424 3604
f 3593 3604 1419
f 1425 3605 3606
f 3605 1419 3604
f 3606 3604 1424
f 1426 3607 3609
f 3609 3608 7611
f 1427 3611 3613
f 3611 1428 3612
f 3613 3612 382
f 1423 3598 3614
f 3598 382 3612
f 3614 3612 1428
f 1429 3615 3617
f 3615 7827 3616
f 3617 3616 1420
f 7774 3596 3470
f 3596 1420 3616
f 3470 3616 7827
f 7611 3577 7697
f 3577 6177 7881
f 3609 3618 1426
f 1429 3619 3620
f 3619 1426 3618
f 3620 3618 7881
f 1431 3621 3623
f 3621 1434 3622
f 3623 3622 384
f 1430 3624 3625
f 3624 384 3622
f 3625 3622 1434
f 385 3626 3628
f 3626 1433 3627
f 3628 3627 1432
f 1434 3629 3630
f 3629 1432 3627
f 3630 3627 1433
f 1436 3631 3632
f 3631 1438 3632
f 7116 3632 3633
f 1435 3633 3634
f 3634 3632 1438
f 1438 3635 3637
f 3635 1431 3636
f 3637 3636 1437
f 384 3638 3623
f 3638 1437 3636
f 3623 3636 1431
f 382 3639 3613
f 3639 1439 3640
f 3613 3640 1427
f 1441 3641 3642
f 3641 1427 3640
f 3642 3640 1439
f 3643 1436 3644
f 1442 3645 3647
f 3645 385 3646
f 3647 3646 1443
f 1432 3648 3628
f 3648 1443 3646
f 3628 3646 385
f 1422 3649 3600
f 3649 1443 3650
f 3600 3650 382
f 1439 3639 3651
f 3639 382 3650
f 3651 3650 1443
f 374 3652 1389
f 3652 374 6611
f 3652 1447 7040
f 387 3653 3654
f 1447 5510 7715
f 1446 7715 3653
f 379 6610 7114
f 6611 1397 5511
f 7218 3656 1449
f 3658 1451 3659
f 3654 3659 387
f 1450 3660 3661
f 3660 387 3659
f 3661 3659 1451
f 7116 3633 3656
f 3633 1435 3662
f 3656 3662 7119
f 1451 7119 3663
f 3662 3663 7119
f 377 3664 3550
f 3664 1452 3665
f 3550 3665 1401
f 1454 3666 3667
f 3666 1401 3665
f 3667 3665 1452
f 391 3668 6178
f 3668 7045 3671
f 1456 3672 3674
f 3672 3675 3673
f 3674 3673 389
f 3567 3676 377
f 1452 3664 3677
f 3664 377 3676
f 3677 3676 3675
f 390 3678 3680
f 3678 1458 3679
f 3680 3679 1457
f 1460 3681 3682
f 3681 1457 3679
f 3682 3679 1458
f 389 3683 3674
f 3683 1459 3684
f 3674 3684 1456
f 1460 3685 3686
f 3685 1456 3684
f 3686 3684 1459
f 3689 391 3669
f 3690 3688 3687
f 1461 3691 3693
f 3691 1462 3692
f 3693 3692 390
f 1458 3678 3694
f 3678 390 3692
f 3694 3692 1462
f 5537 3695 3697
f 3695 1465 3696
f 3697 3696 393
f 1464 3698 395
f 3718 3699 3700
f 3699 395 3698
f 3700 3698 1465
f 394 3701 3703
f 3701 1467 3702
f 3703 3702 1466
f 1469 3704 3705
f 3704 1466 3702
f 3705 3702 1467
f 1469 3706 3708
f 3706 5537 3697
f 3708 3707 1468
f 393 3709 3697
f 3709 1468 3707
f 3697 3707 3706
f 1459 3683 3711
f 3683 389 3710
f 3711 3710 1472
f 1471 3712 3714
f 3712 1472 3713
f 3714 3713 394
f 1467 3701 3715
f 3701 394 3713
f 3715 3713 1472
f 395 3699 3717
f 3717 3716 1473
f 1474 3716 3718
f 3718 3716 3699
f 389 3673 3719
f 3673 1455 3719
f 389 3719 1470
f 1474 3720 3721
f 3720 1470 3719
f 3721 3719 1455
f 1478 3722 3723
f 3724 3723 1475
f 385 3725 3626
f 3725 1475 3723
f 3626 3723 3722
f 1478 3726 3728
f 3726 1476 3727
f 3728 3727 1477
f 398 3729 3730
f 3729 1477 3727
f 3730 3727 1476
f 1479 3731 3733
f 3731 397 3732
f 3733 3732 1481
f 1480 3734 3735
f 3734 1481 3732
f 3735 3732 397
f 1481 3736 3738
f 3736 1475 3737
f 3738 3737 1442
f 385 3645 3725
f 3645 1442 3737
f 3725 3737 1475
f 394 3739 3714
f 3739 1482 3740
f 3714 3740 1471
f 1484 3741 3742
f 3741 1471 3740
f 3742 3740 1482
f 397 3743 3735
f 3743 1483 3744
f 3735 3744 1480
f 1484 3745 3746
f 3745 1480 3744
f 3746 3744 1483
f 1476 3747 3730
f 3747 1486 3748
f 3730 3748 398
f 1485 3749 3750
f 3749 398 3748
f 3750 3748 1486
f 1466 3751 3703
f 3751 1486 3752
f 3703 3752 394
f 1482 3739 3753
f 3739 394 3752
f 3753 3752 1486
f 367 3754 3480
f 3754 367 1487
f 1489 3754 5567
f 3754 1489 1365
f 381 3594 3756
f 3594 1418 3755
f 3756 3755 1488
f 1489 1488 3755
f 390 3757 3693
f 3757 1490 3758
f 3693 3758 1461
f 7626 3759 3760
f 3759 1461 3758
f 3760 3758 1490
f 1372 3761 3490
f 3490 7626 7648
f 3490 7648 367
f 1491 3762 3764
f 3762 1492 3763
f 3764 3763 397
f 1483 3743 3765
f 3743 397 3763
f 3765 3763 1492
f 1457 3766 3680
f 3766 1492 3767
f 3680 3767 390
f 1490 3757 3768
f 3757 390 3767
f 3768 3767 1492
f 1424 3603 3770
f 3603 381 3769
f 3770 3769 1493
f 1488 3771 3756
f 3771 1493 3769
f 3756 3769 381
f 397 3731 3764
f 3731 1479 3772
f 3764 3772 1491
f 1493 3773 3774
f 3773 1491 3772
f 3774 3772 1479
f 1495 1498 3775
f 1497 3776 403
f 3776 1497 5577
f 1496 3776 7834
f 3785 1500 3777
f 3777 1499 3778
f 1502 3777 1500
f 401 3779 3775
f 3779 1501 3780
f 3775 3780 1495
f 1502 3781 3782
f 3781 1495 3780
f 3782 3780 1501
f 1503 3783 402
f 3783 1503 1505
f 6868 3783 1505
f 3783 6868 4358
f 1504 3784 3786
f 3784 1505 7698
f 1500 3785 7698
f 1508 3787 1496
f 403 3776 6612
f 3787 6612 3776
f 402 3789 1503
f 3789 402 3788
f 1508 3789 1507
f 3789 1508 3790
f 1511 3791 3793
f 3791 1509 3792
f 3793 3792 3794
f 3805 3794 3795
f 3795 3792 1509
f 3796 1511 3797
f 3798 3797 406
f 1510 3799 3800
f 3799 406 3797
f 3800 3797 1511
f 405 1512 3801
f 3802 3801 1512
f 5593 7672 3804
f 3803 3793 3794
f 3805 1513 3804
f 3794 3804 3803
f 1514 3806 3807
f 3806 1516 3808
f 3807 3808 3786
f 1504 3786 3808
f 3786 3785 3807
f 1515 1516 3809
f 1512 405 3809
f 3810 3809 1516
f 406 3799 3811
f 3799 1510 3813
f 3811 3813 1517
f 1518 3812 3813
f 3812 1517 3813
f 3785 3778 3807
f 3778 1499 3814
f 3807 3814 1514
f 1518 1514 3814
f 3815 3814 1499
f 407 5600 1519
f 5600 407 1520
f 7649 1522 7590
f 7006 3816 1525
f 1523 3816 408
f 3816 1523 1525
f 1524 6613 1520
f 5601 6613 1525
f 1526 409 7850
f 408 3817 1523
f 3817 408 3818
f 1521 3820 7649
f 3821 1530 5605
f 5611 3822 3824
f 3822 1534 3823
f 3824 3823 411
f 1532 3825 3826
f 3825 411 3823
f 3826 3823 1534
f 1509 3827 3795
f 3827 1534 3828
f 3795 3828 3805
f 3835 3805 3828
f 1533 3828 1534
f 409 3829 1530
f 3830 1530 3829
f 411 3831 3824
f 3832 3831 3833
f 3824 3832 5611
f 409 1526 6614
f 3834 1535 3829
f 3805 3835 1513
f 1542 3836 3837
f 3836 1513 3835
f 3837 3835 1533
f 1542 1539 6615
f 413 3838 3840
f 3838 1544 3839
f 3840 3839 1543
f 1546 3841 3842
f 3841 1543 3839
f 3842 3839 1544
f 384 3624 3844
f 3624 1430 3843
f 3844 3843 1545
f 1546 3845 3846
f 3845 1545 3843
f 3846 3843 1430
f 1547 3847 3849
f 3847 1549 3848
f 3849 3848 406
f 3796 3798 3850
f 3798 406 3848
f 3850 3848 1549
f 1548 3851 3853
f 3851 1549 3852
f 3853 3852 413
f 1544 3838 3854
f 3838 413 3852
f 3854 3852 1549
f 414 3855 3857
f 3855 1551 3856
f 3857 3856 1550
f 1552 3858 3859
f 3858 1550 3856
f 3859 3856 1551
f 1552 3860 3862
f 3860 1547 3861
f 3862 3861 1517
f 406 3811 3849
f 3811 1517 3861
f 3849 3861 1547
f 1545 3863 3844
f 3863 1554 3864
f 3844 3864 384
f 1437 3638 3865
f 3638 384 3864
f 3865 3864 1554
f 1553 3866 3868
f 3866 1554 3867
f 3868 3867 414
f 1551 3855 3869
f 3855 414 3867
f 3869 3867 1554
f 1468 3709 3871
f 3709 393 3870
f 3871 3870 1558
f 1557 3872 3874
f 3872 1558 3873
f 3874 3873 417
f 1556 3875 3876
f 3875 417 3873
f 3876 3873 1558
f 1560 3877 3882
f 416 3877 1559
f 3877 416 3882
f 393 3696 3878
f 3696 1463 3878
f 393 3878 1555
f 1560 3879 3880
f 3879 1555 3878
f 3880 3878 1463
f 1562 1522 3881
f 3882 416 6616
f 417 3875 3884
f 3875 1556 3883
f 3884 3883 1563
f 1564 3885 7775
f 3885 1563 3883
f 7775 3883 1556
f 7410 7649 3819
f 1565 3887 3889
f 3887 1568 3888
f 3889 3888 373
f 1392 3534 3890
f 3534 373 3888
f 3890 3888 1568
f 1566 6617 7042
f 1571 3892 3894
f 3892 1569 3893
f 3894 3893 1570
f 419 3895 3896
f 3895 1570 3893
f 3896 3893 1569
f 373 3524 3889
f 3524 1386 3897
f 3889 3897 1565
f 1571 3898 3899
f 3898 1565 3897
f 3899 3897 1386
f 403 7821 1497
f 7821 403 1572
f 7821 1574 5650
f 3901 6618 6180
f 1576 3902 3904
f 3902 1578 3903
f 3904 3903 411
f 1536 3831 3903
f 3831 411 3903
f 1536 3903 1578
f 1563 3905 3884
f 3905 1578 3906
f 3884 3906 417
f 1577 3907 3908
f 3907 417 3906
f 3908 3906 1578
f 413 3909 3853
f 3909 1579 3910
f 3853 3910 1548
f 1580 3911 3912
f 3911 1548 3910
f 3912 3910 1579
f 411 3825 3904
f 3825 1532 3913
f 3904 3913 1576
f 1580 3914 3915
f 3914 1576 3913
f 3915 3913 1532
f 1581 3916 3918
f 3916 1582 3917
f 3918 3917 398
f 1477 3729 3919
f 3729 398 3917
f 3919 3917 1582
f 1543 3920 3840
f 3920 1582 3921
f 3840 3921 413
f 1579 3909 3922
f 3909 413 3921
f 3922 3921 1582
f 417 3907 3874
f 3907 1577 3923
f 3874 3923 1557
f 1583 3924 3925
f 3924 1557 3923
f 3925 3923 1577
f 398 3749 3918
f 3749 1485 3926
f 3918 3926 1581
f 1583 3927 3928
f 3927 1581 3926
f 3928 3926 1485
f 414 3929 3868
f 3929 1584 3930
f 3868 3930 1553
f 1586 3931 3932
f 3931 1553 3930
f 3932 3930 1584
f 387 3660 3934
f 3660 1450 3933
f 3934 3933 1585
f 1586 3935 3936
f 3935 1585 3933
f 3936 3933 1450
f 3937 1587 3938
f 3939 3938 401
f 1501 3779 3940
f 3779 401 3938
f 3940 3938 1587
f 1550 3941 3857
f 3941 1587 3942
f 3857 3942 414
f 1584 3929 3943
f 3929 414 3942
f 3943 3942 1587
f 419 1588 7755
f 401 1494 3939
f 1589 3945 5672
f 3945 3937 3939
f 5672 3939 1494
f 1585 3946 3934
f 3946 1590 3947
f 3934 3947 387
f 1446 3653 3948
f 3653 387 3947
f 3948 3947 1590
f 1569 3949 3896
f 3949 1590 3950
f 3896 3950 419
f 1588 419 3950
f 3951 3950 1590
f 6183 6620 6617
f 7219 6182 6181
f 424 1593 6375
f 1596 1597 3952
f 1595 4411 3952
f 3953 1591 6183
f 1575 1597 6180
f 3953 6180 1597
f 423 1599 3954
f 5683 3954 1599
f 5683 1601 1598
f 1601 1596 3955
f 4411 1600 3952
f 3955 3952 1600
f 1602 3956 3957
f 3957 6996 1604
f 1603 3958 3960
f 3958 1604 3959
f 1599 3959 5687
f 3959 1599 423
f 3961 1605 7736
f 6889 6376 6622
f 3965 1609 3966
f 3972 3966 425
f 1608 3966 5690
f 3966 1608 425
f 1605 3962 3968
f 3962 423 3967
f 3968 3967 1609
f 1598 3967 3954
f 3967 1598 1609
f 3970 3971 6624
f 3970 6187 6625
f 1611 6626 6624
f 6621 3964 6189
f 427 6621 7297
f 3978 6693 6629
f 3977 6190 6630
f 1614 6631 6629
f 1615 3979 7867
f 3979 1618 3980
f 6889 3963 3981
f 3963 427 3980
f 3981 3980 1618
f 3982 1618 3983
f 3984 3983 430
f 1616 3985 3986
f 3985 430 3983
f 3986 3983 1618
f 428 3987 3989
f 3987 1620 3988
f 3989 3988 1619
f 3990 3988 1620
f 3975 1613 3991
f 1621 3992 3993
f 3993 3991 6384
f 1623 3994 3996
f 3994 1625 3995
f 3996 3995 429
f 1622 3997 3998
f 3997 429 3995
f 3998 3995 1625
f 1624 3999 4001
f 3999 1625 4000
f 4001 4000 428
f 1620 3987 4002
f 3987 428 4000
f 4002 4000 1625
f 430 3985 4003
f 3985 1616 4003
f 4008 4004 4005
f 4004 5974 4003
f 4005 4003 1616
f 429 4006 3996
f 3996 4007 1623
f 4008 4007 4006
f 4009 1630 6632
f 1619 4012 3989
f 4012 1630 4013
f 3989 4013 428
f 1629 4014 4015
f 4014 428 4013
f 4015 4013 1630
f 1632 6385 4017
f 6385 1633 4016
f 4017 4016 433
f 1631 4018 4019
f 4018 433 4016
f 4019 4016 1633
f 1635 5721 4021
f 1634 434 4022
f 4022 4021 5721
f 433 4023 4017
f 4023 1636 5720
f 4017 4023 7868
f 428 4014 4001
f 4014 1629 4024
f 4001 4024 1624
f 1638 4025 4026
f 4025 1624 4024
f 4026 4024 1629
f 434 4027 4021
f 4027 1637 4028
f 4021 4028 1635
f 1638 4029 4030
f 4029 1635 4028
f 4030 4028 1637
f 6193 4035 6634
f 1642 4037 6194
f 1641 4039 6195
f 4039 437 4038
f 6195 6194 6635
f 4042 1645 4043
f 4044 4043 1644
f 1647 4045 4046
f 4045 1644 4043
f 4046 4043 1645
f 4047 1646 4048
f 4038 4048 1642
f 1647 4049 4050
f 4049 1642 4048
f 4050 4048 1646
f 1640 7776 4034
f 4055 1648 6636
f 4056 6636 4042
f 1650 4057 4059
f 4057 1652 4058
f 4059 4058 439
f 1649 4060 4061
f 4060 439 4058
f 4061 4058 1652
f 4062 442 4063
f 5741 4065 4066
f 4066 4063 442
f 1654 4067 4068
f 4067 1656 4069
f 4068 4069 440
f 1653 440 4069
f 439 4070 4059
f 4070 1655 4071
f 4059 4071 1650
f 1656 4072 4073
f 4072 1650 4071
f 4073 4071 1655
f 441 4074 4076
f 4074 1658 4075
f 4076 4075 1657
f 440 4077 4068
f 4077 1659 4078
f 4068 4078 1654
f 1660 4079 5747
f 4079 1654 4078
f 5747 4078 1659
f 4062 1651 4080
f 4081 4080 4082
f 1662 4082 4083
f 4083 4080 1651
f 1658 4074 4085
f 4074 441 4084
f 4085 4084 1662
f 5750 4086 4087
f 4086 1662 4084
f 4087 4084 441
f 1665 4089 6196
f 7124 6196 7413
f 3689 7296 6638
f 4070 4096 1655
f 6639 5756 7612
f 5756 1655 4096
f 6897 7123 6197
f 6197 4097 6639
f 4099 4097 7674
f 6203 4101 6653
f 4103 4101 6640
f 439 4060 6998
f 4060 1649 4104
f 3668 391 7725
f 6199 6198 6641
f 443 6644 6641
f 4110 1674 6645
f 6647 444 6646
f 4112 6646 6645
f 1673 4114 4116
f 4114 1674 4115
f 4116 4115 445
f 1672 4117 4118
f 4117 445 4115
f 4118 4115 1674
f 441 4119 4087
f 4119 4121 4120
f 4087 4120 5750
f 1676 4120 4121
f 444 4122 4111
f 4122 1675 4123
f 4111 4123 1671
f 1676 4124 4125
f 4124 1671 4123
f 4125 4123 1675
f 4126 6648 4127
f 4128 4127 4129
f 1679 4129 4130
f 4129 1677 4128
f 4130 4127 1678
f 4121 4119 4132
f 4119 441 4131
f 4132 4131 1679
f 1657 4133 4076
f 4133 1679 4131
f 4076 4131 441
f 445 4117 4135
f 4117 1672 4134
f 4135 4134 1680
f 1682 4136 4137
f 4136 1680 4134
f 4137 4134 1672
f 4140 1681 4139
f 1683 4141 4143
f 4141 1685 4142
f 4143 4142 366
f 1373 3492 4144
f 3492 366 4142
f 4144 4142 1685
f 7047 1685 4145
f 1684 4146 4147
f 4147 4145 1685
f 4148 1686 7000
f 7688 1681 4140
f 366 3486 4143
f 3486 1368 4150
f 4143 4150 1683
f 4151 1683 4150
f 4152 4150 1368
f 1688 4153 4154
f 4153 1689 4155
f 4154 4155 4077
f 1659 4077 4155
f 4077 440 4154
f 4126 4128 4148
f 4128 1677 4158
f 4148 4156 1686
f 1689 4157 4158
f 4157 1686 4156
f 4158 4156 4128
f 4146 1684 4159
f 4099 4159 1666
f 1690 1666 4159
f 4160 4159 1684
f 440 1653 4161
f 4154 4161 1688
f 1690 4162 5784
f 4162 1688 4161
f 5784 4161 1653
f 4165 4164 6650
f 7515 4164 6649
f 6200 4168 7416
f 4112 1670 7416
f 6647 4168 6651
f 6201 4170 6644
f 4172 4170 7305
f 6650 4166 6202
f 442 4175 4066
f 4175 1695 4176
f 4066 4176 5741
f 4177 5741 4176
f 4178 4176 1695
f 4179 7126 4171
f 4181 4179 6653
f 6204 4183 4122
f 4186 7737 7001
f 4185 1695 7001
f 442 4081 4175
f 4081 1661 4186
f 4175 7001 1695
f 6654 4187 6205
f 6206 4188 6655
f 4192 4191 6658
f 6657 4193 6207
f 6207 4191 6656
f 6659 4196 6661
f 6662 4198 6209
f 6209 4199 6654
f 6655 4187 6210
f 6210 4199 6663
f 1702 4202 6211
f 6211 7566 6664
f 6212 4204 7567
f 6213 4204 6665
f 7417 4208 6667
f 6227 449 6667
f 4209 4208 6666
f 6214 4210 6668
f 4214 6927 6215
f 4213 6215 6669
f 4213 6216 6670
f 4218 6924 6217
f 4215 6217 6673
f 1643 7521 6674
f 7706 6674 4219
f 4221 6218 6676
f 4222 1708 6677
f 4223 4221 6676
f 4224 6219 7307
f 4224 6220 6665
f 4220 4225 6678
f 4216 6673 6222
f 4228 6222 6680
f 371 7128 6679
f 4231 6223 6681
f 362 4233 3475
f 4233 1712 4234
f 3475 4234 1358
f 4235 1358 4234
f 4236 4234 1712
f 1714 4240 6225
f 4240 1713 4238
f 6225 4238 4237
f 6656 4190 6226
f 4190 449 6684
f 6226 6684 4241
f 1353 4244 3465
f 4244 1716 4245
f 3465 4245 362
f 1712 4233 7482
f 4233 362 4245
f 438 4246 4056
f 4246 1717 4247
f 1718 4248 4249
f 4249 4247 1717
f 6227 1703 4250
f 1718 4251 4252
f 4250 1715 4242
f 4252 4250 1703
f 1713 4253 4239
f 4253 1720 7309
f 4254 7884 4239
f 4255 7309 1720
f 1644 4256 4044
f 4256 1720 4257
f 4044 4257 438
f 1717 4246 4258
f 4246 438 4257
f 4258 4257 1720
f 1722 4259 4261
f 4259 1723 4260
f 4261 4260 454
f 4262 454 4260
f 6671 6669 6228
f 451 6671 6685
f 4265 6229 6685
f 454 4269 4261
f 4269 1724 4270
f 4261 4270 1722
f 437 7004 6230
f 4254 1719 7661
f 4223 4273 6689
f 1726 4274 6231
f 6231 4273 6688
f 437 4039 7004
f 4039 1641 4275
f 1726 4276 7005
f 4277 4275 1641
f 4278 6695 6233
f 6232 6234 6690
f 4282 4281 6691
f 3978 6630 6235
f 4286 6235 6692
f 4286 6236 6693
f 4278 6690 6237
f 4289 6237 6694
f 4291 6943 6238
f 4289 6238 6695
f 1627 6427 6694
f 6698 6429 4292
f 4297 6950 6697
f 3971 6625 6240
f 4296 6240 6698
f 426 6623 6697
f 7422 4299 6241
f 7134 4300 7135
f 1736 4302 6700
f 4302 6691 6700
f 4303 6700 4301
f 4304 1738 4305
f 456 4306 4307
f 4310 4309 6701
f 4309 1740 5862
f 1742 4311 4312
f 1741 4313 6701
f 1744 4314 4315
f 4314 1744 1746
f 1743 4314 4316
f 4314 1743 459
f 4317 1740 458
f 1748 4319 460
f 4319 1748 4318
f 1747 4319 1750
f 459 1749 4315
f 4320 4315 1749
f 4320 1750 1744
f 4312 4313 4321
f 4313 1741 4322
f 4321 4322 1751
f 1753 4322 1741
f 460 4323 1748
f 1753 4323 1752
f 4324 1756 460
f 4323 460 4325
f 1756 4325 460
f 1755 456 4326
f 1734 1756 4299
f 4326 4299 1756
f 4332 4331 4328
f 4331 1758 4327
f 4328 4327 1757
f 1759 4327 5868
f 4327 1759 1757
f 460 4319 4324
f 4319 1747 4329
f 4324 4329 1754
f 4329 1759 1754
f 1760 4330 1761
f 1761 6702 4332
f 1758 4331 6702
f 1763 1737 4333
f 456 1755 4306
f 4333 4306 1755
f 4334 1766 4335
f 1761 4332 4336
f 4336 4335 1766
f 1765 4337 4338
f 4337 1765 1766
f 1764 4339 4340
f 4339 465 4337
f 4340 4337 1766
f 1767 4341 4342
f 4342 4341 459
f 4341 1749 459
f 4332 4328 4335
f 4328 1757 4343
f 4335 4343 4334
f 4344 4334 4343
f 5870 4343 1757
f 1769 4345 464
f 1768 4345 1770
f 4342 459 1743
f 4342 4346 1767
f 4339 1764 1771
f 467 4355 4347
f 4355 1775 4347
f 4349 4348 4347
f 4349 4347 1775
f 261 3065 4350
f 3065 955 4351
f 4348 5875 4351
f 4351 5875 4350
f 4351 4350 3065
f 1777 4352 402
f 1507 3788 4353
f 3788 402 4352
f 4353 4352 4356
f 1778 4354 4414
f 4354 4356 4355
f 4414 4355 467
f 1775 4355 4356
f 468 4357 1779
f 5878 1779 4357
f 402 4358 1777
f 1781 4359 4360
f 4359 1777 4358
f 4360 4358 6868
f 4361 4366 4362
f 4350 4361 261
f 961 261 4361
f 1782 4363 4365
f 4363 4366 4364
f 4365 4364 468
f 1780 4357 4364
f 4357 468 4364
f 1785 4367 965
f 4367 1785 1784
f 4367 264 3086
f 6704 1786 6434
f 1787 6705 470
f 6435 1786 6242
f 4367 6703 264
f 6703 6706 6437
f 4368 970 3089
f 471 4369 1790
f 4369 471 1791
f 5885 6708 6439
f 4369 1793 4370
f 1793 4371 977
f 267 4371 1792
f 4371 267 3094
f 1794 3818 408
f 3818 1794 4372
f 473 4373 1795
f 1797 4373 1796
f 4373 1797 4374
f 408 4375 1794
f 4375 408 3816
f 1792 4376 267
f 982 4376 1799
f 4376 982 7717
f 1796 4377 1799
f 4377 1796 4373
f 1798 4377 473
f 1800 4378 6245
f 270 988 6710
f 1803 4379 454
f 4380 4269 1805
f 4379 1805 4269
f 475 4380 1805
f 1805 1801 475
f 1807 4381 6711
f 6711 1806 476
f 1808 4382 1721
f 454 4262 1803
f 4382 1803 4262
f 1802 4383 270
f 5194 4383 1810
f 4383 5194 3103
f 1807 6711 1810
f 1809 6711 476
f 6711 1809 1810
f 3107 1811 998
f 997 5894 3107
f 5894 997 1812
f 445 1813 4116
f 7551 4116 1813
f 1815 4384 7551
f 4384 1673 7551
f 1815 1812 4385
f 4386 478 4389
f 1813 445 4387
f 1680 1818 4135
f 4387 4135 1818
f 998 4388 7487
f 4388 998 1811
f 478 1819 4389
f 5899 1817 4389
f 468 4390 4365
f 4390 4392 4391
f 4365 4391 1782
f 1821 5900 4391
f 5900 1782 4391
f 1821 4393 4395
f 4393 1820 4394
f 4395 4394 1007
f 276 4394 1820
f 1515 4396 1823
f 4396 1515 3809
f 1822 4396 405
f 4396 1822 4397
f 1779 4398 468
f 4392 4390 4399
f 4390 468 4398
f 4399 4398 1823
f 1825 7522 1824
f 470 7522 1787
f 405 4401 1822
f 4401 405 3801
f 1825 4402 4401
f 4401 6246 1825
f 1820 5908 4403
f 5908 4404 4403
f 1012 3124 4403
f 3124 276 4403
f 1012 4403 4404
f 1824 4400 4404
f 4400 470 4405
f 4406 480 4407
f 1826 4406 4407
f 278 4409 4408
f 4409 278 1016
f 4409 1826 4408
f 1600 4411 4410
f 1827 1828 4411
f 4410 4411 1828
f 4413 4412 1828
f 4413 4407 480
f 4414 467 1829
f 4415 4414 1829
f 1827 4411 1595
f 4415 1827 4416
f 4417 1022 278
f 4417 4408 1830
f 1774 4418 4347
f 4418 1774 1830
f 4418 1829 467
f 4419 6712 4423
f 4421 4420 7138
f 4422 7138 4420
f 1832 4424 4426
f 4424 1831 4425
f 4426 4425 3142
f 281 3142 4425
f 1612 425 4427
f 4428 4427 1834
f 4433 4427 425
f 4429 1833 4431
f 4432 1836 4412
f 480 4432 4412
f 4432 480 1835
f 4433 1836 7708
f 1831 4434 4425
f 4434 1831 1837
f 4434 1031 281
f 4435 1835 480
f 4435 4406 1837
f 7140 7141 7142
f 4442 4440 483
f 484 4446 4448
f 4446 1842 4447
f 4448 4447 7785
f 1844 7627 4449
f 4449 4447 1842
f 483 4450 7143
f 1038 3168 6247
f 4453 1845 7786
f 4455 4454 484
f 1842 4446 4456
f 4446 484 4454
f 4456 4454 1845
f 433 4460 4461
f 4460 1848 4461
f 4023 4461 1636
f 1850 4462 4463
f 4462 1636 4461
f 4463 4461 1848
f 7876 4464 1850
f 4464 1849 1850
f 4466 1840 7594
f 1631 4468 7146
f 4468 1852 7146
f 4018 7146 4460
f 1853 487 1854
f 1856 1853 1854
f 3197 1856 1855
f 288 3197 1855
f 1857 4472 376
f 1408 4472 1859
f 4472 1408 3563
f 1858 1859 487
f 4473 1860 1861
f 4473 1814 477
f 376 4474 1857
f 4474 376 3554
f 1861 4474 1403
f 4474 1861 4475
f 1855 4476 288
f 4476 1054 6583
f 477 1054 1860
f 4477 1862 1864
f 4477 1809 476
f 4478 1863 291
f 1058 4478 3205
f 4478 1058 1864
f 370 4479 3520
f 3520 4480 1385
f 1865 4481 5943
f 5943 4480 4479
f 1865 4482 4483
f 4482 1865 1862
f 476 4482 4477
f 4482 476 1806
f 1867 1868 4485
f 4484 4485 1868
f 4484 1866 489
f 1381 4486 3511
f 4486 1868 4487
f 3511 4487 370
f 5946 4479 4487
f 4479 370 4487
f 4488 1870 6835
f 291 4488 3209
f 4488 291 1863
f 489 1869 4485
f 5947 4485 1869
f 1870 1867 5947
f 4489 4490 7055
f 4489 1869 489
f 4491 1871 6713
f 7873 6585 7148
f 4492 1873 3541
f 1874 1395 4493
f 4493 3541 1873
f 489 1866 4490
f 4494 4490 1866
f 4494 1874 7055
f 1876 4495 4497
f 4495 1877 4496
f 4497 4496 4506
f 1875 4498 4499
f 4498 4506 4496
f 4499 4496 1877
f 1390 4500 3531
f 4500 1877 4501
f 3531 4501 4492
f 1873 4492 4501
f 1879 4502 5959
f 4502 1879 1072
f 293 6713 6586
f 4506 4503 4497
f 4503 1878 4504
f 4497 4504 1876
f 1879 1876 4504
f 1880 4505 4506
f 4506 4505 4503
f 1878 4503 4507
f 4507 4505 1882
f 1881 4513 1882
f 1078 4513 3237
f 4513 1078 1882
f 1884 4508 1883
f 4508 1884 5961
f 424 6714 1593
f 4498 1875 4510
f 4506 4509 1880
f 1884 4509 4510
f 4510 4509 4498
f 4511 1887 1885
f 4511 492 1886
f 6714 424 3956
f 4512 1887 7008
f 1083 4513 4514
f 4513 1083 3237
f 4513 1881 4514
f 4515 1886 492
f 4515 1888 4514
f 492 4516 4515
f 4516 492 1889
f 4516 1891 1888
f 4517 298 1089
f 1891 4517 5968
f 4517 1891 1890
f 430 4518 3984
f 4518 4521 4519
f 3984 4519 1617
f 4524 4520 4521
f 4520 1617 4519
f 1885 4522 4511
f 4522 4524 4523
f 4511 4523 492
f 1889 4523 4524
f 4523 1889 492
f 1892 4525 4527
f 4527 4526 4539
f 4528 4526 4525
f 4003 5974 4529
f 5974 1893 4529
f 4003 4529 430
f 4521 4518 4530
f 4518 430 4529
f 4530 4529 7854
f 1094 298 4531
f 4532 4531 1895
f 1890 4533 4517
f 4533 1895 4531
f 4517 4531 298
f 4539 4534 4527
f 4534 1894 4535
f 4527 4535 1892
f 1895 4536 4537
f 4536 5976 4535
f 4537 4535 1894
f 1896 4538 4539
f 1894 4534 4540
f 4534 4539 4538
f 4540 4538 1898
f 429 4551 7009
f 7009 1899 1900
f 4006 7009 4543
f 4543 1626 4006
f 1899 7009 4551
f 4526 4528 4544
f 4539 4544 1896
f 1900 4545 5981
f 4545 1896 4544
f 5981 4544 4528
f 1901 6249 4549
f 1622 4550 3997
f 4550 4552 4551
f 3997 4551 429
f 1899 4551 4552
f 1105 7150 4553
f 4561 7321 6715
f 4562 4560 4559
f 4564 6248 6718
f 6964 6719 6717
f 4566 4565 434
f 1637 4027 4567
f 4027 434 4565
f 1901 4568 6249
f 6249 7816 6720
f 485 1906 4464
f 4464 7151 1849
f 434 1634 4566
f 1907 4570 5994
f 4570 1905 4566
f 5994 4566 1634
f 1113 7513 6250
f 7513 6589 6722
f 4572 6250 6721
f 1906 485 7011
f 7152 7011 7317
f 4421 7138 4576
f 4577 6447 6723
f 4579 4578 6724
f 1121 7154 7105
f 4582 1912 4583
f 4312 4583 1742
f 1914 4584 4585
f 4584 7762 4583
f 4585 4583 1912
f 1914 4587 6726
f 4587 1911 6726
f 7763 1915 4590
f 4294 4589 455
f 1735 455 7524
f 1751 4591 4321
f 4321 4591 4582
f 1912 4582 4592
f 4592 4591 1915
f 7763 4590 4594
f 1729 4282 4597
f 4282 6691 4596
f 4597 4596 1918
f 4603 4598 4599
f 4598 1918 4596
f 4599 4596 6691
f 496 4602 1919
f 4602 4605 1920
f 6691 4302 4599
f 4302 1736 4604
f 4599 4604 4603
f 1843 4450 1922
f 1917 4450 483
f 4450 1917 4605
f 4646 6449 496
f 4605 4602 1922
f 6449 1922 4602
f 4608 4606 4609
f 1965 4606 4607
f 1967 1968 4609
f 4608 4609 1968
f 465 4610 4338
f 4610 1969 4338
f 4338 4611 1765
f 4612 4611 6009
f 6009 4611 1969
f 4614 1971 4613
f 1970 4614 1972
f 4614 1970 512
f 1771 4615 465
f 1969 4610 1972
f 4615 1972 4610
f 4616 1962 1959
f 4616 6011 143
f 142 4618 514
f 512 4619 1971
f 4619 512 1975
f 1976 4619 4620
f 4619 1976 4617
f 1976 1973 1961
f 464 4621 1772
f 1977 4621 6450
f 4621 1977 4622
f 1977 4623 1970
f 512 4623 1975
f 1978 1745 6729
f 458 7877 4317
f 464 4624 4621
f 4624 464 1768
f 1978 4624 6014
f 4624 1978 6450
f 514 4625 1979
f 4625 514 4618
f 6251 7383 7869
f 4630 1985 7012
f 7012 142 514
f 4626 1986 4627
f 4586 4627 1913
f 4628 1913 4627
f 4629 4627 1986
f 4628 4630 6018
f 4630 4628 1984
f 514 6731 7012
f 3363 329 1987
f 6966 4633 4580
f 4633 4632 4634
f 4580 4634 6724
f 1986 4626 4635
f 4626 6724 4634
f 4635 4634 4632
f 1988 1981 6452
f 1989 4636 3377
f 1199 4636 7013
f 1990 6253 7013
f 484 4637 4455
f 4637 4640 4638
f 1992 4639 4640
f 7652 7786 4455
f 3377 1204 4641
f 3377 4641 1989
f 1992 1989 4641
f 1994 4642 516
f 1993 516 4643
f 4642 4643 516
f 7785 4644 4448
f 4644 4642 4645
f 4448 4645 484
f 4640 4637 6028
f 4637 484 4645
f 6028 4645 4642
f 2005 4646 6033
f 4646 2005 1921
f 1967 4609 2007
f 1919 4647 496
f 6033 4647 2007
f 4647 6033 4646
f 2006 1965 2009
f 2022 2023 2024
f 2037 2015 2038
f 2030 7756 2031
f 2045 2042 4649
f 4650 526 2044
f 2045 4650 6036
f 4650 2045 2041
f 2048 145 2047
f 4651 2047 1370
f 2046 2047 145
f 2049 6039 2046
f 2049 2046 2054
f 4378 2061 475
f 2060 475 2061
f 527 4653 2062
f 6458 2059 7156
f 4655 2066 4654
f 4380 475 6257
f 2060 6459 6257
f 4654 2067 4655
f 2067 4654 4656
f 363 3471 2068
f 6041 2068 3471
f 2071 7157 529
f 4654 144 4656
f 2069 4656 144
f 526 4657 2044
f 2074 4657 2072
f 2074 4658 2073
f 529 4658 2071
f 2068 4659 363
f 4659 1361 3478
f 6044 1361 2072
f 526 6044 4657
f 4660 2075 2077
f 4660 4661 7158
f 345 3396 4663
f 3396 3397 7108
f 2077 4662 4664
f 4662 2076 4663
f 4664 4662 3396
f 2079 2048 4666
f 4665 4666 2048
f 4660 2052 2075
f 2079 2075 2052
f 2080 4667 4668
f 4667 2081 4670
f 4668 4670 530
f 4669 530 4670
f 2042 4671 4649
f 4671 2042 2081
f 2078 4671 4672
f 4671 2078 4665
f 2083 1285 4673
f 4674 4673 2076
f 3406 4663 4673
f 4663 2076 4673
f 3406 4673 1285
f 530 4675 4668
f 4675 2082 4676
f 4668 4676 2080
f 2083 4677 4678
f 4677 2080 4676
f 4678 4676 2082
f 530 4679 4675
f 4679 2084 4680
f 4675 4680 2082
f 2086 4681 4682
f 4681 2082 4680
f 4682 4680 2084
f 1290 4683 6258
f 4683 2086 4685
f 2085 4684 4685
f 4684 348 3416
f 4685 6258 4683
f 2087 4686 529
f 4686 2087 6055
f 2073 4686 2088
f 4686 2073 4658
f 4687 2088 4688
f 4669 4688 530
f 2084 4679 4689
f 4679 530 4688
f 4689 4688 2088
f 527 4690 2065
f 2090 4691 2089
f 4690 2089 4691
f 529 4692 2087
f 2090 4692 2070
f 2085 4693 4684
f 4693 2091 4694
f 4684 4694 348
f 3424 348 4694
f 1295 4694 2091
f 2062 4695 527
f 2089 4690 4696
f 4690 527 4695
f 4696 4695 2091
f 2108 4697 7062
f 395 4698 1464
f 2100 4699 4700
f 4699 1464 4698
f 4700 4698 6972
f 2100 4701 2099
f 4701 2100 6971
f 4697 4701 2096
f 4702 2101 4703
f 4704 4703 3561
f 3568 3561 4703
f 1409 4703 2101
f 1473 4705 3717
f 4705 2101 4706
f 3717 4706 395
f 4698 395 4706
f 6972 4706 2101
f 534 6733 4724
f 2103 4707 2102
f 3561 3560 4704
f 2103 4708 4709
f 4708 4702 4704
f 4709 4704 3560
f 2102 6733 2105
f 4697 2108 2107
f 7842 2112 4710
f 6072 7842 4710
f 7842 1524 407
f 7778 4711 4712
f 4711 2110 4712
f 1561 416 2113
f 2114 1561 2113
f 6075 4713 2114
f 4713 2112 7842
f 1519 4713 407
f 2107 4714 4697
f 4714 2107 2115
f 4714 2099 4701
f 1559 4715 416
f 1324 4716 4717
f 4716 1324 6599
f 2117 4717 6259
f 473 4718 1798
f 4718 473 2118
f 2119 6734 1326
f 6734 2119 2116
f 4716 6734 2116
f 6734 6599 3456
f 7778 4712 2121
f 1795 4719 473
f 536 4720 2122
f 2124 1330 7890
f 4722 487 1853
f 2124 4722 6083
f 4722 2124 6736
f 2129 2104 534
f 4723 1858 487
f 2128 4724 6460
f 6737 545 6268
f 7702 7653 2147
f 4726 2146 546
f 543 4726 7160
f 4726 543 547
f 551 550 2152
f 6359 2152 550
f 8 4727 6738
f 4727 548 6359
f 152 4728 4729
f 4728 152 546
f 551 2148 2153
f 2148 549 4728
f 6461 544 4725
f 154 4732 554
f 2160 554 4732
f 556 6086 555
f 4733 557 2164
f 560 559 6739
f 554 4735 154
f 4735 554 2166
f 558 4736 2165
f 4736 154 4735
f 2165 4735 560
f 564 2169 561
f 6261 561 2169
f 4737 6261 563
f 154 4736 562
f 564 2168 2172
f 2168 562 4736
f 2172 4736 558
f 562 2175 154
f 555 4732 566
f 2175 566 4732
f 4738 6263 6741
f 6264 569 6742
f 4741 159 7162
f 2178 4739 6743
f 4743 2183 571
f 573 576 4744
f 575 4745 2196
f 4745 9 4744
f 2196 4744 576
f 571 2195 4743
f 2195 576 4746
f 4743 4746 159
f 574 4747 2192
f 4747 159 4746
f 2192 4746 576
f 22 577 4748
f 579 2200 2198
f 2200 578 4748
f 2198 4748 7765
f 159 4747 4740
f 4747 574 4749
f 579 2199 2203
f 2199 568 4749
f 2203 4749 574
f 6 7684 4750
f 6 4750 583
f 7810 2205 4750
f 2205 583 4750
f 163 4751 4752
f 4751 582 2209
f 4752 2209 581
f 578 4753 4748
f 4753 578 586
f 585 4753 2212
f 4753 585 22
f 581 2212 4752
f 4754 4752 586
f 584 4755 2210
f 4755 163 4754
f 2210 4754 586
f 9 4756 4744
f 4756 3235 4757
f 4744 4757 573
f 588 2217 2216
f 2217 573 4757
f 2216 4757 3235
f 163 4755 4758
f 4755 584 2219
f 4758 2219 587
f 588 2213 2219
f 2213 587 2219
f 589 2222 7016
f 2222 591 4759
f 4760 7016 21
f 590 4761 2227
f 4761 21 4759
f 2227 4759 591
f 587 2226 4758
f 2226 591 4762
f 4758 4762 163
f 582 4751 2223
f 4751 163 4762
f 2223 4762 591
f 2 4763 4765
f 4763 592 4764
f 2232 4764 592
f 166 4766 4768
f 4766 593 4767
f 4768 4767 2228
f 594 2228 4767
f 6089 2234 593
f 595 598 4769
f 4770 4769 24
f 597 4769 598
f 2228 2239 4768
f 2239 598 2238
f 4768 2238 166
f 596 166 2238
f 6088 2241 6265
f 6265 2242 17
f 600 4771 2242
f 4771 17 2242
f 166 596 4772
f 4773 4772 599
f 601 2241 4772
f 2244 4772 596
f 4775 4774 7699
f 604 2245 2250
f 2245 593 4776
f 2250 4776 599
f 166 4773 4766
f 4773 599 4776
f 4766 4776 593
f 6740 6742 6266
f 4777 6266 6745
f 6469 6467 6267
f 6746 6469 6745
f 2253 4778 6746
f 22 4781 577
f 2260 7503 4781
f 2265 611 4783
f 6747 7718 7676
f 6470 6749 7440
f 615 2277 6268
f 172 4788 4790
f 4788 614 4789
f 4790 4789 613
f 615 2274 2281
f 2274 613 4789
f 2281 4789 614
f 617 2288 4791
f 2284 4791 7677
f 613 2286 4790
f 2286 617 4792
f 4790 4792 172
f 616 4793 2285
f 4793 172 4792
f 2285 4792 617
f 13 4811 7528
f 4811 618 4794
f 620 2294 2293
f 2294 609 4794
f 2293 4794 618
f 172 4793 4796
f 4793 616 4795
f 4796 4795 619
f 620 2289 2296
f 2289 619 4795
f 2296 4795 616
f 621 2299 4798
f 2299 623 4797
f 4798 4797 29
f 622 4799 2304
f 4799 29 4797
f 2304 4797 623
f 619 2303 4796
f 2303 623 4800
f 4796 4800 172
f 614 4788 2300
f 4788 172 4800
f 2300 4800 623
f 628 2313 2308
f 2313 627 4801
f 2308 4801 624
f 5 4802 4803
f 4802 624 4801
f 4803 4801 627
f 625 4804 2309
f 4804 176 4805
f 2309 4805 628
f 626 2312 4806
f 2312 628 4805
f 4806 4805 176
f 29 4799 4808
f 4799 622 4807
f 4808 4807 630
f 631 2319 2318
f 2319 630 4807
f 2318 4807 622
f 631 2315 2322
f 2315 629 4809
f 2322 4809 625
f 176 4804 4810
f 4804 625 4809
f 4810 4809 629
f 618 4811 2328
f 2328 4811 634
f 4811 13 2323
f 629 2327 4810
f 2327 634 4812
f 4810 4812 176
f 633 4813 2325
f 4813 176 4812
f 2325 4812 634
f 7691 4814 2335
f 4814 27 4815
f 2335 4815 636
f 635 2329 4816
f 2329 636 4815
f 4816 4815 27
f 176 4813 4806
f 4813 633 4817
f 4806 4817 626
f 636 2331 2334
f 2331 626 4817
f 2334 4817 633
f 637 2339 4818
f 2339 640 7742
f 580 7684 7742
f 7684 6 4818
f 4819 2340 6270
f 642 2345 2343
f 2345 641 4820
f 2343 4820 7691
f 27 4814 4821
f 4814 7691 4820
f 4821 4820 641
f 642 7790 6269
f 638 4822 178
f 4822 638 2344
f 178 6269 6472
f 22 4823 4781
f 4823 22 585
f 644 4823 7692
f 4823 644 607
f 178 6471 6270
f 4824 639 4819
f 2349 647 4825
f 4826 4825 2
f 592 4763 2353
f 4763 2 4825
f 2353 4825 647
f 646 2352 4828
f 2352 647 4827
f 4828 4827 181
f 645 4829 4827
f 4829 181 4827
f 2359 650 4831
f 181 4829 4833
f 4829 645 4832
f 4833 4832 649
f 651 2354 2361
f 2354 649 4832
f 2361 4832 645
f 652 2365 4835
f 2365 655 4834
f 4835 4834 15
f 654 4836 2370
f 4836 15 4834
f 2370 4834 655
f 649 2369 4833
f 2369 655 4837
f 4833 4837 181
f 653 4838 2366
f 4838 181 4837
f 2366 4837 655
f 24 4769 4839
f 4769 597 4839
f 4840 4839 656
f 657 2372 2371
f 2372 656 4839
f 2371 4839 597
f 181 4838 4828
f 4838 653 4841
f 4828 4841 646
f 657 646 4841
f 2373 4841 653
f 662 2378 2376
f 2378 661 4843
f 2376 4843 658
f 4842 658 4843
f 185 4844 4846
f 4844 660 4845
f 4846 4845 659
f 662 659 4845
f 2377 4845 660
f 656 2382 4840
f 4847 24 4840
f 2387 4840 2382
f 659 2386 4846
f 2386 2382 2383
f 4846 2383 185
f 663 185 2383
f 15 4848 4835
f 4848 664 4849
f 4835 4849 652
f 666 2393 2392
f 2393 652 4849
f 2392 4849 664
f 185 663 4850
f 4851 4850 665
f 666 2388 2394
f 2388 665 4850
f 2394 4850 663
f 668 4852 2402
f 4852 26 4853
f 2402 4853 669
f 667 2395 4854
f 2395 669 4853
f 4854 4853 26
f 665 2401 4851
f 2401 669 4855
f 4851 4855 4844
f 660 4844 2397
f 4844 185 4851
f 2397 4855 669
f 624 4802 2410
f 4802 5 4856
f 2410 4856 673
f 670 2403 4857
f 2403 673 4856
f 4857 4856 5
f 672 2408 4859
f 2408 673 4858
f 4859 4858 188
f 671 4860 2405
f 4860 188 4858
f 2405 4858 673
f 26 4852 4862
f 4852 668 4861
f 4862 4861 675
f 676 2416 2415
f 2416 675 4861
f 2415 4861 668
f 188 4860 4864
f 4860 671 4863
f 4864 4863 674
f 676 2412 2419
f 2412 674 4863
f 2419 4863 671
f 677 2423 4866
f 2423 679 4865
f 4866 4865 15
f 664 4848 2427
f 4848 15 4865
f 2427 4865 679
f 674 2426 4864
f 2426 679 4867
f 4864 4867 188
f 678 4868 2424
f 4868 188 4867
f 2424 4867 679
f 680 4869 2431
f 4869 29 4870
f 2431 4870 681
f 630 2428 4808
f 2428 681 4870
f 4808 4870 29
f 188 4868 4871
f 4868 678 4871
f 681 2430 2434
f 2430 672 4859
f 2434 4871 678
f 7161 7750 684
f 7848 683 4872
f 7848 4872 7837
f 2437 682 4872
f 2438 4872 683
f 29 4869 4798
f 4869 680 4873
f 4798 4873 621
f 686 2443 2441
f 2443 621 4873
f 2441 4873 680
f 682 686 7837
f 685 4874 2442
f 4874 7848 7837
f 2442 7837 686
f 15 4836 4866
f 4836 654 4875
f 4866 4875 677
f 688 2449 2448
f 2449 677 4875
f 2448 4875 654
f 4874 685 4876
f 4877 4876 687
f 688 2445 2451
f 2445 687 4876
f 2451 4876 685
f 16 4734 7017
f 4830 7017 648
f 2457 648 4878
f 687 2456 4877
f 2456 7870 2454
f 691 2459 2458
f 2459 690 2458
f 3 2458 690
f 192 4889 4879
f 4889 2462 4879
f 691 4879 2462
f 4879 691 689
f 20 4880 4882
f 4880 692 4881
f 4882 4881 694
f 695 4881 692
f 4881 695 2465
f 4883 693 192
f 689 4883 4879
f 4883 689 695
f 4884 19 696
f 4884 2467 6750
f 697 2466 2471
f 192 2471 4885
f 2471 192 693
f 28 4886 4888
f 4886 698 4887
f 4888 4887 699
f 2476 2477 2473
f 2477 699 4887
f 2473 4887 698
f 4885 4889 192
f 2462 4889 2474
f 2474 4889 2476
f 700 704 4890
f 4891 4890 7
f 703 4892 2483
f 4892 7 4890
f 2483 4890 704
f 196 4902 4893
f 4902 702 4893
f 196 4893 701
f 704 2478 2482
f 2478 701 4893
f 2482 4893 702
f 699 2487 4888
f 2487 707 2491
f 4888 2491 28
f 706 4894 2491
f 4894 28 2491
f 701 2490 4895
f 2490 707 4895
f 705 4896 2488
f 4896 196 4895
f 2488 4895 707
f 19 4898 696
f 4898 19 4897
f 2495 696 4898
f 2494 4898 708
f 196 4896 4900
f 4896 705 4899
f 4900 4899 709
f 2494 2492 2496
f 2492 709 4899
f 2496 4899 705
f 712 2501 2497
f 2501 711 4901
f 2497 4901 710
f 4901 30 710
f 709 2500 4900
f 2500 712 4902
f 4900 4902 196
f 2503 4903 4910
f 4903 2503 7018
f 4903 2502 201
f 25 4904 4905
f 4904 714 2505
f 4905 2505 2506
f 716 2506 2505
f 201 4906 4908
f 4906 201 2502
f 716 4906 2507
f 4906 716 715
f 4907 717 720
f 719 4907 2510
f 4907 719 23
f 4908 715 720
f 718 4908 2509
f 4908 718 201
f 722 4909 2511
f 722 4910 2512
f 4910 722 2503
f 4910 201 718
f 7 4892 4911
f 4892 703 2516
f 4911 2516 2517
f 724 2517 2516
f 204 723 4912
f 724 2513 2521
f 2521 4912 723
f 4913 725 727
f 4913 2524 30
f 2523 727 4914
f 4912 4914 204
f 726 4914 2522
f 4914 726 204
f 4915 23 719
f 4915 6976 729
f 204 4916 4917
f 4916 204 726
f 729 4916 2525
f 4916 729 7485
f 730 2527 4918
f 714 4904 2531
f 4904 25 4918
f 2531 4918 2527
f 4917 7485 2530
f 2530 2527 4919
f 4917 4919 204
f 723 204 4919
f 2528 4919 2527
f 627 2534 4803
f 2534 734 4920
f 4803 4920 5
f 733 4921 2540
f 4921 5 4920
f 2540 4920 734
f 732 2539 4923
f 2539 734 4922
f 4923 4922 207
f 731 4924 2535
f 4924 207 4922
f 2535 4922 734
f 27 4925 4816
f 4925 735 4926
f 4816 4926 635
f 737 2546 2545
f 2546 635 4926
f 2545 4926 735
f 207 4924 4928
f 4924 731 4927
f 4928 4927 736
f 737 2541 2548
f 2541 736 4927
f 2548 4927 731
f 739 4929 2556
f 4929 28 4930
f 2556 4930 740
f 706 2549 4894
f 2549 740 4930
f 4894 4930 28
f 736 2555 4928
f 2555 740 4931
f 4928 4931 207
f 738 4932 2551
f 4932 207 4931
f 2551 4931 740
f 7 4933 4891
f 4933 741 4934
f 4891 4934 2563
f 742 2563 2560
f 2563 700 4891
f 2560 4934 741
f 207 4932 4923
f 4932 738 4935
f 4923 4935 732
f 742 2557 2562
f 2557 732 4935
f 2562 4935 738
f 26 4936 4854
f 4936 743 4937
f 4854 4937 667
f 746 2569 2568
f 2569 667 4937
f 2568 4937 743
f 746 2564 2572
f 2564 744 4938
f 2572 4938 745
f 210 4939 4940
f 4939 745 4938
f 4940 4938 744
f 2506 2573 4905
f 2573 748 2577
f 4905 2577 25
f 747 25 2577
f 744 4941 4940
f 4940 4941 210
f 2578 210 2574
f 2574 4941 748
f 210 2578 4942
f 4943 4942 749
f 7074 4942 7075
f 4942 7074 749
f 4944 2581 2582
f 4843 4944 4842
f 2581 4944 661
f 745 4939 2580
f 4939 210 4943
f 2580 4943 2581
f 749 2581 4943
f 751 2586 6272
f 2586 589 6271
f 2584 6272 6751
f 4946 7169 2589
f 20 4882 4948
f 2590 6480 6273
f 755 4950 3
f 7073 2458 3
f 4949 752 4951
f 756 4951 2592
f 757 4951 7710
f 4951 757 2592
f 583 2597 6
f 2597 759 4953
f 758 4954 2601
f 4954 6 4953
f 2601 4953 759
f 4946 212 4955
f 2598 4955 759
f 756 2599 4952
f 2599 759 4955
f 4952 4955 212
f 25 747 4956
f 4918 4956 730
f 762 2607 2606
f 2607 730 4956
f 2606 4956 747
f 213 4957 4959
f 4957 761 4958
f 4959 4958 760
f 762 2603 2610
f 2603 760 4958
f 2610 4958 761
f 675 2613 4862
f 2613 764 4960
f 4862 4960 26
f 743 4936 2617
f 4936 26 4960
f 2617 4960 764
f 760 2616 4959
f 2616 764 4961
f 4959 4961 213
f 763 4962 2614
f 4962 213 4961
f 2614 4961 764
f 5 4921 4857
f 4921 733 4963
f 4857 4963 670
f 766 2622 2621
f 2622 670 4963
f 2621 4963 733
f 213 4962 4965
f 4962 763 4964
f 4965 4964 765
f 766 2618 2624
f 2618 765 4964
f 2624 4964 763
f 2517 2626 4911
f 2626 767 4966
f 4911 4966 7
f 741 4933 2630
f 4933 7 4966
f 2630 4966 767
f 765 2629 4965
f 2629 767 4967
f 4965 4967 213
f 761 4957 2627
f 4957 213 4967
f 2627 4967 767
f 641 2633 4821
f 2633 770 4968
f 4821 4968 27
f 735 4925 2638
f 4925 27 4968
f 2638 4968 770
f 769 2637 4970
f 2637 770 4969
f 4970 4969 214
f 768 4971 2634
f 4971 214 4969
f 2634 4969 770
f 6 4954 4818
f 4954 758 4972
f 4818 4972 637
f 772 2642 2641
f 2642 637 4972
f 2641 4972 758
f 214 4971 4974
f 4971 768 4973
f 771 4973 2639
f 772 2639 2644
f 4973 771 4974
f 2644 4973 768
f 690 2646 3
f 755 2646 774
f 771 2648 4974
f 2648 774 4975
f 4974 4975 214
f 773 4976 2647
f 4976 214 4975
f 2647 4975 774
f 28 4929 4886
f 4929 739 4977
f 4886 4977 698
f 775 2653 2652
f 2652 698 4977
f 2651 4977 739
f 214 4976 4970
f 4976 773 4978
f 4970 4978 769
f 775 2649 4978
f 2649 769 4978
f 21 4979 4760
f 778 4980 2654
f 4980 778 6751
f 776 4982 778
f 4982 776 4981
f 777 2655 218
f 4982 218 2655
f 4983 6753 4984
f 782 2660 2659
f 2659 4984 779
f 782 4981 776
f 218 4981 780
f 785 4986 786
f 783 4986 31
f 4986 783 2662
f 218 2664 2665
f 784 2665 786
f 2664 786 2665
f 7811 2667 753
f 20 4948 4988
f 4948 4947 4987
f 4988 4987 787
f 7811 2666 784
f 2670 6755 6754
f 6753 7569 6754
f 6489 2679 4992
f 2679 791 6276
f 792 2674 6279
f 6486 790 6759
f 6491 2681 6280
f 2681 796 6761
f 6280 6761 6760
f 6494 796 2682
f 797 2691 785
f 31 2691 6495
f 2691 31 4986
f 6762 4995 6282
f 4995 794 6763
f 797 2688 6763
f 2688 789 6282
f 225 4997 4999
f 4997 800 4998
f 4999 4998 799
f 801 2692 2698
f 2692 799 4998
f 2698 4998 800
f 802 5000 34
f 5000 802 804
f 3258 34 5000
f 799 2704 4999
f 2704 804 5001
f 4999 5001 225
f 803 5002 2701
f 5002 225 5001
f 2701 5001 804
f 35 5003 5005
f 5003 805 5004
f 5005 5004 806
f 807 2710 2709
f 2710 806 5004
f 2709 5004 805
f 225 5002 5007
f 5002 803 5006
f 5007 5006 7506
f 807 2705 2713
f 2705 7506 5006
f 2713 5006 803
f 6496 5008 6764
f 5007 5009 225
f 800 4997 2716
f 4997 225 5009
f 7571 808 6766
f 6497 2725 6283
f 2725 811 6767
f 6283 6767 6766
f 229 5011 5013
f 5013 5012 810
f 2721 810 5012
f 2728 5012 6768
f 813 2730 5015
f 2730 815 5014
f 5015 5014 35
f 805 5003 2734
f 5003 35 5014
f 2734 5014 815
f 810 2733 5013
f 2733 815 5016
f 5013 5016 229
f 5017 229 5016
f 2731 5016 815
f 2739 817 5018
f 2737 5018 816
f 36 5018 817
f 229 5017 5020
f 2737 2738 5019
f 5019 2738 5020
f 7172 7332 7173
f 229 5020 5023
f 5020 2738 2746
f 5011 5023 6768
f 2754 822 5024
f 2751 5024 820
f 37 820 5024
f 5025 5024 822
f 2747 821 6769
f 823 2758 5029
f 2758 825 5028
f 5029 5028 41
f 824 5030 2760
f 5030 41 5028
f 2760 5028 825
f 6769 821 6770
f 2762 828 5031
f 5032 5031 38
f 827 5033 2766
f 5033 38 5031
f 2766 5031 828
f 2768 2769 5037
f 2769 830 5036
f 5037 5036 39
f 5038 39 5036
f 829 5036 7787
f 5039 7508 6771
f 2778 835 5040
f 831 5040 7654
f 834 5041 2781
f 5041 7654 5040
f 2781 5040 835
f 835 2774 6286
f 2774 832 6286
f 2779 6286 7597
f 839 2792 2788
f 2792 838 5044
f 2788 5044 836
f 43 5044 838
f 5043 832 5045
f 5046 5045 837
f 839 2784 2791
f 2784 837 5045
f 2791 5045 832
f 840 2795 40
f 2800 5047 2795
f 2800 2795 842
f 837 2799 5046
f 2799 842 5048
f 5046 5048 236
f 841 5049 2796
f 5049 236 5048
f 2796 5048 842
f 843 2803 5051
f 2803 845 5050
f 5051 5050 42
f 844 5050 2805
f 5050 844 42
f 236 5049 5042
f 5049 841 5052
f 845 2804 2806
f 2806 5052 841
f 650 6506 6773
f 847 2811 6287
f 6287 5055 6775
f 2816 5056 6788
f 4826 5056 2817
f 6288 5057 6777
f 6508 2813 5057
f 2813 850 6777
f 834 2822 5041
f 2822 851 5058
f 5041 5058 7654
f 6521 7020 2827
f 7020 7654 5058
f 2827 5058 851
f 850 7082 6289
f 6289 5059 6778
f 2823 5059 2826
f 852 2831 5062
f 2831 6509 5061
f 5062 5061 42
f 843 5051 2834
f 5051 42 5061
f 2834 5061 6509
f 5060 7572 7681
f 5063 853 7444
f 857 2840 2839
f 2840 856 5064
f 2839 5064 853
f 5066 7179 5067
f 5069 6291 6780
f 2851 860 6781
f 2843 7264 6780
f 2855 863 5071
f 5047 5071 40
f 862 5071 2859
f 5071 862 40
f 863 2852 2858
f 864 2861 5073
f 2861 865 2863
f 5073 2863 43
f 836 5044 2863
f 5044 43 2863
f 861 865 7830
f 855 5066 7019
f 5066 7180 7019
f 2862 7830 865
f 868 2868 2867
f 2867 5074 848
f 239 5075 5077
f 5075 867 5076
f 5077 5076 866
f 868 2864 2871
f 2864 866 5076
f 2871 5076 867
f 844 2874 42
f 852 5062 2878
f 5062 42 2874
f 2878 2874 870
f 866 2877 5077
f 2877 870 5078
f 5077 5078 239
f 869 5079 2875
f 5079 239 5078
f 2875 5078 870
f 862 5080 40
f 5080 862 2881
f 840 5080 2883
f 5080 840 40
f 239 5079 5082
f 5079 869 5081
f 5082 5081 871
f 872 2882 2884
f 2882 871 5081
f 2884 5081 869
f 7486 873 5083
f 7813 2888 7805
f 5082 7805 239
f 867 5075 2887
f 5075 239 7805
f 2887 7805 2888
f 18 7181 6292
f 5065 856 6293
f 6292 5084 6783
f 6517 602 6783
f 5085 6294 6785
f 6513 6514 6295
f 5085 6295 6786
f 876 6513 6785
f 838 2893 43
f 864 5073 2895
f 5073 43 2893
f 2895 2893 7083
f 2892 877 6296
f 6521 2898 7020
f 2898 878 2902
f 877 2901 6296
f 6296 5087 7182
f 2899 5087 2901
f 6523 6522 6297
f 5089 6297 6788
f 2 4765 6298
f 6520 6110 6789
f 6784 6786 6299
f 5090 6299 6789
f 875 6784 5090
f 5091 6791 6300
f 6116 2911 6301
f 6301 5092 6791
f 5094 6802 6302
f 5093 6302 6792
f 2907 6527 7183
f 881 6114 6792
f 824 2913 5030
f 2913 882 5095
f 5030 5095 41
f 7021 41 5095
f 2915 5095 882
f 5096 6303 6795
f 6531 6533 6304
f 5096 6304 6796
f 820 37 5097
f 2919 5097 884
f 6794 6796 6305
f 5098 6305 6797
f 6797 7265 7817
f 2922 6536 6306
f 5101 6799 7780
f 2922 7780 6798
f 5094 6793 6307
f 5102 6307 6801
f 2924 6538 6308
f 5102 6308 6802
f 883 6124 6801
f 6543 2929 6309
f 6309 7531 7448
f 6803 10 7448
f 6804 5104 6311
f 6311 5105 6544
f 6545 2931 6312
f 6312 5105 6805
f 5101 6800 6313
f 5107 6313 6806
f 5107 6314 6799
f 891 6551 6806
f 6548 2936 6315
f 6547 890 6807
f 6315 5108 6804
f 6805 5104 6316
f 6316 5108 6807
f 822 2944 5025
f 2944 892 5110
f 5025 5110 37
f 2947 5110 892
f 7559 2946 6317
f 6317 5111 6809
f 6808 5111 2946
f 7090 2950 5114
f 2950 6555 5113
f 5114 5113 39
f 2768 5037 2952
f 5037 39 5113
f 2952 5113 6555
f 6809 5112 6318
f 6808 6553 6810
f 6318 5115 6811
f 6554 2948 6319
f 6319 5115 6810
f 2955 896 6812
f 895 2959 5118
f 2959 896 5117
f 5118 5117 246
f 894 5119 2956
f 5119 246 5117
f 2956 5117 896
f 827 2964 5033
f 5033 7022 38
f 2965 7022 7533
f 246 5119 5121
f 5119 894 5120
f 5121 5120 897
f 7533 2961 2967
f 2961 897 5120
f 2967 5120 894
f 7788 2969 7021
f 2969 899 5122
f 7021 5122 41
f 823 5029 2973
f 5029 41 5122
f 2973 5122 899
f 897 2972 5121
f 2972 899 5123
f 5121 5123 246
f 898 5124 2970
f 5124 246 5123
f 2970 5123 899
f 14 4731 6790
f 5091 7617 879
f 900 2977 2976
f 2977 879 7617
f 246 5124 5118
f 5124 898 5125
f 5118 5125 895
f 900 2974 2978
f 2974 895 5125
f 2978 5125 6134
f 903 2982 2981
f 2982 902 5126
f 2981 5126 888
f 5128 901 6813
f 6320 5129 6813
f 829 2988 5038
f 2988 904 5131
f 5038 5131 39
f 7090 5114 2991
f 5114 39 5131
f 2991 5131 904
f 7022 6560 38
f 5032 38 2992
f 2994 5133 5132
f 8 5134 6321
f 6321 5135 7655
f 2998 5135 6814
f 7272 3005 6322
f 6322 5137 6815
f 6817 7583 7670
f 6323 6818 5139
f 44 5140 5142
f 5140 912 5141
f 5142 5141 913
f 914 3011 3010
f 3011 913 5141
f 3010 5141 912
f 6816 5139 6324
f 5139 909 6325
f 5143 6324 6819
f 914 6139 7849
f 915 3013 46
f 5144 46 3013
f 5146 6820 6326
f 5145 6567 6821
f 4993 795 6822
f 6328 7188 6570
f 6820 5146 6329
f 6329 5147 6568
f 6569 3017 6330
f 6330 5147 6821
f 6573 3023 6331
f 6331 5149 6757
f 6332 5149 6572
f 5148 6333 6823
f 6817 5138 6334
f 6816 7534 6823
f 45 5151 5153
f 5151 920 5152
f 6850 5152 923
f 924 3028 3027
f 3028 923 5152
f 3027 5152 920
f 5155 46 3032
f 927 3032 46
f 921 927 5156
f 926 5156 3030
f 5156 926 254
f 928 3034 49
f 930 3034 931
f 929 5157 931
f 3035 931 5157
f 926 3035 254
f 934 3037 932
f 48 3037 933
f 254 5158 922
f 5158 254 5157
f 934 5158 929
f 3040 925 917
f 5144 917 925
f 257 5159 935
f 5160 3039 5159
f 936 3039 5160
f 5140 939 912
f 7656 5162 941
f 257 5161 940
f 5161 7094 938
f 930 5163 49
f 5163 930 3045
f 942 5163 943
f 940 5159 257
f 5160 5159 943
f 947 3053 944
f 7656 944 3053
f 947 3048 946
f 3048 945 5164
f 945 951 7025
f 949 5165 3055
f 5165 260 7025
f 3055 7025 951
f 933 3057 48
f 952 3057 953
f 953 5166 3058
f 942 3060 49
f 928 49 3060
f 3056 3062 5166
f 3062 954 3061
f 946 5164 3061
f 3061 260 3062
f 3066 958 5167
f 955 5167 59
f 957 5167 958
f 3069 3070 7190
f 3070 958 3067
f 5169 5168 263
f 956 5168 3067
f 3067 5168 3070
f 5170 959 5171
f 5880 5171 3076
f 962 3076 3075
f 3075 5171 959
f 263 5168 5172
f 5168 956 5172
f 5173 5172 960
f 3071 960 5172
f 3071 5172 956
f 6750 3078 4884
f 3078 3081 5174
f 4884 5174 19
f 5175 19 5174
f 3082 5174 3081
f 960 3081 5173
f 963 5176 3079
f 5176 263 5173
f 3079 5173 3081
f 20 5177 4880
f 5177 3136 5178
f 4880 5178 692
f 964 692 5178
f 3084 5178 3136
f 263 5176 5169
f 5176 963 5179
f 964 3083 3085
f 3083 3069 7190
f 3085 5179 963
f 5180 965 7026
f 5181 6825 266
f 728 5183 4915
f 5183 728 974
f 973 5183 3091
f 5183 973 23
f 972 5184 3090
f 5184 972 266
f 969 7191 7095
f 5184 7191 974
f 30 5185 4913
f 5185 30 975
f 976 5185 3092
f 5185 976 725
f 266 5186 5181
f 5186 266 972
f 976 5186 7818
f 5186 976 967
f 5187 979 7097
f 5187 978 269
f 5188 983 6337
f 66 5188 5189
f 5188 66 980
f 5190 983 981
f 985 7781 3098
f 981 5191 5190
f 5191 981 986
f 984 5191 3097
f 5191 984 269
f 23 5192 4907
f 5192 23 973
f 987 5192 3099
f 5192 987 717
f 5193 987 979
f 269 5193 5187
f 5193 269 984
f 989 7792 273
f 6344 3102 5194
f 58 6344 5194
f 273 3101 7193
f 3102 5195 3103
f 5195 3102 991
f 993 5196 3105
f 3105 5197 994
f 991 994 5195
f 3104 5195 994
f 992 273 7700
f 5198 995 6814
f 906 6814 995
f 273 992 989
f 7510 989 3106
f 992 3106 989
f 64 5199 1000
f 5199 997 3108
f 997 3107 999
f 275 5200 998
f 3107 998 5200
f 5201 62 3109
f 1001 5202 7487
f 998 7487 275
f 5202 275 7487
f 1004 3111 860
f 6781 860 3111
f 11 6779 5203
f 5203 6779 1003
f 275 5202 1002
f 1004 3110 1001
f 5202 1001 3110
f 1005 5204 5205
f 5205 5204 18
f 853 5063 1006
f 5063 18 5204
f 999 5200 1006
f 1002 3112 275
f 5200 275 3112
f 1007 3113 5206
f 3113 1010 3119
f 5206 3119 5170
f 959 5170 3119
f 1009 1010 5207
f 1008 277 3115
f 3115 5207 1010
f 1013 1012 5208
f 3121 5208 6824
f 5208 63 6824
f 277 1008 5209
f 1013 3120 3123
f 3120 1011 5209
f 3123 5209 1008
f 711 5210 4901
f 5210 711 1015
f 975 5210 3127
f 5210 975 30
f 1014 5211 3126
f 5211 277 5212
f 3126 5212 1015
f 1011 5212 5209
f 5212 1011 1015
f 19 5175 4897
f 5175 3082 3129
f 7511 4897 3129
f 4897 7511 708
f 277 5211 5207
f 5211 1014 5213
f 5207 5213 1009
f 7511 3128 3130
f 3128 1009 5213
f 3130 5213 1014
f 1019 5214 1020
f 1017 5215 1020
f 1018 5215 280
f 59 5216 1022
f 5216 59 5167
f 5216 6577 3132
f 280 5215 1021
f 1023 5215 1017
f 787 3134 4988
f 3134 1025 5217
f 4988 5217 20
f 5177 20 5217
f 3136 5217 1025
f 280 1021 1025
f 1024 280 1025
f 31 5222 783
f 280 3137 1018
f 1027 3137 1024
f 3142 3138 7535
f 3138 1029 6826
f 6579 3145 5220
f 3145 1029 5219
f 5220 5219 282
f 1028 5221 3140
f 5221 282 5219
f 282 5221 1030
f 5221 1028 3146
f 6340 5222 31
f 1026 5222 7631
f 5222 1026 1027
f 1033 5223 7631
f 1030 5223 282
f 5223 1030 3148
f 6341 5224 3152
f 1034 3151 3154
f 3151 6579 5225
f 3154 5225 1033
f 282 5223 5220
f 5223 1033 5225
f 5220 5225 6579
f 6827 6828 6342
f 7276 7194 7195
f 7197 7198 7100
f 3167 1038 6829
f 3165 6829 5229
f 7199 7343 7200
f 7201 1041 1040
f 5233 33 5232
f 3173 5232 1041
f 3172 1041 5234
f 3180 7203 7028
f 5226 1035 3186
f 5022 818 6833
f 3191 1042 5236
f 818 6581 6833
f 287 6343 6834
f 6343 1047 6834
f 1051 5244 36
f 816 36 5244
f 1050 3196 5243
f 3196 1052 5245
f 5243 5245 287
f 3192 5245 1052
f 5246 3200 7694
f 5246 3197 1053
f 7878 3199 1053
f 7878 3198 290
f 1054 5247 6583
f 5247 1054 64
f 1000 5247 64
f 5247 1000 3201
f 5250 7757 5248
f 7757 290 3198
f 1055 7757 288
f 7757 1055 5248
f 18 4775 5205
f 4775 603 5249
f 5205 5249 1005
f 5250 1056 290
f 5250 5248 6584
f 17 5251 6265
f 5251 17 1057
f 3204 5251 3203
f 5251 3204 6088
f 290 5252 7878
f 5252 290 1056
f 58 5940 6344
f 1061 5940 1058
f 5940 1061 3206
f 292 5253 1059
f 1061 5253 1060
f 5253 1061 3205
f 5254 50 1062
f 1063 5255 1064
f 1059 3209 5255
f 5255 292 1059
f 4745 575 5256
f 9 5256 1066
f 1067 3212 3211
f 3212 1066 5256
f 3211 5256 575
f 292 5255 5257
f 5257 1065 292
f 1067 5257 1063
f 5257 1067 3210
f 3217 5258 1068
f 993 3213 5196
f 3213 1068 5258
f 5196 5258 10
f 1065 3216 292
f 1060 3216 1068
f 3216 1060 5253
f 295 5260 1070
f 5260 295 5259
f 3221 1073 5261
f 1071 5261 52
f 1072 6836 1073
f 5262 295 3224
f 3223 3224 1073
f 1070 3224 295
f 21 4761 5264
f 4761 590 5263
f 5264 5263 1075
f 1076 3228 3227
f 3228 1075 5263
f 3227 5263 590
f 295 5262 5266
f 5262 3223 5265
f 5266 5265 1074
f 1076 3226 3231
f 3226 1074 5265
f 3231 5265 3223
f 1066 3232 9
f 3232 1077 5267
f 4756 9 5267
f 3235 5267 1077
f 1074 3234 5266
f 3234 1077 5259
f 5266 5259 295
f 7573 5260 7488
f 1078 5268 52
f 5268 1078 3236
f 1071 52 5268
f 3238 5268 3236
f 5269 297 1080
f 5269 3236 1079
f 1084 5270 1081
f 53 5270 1083
f 297 5271 1082
f 5271 297 5269
f 1084 5271 1079
f 5271 1084 3239
f 6752 4985 5273
f 4985 781 5272
f 5273 5272 1086
f 1087 5272 3240
f 5272 1087 1086
f 1085 5274 1087
f 5274 1085 5276
f 1082 5274 297
f 5274 1082 3241
f 1075 1088 5275
f 5264 5275 21
f 6274 4979 3244
f 3244 5275 1088
f 5276 1085 1088
f 1080 5276 3242
f 5276 1080 297
f 1089 3246 53
f 1081 3246 1092
f 3246 1081 5270
f 1091 3247 5278
f 3247 1092 5277
f 5278 5277 300
f 1090 5277 1092
f 5277 1090 5281
f 1093 3251 5280
f 3251 1095 5279
f 5280 5279 54
f 1094 54 5279
f 300 5281 5282
f 5282 5281 3252
f 1095 3252 3254
f 3254 5281 1090
f 1098 5283 3258
f 3258 5283 34
f 34 5283 1097
f 1096 5286 3255
f 5286 300 5284
f 3255 5284 1098
f 3261 1098 5284
f 5282 5284 300
f 5273 1086 5285
f 1099 3265 3263
f 3265 798 5285
f 3263 5285 1086
f 1099 1091 5286
f 300 5286 5278
f 5278 5286 1091
f 1103 3270 3269
f 3270 1093 5287
f 3269 5287 1100
f 54 5288 5280
f 5288 1100 5287
f 5280 5287 1093
f 7031 5289 5291
f 5289 1102 5290
f 5291 5290 1101
f 1103 7204 3272
f 3272 5290 1102
f 5292 6346 7403
f 3278 5292 7403
f 5294 7031 5291
f 3275 7205 3277
f 35 5005 5296
f 5005 806 5295
f 5296 5295 1106
f 3284 1106 5295
f 3283 5295 806
f 5294 1104 5297
f 3280 7536 7489
f 3286 5297 1104
f 1097 3289 34
f 3289 802 34
f 3288 1108 5298
f 7536 5298 7031
f 1102 5289 3287
f 5289 7031 5298
f 3287 5298 1108
f 1109 6152 6840
f 6587 6346 6839
f 5300 5299 301
f 3292 5299 3295
f 1113 51 3298
f 7284 5303 6347
f 6347 5303 6841
f 817 3300 36
f 1051 3300 1115
f 1112 5305 5304
f 5304 5305 301
f 1114 5306 3301
f 5306 301 5305
f 3301 5305 1115
f 35 5296 5015
f 5296 1106 5307
f 5015 5307 813
f 3305 813 5307
f 3303 5307 1106
f 301 5306 5300
f 5306 1114 7871
f 5300 5306 7871
f 3308 1116 5311
f 3313 5310 6842
f 6348 5312 6843
f 5313 6845 6349
f 7406 5313 6844
f 3318 5155 3031
f 5155 3318 915
f 5314 6845 5315
f 3316 1119 5315
f 3320 5315 7207
f 3324 1120 5316
f 5317 5316 45
f 920 5151 3328
f 5151 45 5316
f 3328 5316 1120
f 5319 5318 7644
f 1120 3325 5318
f 3327 5318 7491
f 6593 6156 6846
f 5320 6846 5321
f 6350 5319 6351
f 7644 6594 6847
f 6592 1117 6848
f 1125 5322 1043
f 5322 1125 3334
f 1125 3333 3337
f 3337 3333 1124
f 306 3333 1123
f 33 1126 5232
f 5323 5232 1126
f 1128 5323 3338
f 5323 1128 1040
f 1128 1127 5324
f 306 5324 1127
f 913 3340 5142
f 3340 1129 5325
f 5142 5325 44
f 3341 5326 3342
f 5326 44 5325
f 3342 5325 1129
f 1124 306 1129
f 5327 3343 1168
f 325 5327 7032
f 5327 1166 7032
f 1170 7032 1166
f 7032 1170 3344
f 1173 1172 3348
f 47 3348 1172
f 1171 1175 5330
f 5329 5330 325
f 1174 325 5330
f 44 5331 937
f 325 1174 5332
f 5327 5332 3343
f 1177 5332 1174
f 5332 1177 3349
f 3350 1163 75
f 6352 1178 5333
f 1180 6353 6598
f 5152 6850 5153
f 6353 6850 6160
f 5333 6597 327
f 6159 6354 6849
f 952 3353 48
f 932 3353 1182
f 1182 5334 3354
f 1172 5336 47
f 948 47 5336
f 327 6851 5338
f 5335 6355 5337
f 5338 5335 1183
f 1184 5337 6355
f 5337 1184 3355
f 1178 1185 3346
f 1178 6352 1185
f 5338 1185 6352
f 330 1188 1186
f 5340 330 1186
f 1191 5340 1186
f 61 5321 5342
f 5321 1122 5341
f 5342 5341 1193
f 1194 3361 3360
f 3361 1193 5341
f 3360 5341 1122
f 330 5340 7033
f 5340 1189 7033
f 5343 7033 1192
f 1194 1192 7033
f 1196 3367 3364
f 45 3364 5317
f 3364 45 1180
f 330 5343 5345
f 5343 1192 5344
f 5345 5344 1195
f 5344 1196 1195
f 3368 75 1151
f 5345 1195 1187
f 5346 3369 7539
f 333 1201 5347
f 7475 5347 1201
f 33 5233 5348
f 3375 3374 3373
f 3373 5348 5233
f 333 5347 5349
f 5347 1203 3370
f 5349 3370 7759
f 3375 3370 1203
f 1204 3378 5350
f 3378 3381 3382
f 5350 7034 55
f 1036 5229 7034
f 5229 55 7034
f 3382 7034 3378
f 5349 7540 333
f 3369 5346 3379
f 1208 1198 56
f 3374 1213 5348
f 33 5348 1213
f 1126 33 3383
f 1211 1214 5351
f 44 5326 5331
f 5331 7476 1176
f 7476 1218 1176
f 338 1231 1230
f 338 1234 1231
f 1244 7758 1227
f 1244 1242 7838
f 3384 1243 6357
f 12 6262 1248
f 3385 565 7825
f 565 2174 7825
f 1250 5352 3386
f 5352 1250 561
f 11 1249 4737
f 5353 2167 1250
f 1251 5353 3387
f 5353 1251 1247
f 1250 1252 5353
f 1253 5354 76
f 1254 5354 1255
f 6852 1251 3389
f 5203 1258 11
f 1262 1261 1263
f 1268 6168 8
f 995 5198 1269
f 6168 1269 5198
f 5355 344 1269
f 5356 3391 1274
f 1273 5356 3392
f 5356 1273 77
f 8 6738 1268
f 5357 1268 6738
f 1275 5357 550
f 5357 1275 3393
f 7701 1276 5359
f 5360 1253 76
f 5360 1277 1276
f 1278 5361 3394
f 5361 1278 7819
f 1278 7879 7819
f 1279 5362 3395
f 5358 5362 1275
f 1282 5363 3397
f 3397 5363 7108
f 78 5363 1261
f 5363 78 7108
f 5364 1281 5365
f 347 5365 1280
f 1282 5365 1281
f 5365 1282 3398
f 1286 3404 7783
f 3404 1285 5367
f 1280 3405 7773
f 1284 5368 3403
f 5368 347 7773
f 3403 7773 1286
f 5354 1254 5369
f 76 5369 1288
f 1289 5369 1254
f 5369 1289 3408
f 347 5368 5371
f 5368 1284 5370
f 5371 5370 1287
f 1289 5370 3409
f 3409 5370 1284
f 1287 3411 5371
f 3411 3410 5364
f 5371 5364 347
f 1281 5364 3410
f 5372 1290 3412
f 3412 3420 5373
f 3420 1283 5373
f 3412 5373 5372
f 1292 3419 5375
f 3419 1293 5374
f 5375 5374 349
f 1291 5376 3414
f 5376 349 5374
f 3414 5374 1293
f 1296 1295 5377
f 3422 5377 1273
f 5377 77 1273
f 349 5376 5379
f 5376 1291 5378
f 5379 5378 1294
f 1296 3421 3423
f 3421 1294 5378
f 3423 5378 1291
f 3427 7107 1297
f 1294 1297 5379
f 7478 5380 3425
f 5380 349 5379
f 3425 5379 1297
f 76 1288 5381
f 5360 5381 1277
f 1298 5381 3429
f 5381 1298 1277
f 349 5380 5375
f 5380 7478 3431
f 5375 3431 1292
f 1298 3428 3431
f 3428 1292 3431
f 5382 353 1303
f 1304 5382 1303
f 353 5382 5383
f 5382 1302 5383
f 1307 5383 1302
f 600 1310 4771
f 1309 5384 3436
f 5384 17 4771
f 3436 4771 1310
f 1306 3435 5383
f 3435 1310 5385
f 5383 5385 353
f 1308 5386 3434
f 5386 353 5385
f 3434 5385 1310
f 24 4847 4770
f 1311 3440 3439
f 3440 595 4770
f 3439 4770 4847
f 353 5386 5388
f 5386 1308 5387
f 1311 3437 5387
f 658 4842 3445
f 1312 3445 5389
f 3445 1312 1313
f 353 5388 1303
f 1313 1303 5388
f 3444 5388 3437
f 355 1314 3446
f 4842 7168 5389
f 355 3446 5390
f 5391 5390 1316
f 1316 5390 3448
f 5391 1316 3447
f 355 5391 5393
f 5391 3447 5392
f 5393 5392 1317
f 7629 7712 721
f 3449 7712 7721
f 7712 1320 3450
f 355 5393 5394
f 5394 5393 1319
f 1320 5393 1317
f 355 5394 1314
f 6169 5394 1319
f 81 1323 1324
f 5395 5399 3457
f 1321 5396 6360
f 3452 5397 5395
f 5397 3452 5396
f 5397 354 5398
f 985 3454 7629
f 7721 6855 3455
f 5398 6855 6600
f 980 6601 3458
f 6601 980 66
f 6600 1327 5399
f 1327 3457 5399
f 3459 1330 7694
f 3200 6993 7694
f 1329 6361 359
f 17 5384 1057
f 7495 5384 1309
f 1057 7495 3460
f 1332 1331 1333
f 6085 5400 81
f 3462 7807 7806
f 7722 7541 5408
f 1355 3468 7600
f 3468 7827 5402
f 1354 5403 3467
f 3467 5404 1355
f 5404 1350 3469
f 1359 3473 1356
f 6362 1356 3473
f 92 5405 5406
f 7541 5403 1357
f 1359 3472 3476
f 3472 1357 5403
f 3476 5403 1354
f 1362 5407 3477
f 5407 1362 1361
f 5407 95 1360
f 6171 5408 1362
f 5410 5411 7840
f 1360 95 3482
f 6035 3482 95
f 1363 7713 5411
f 1371 1370 3487
f 5413 3487 1370
f 5414 1368 5415
f 5415 5413 6039
f 1367 7820 7210
f 1371 3483 3488
f 3483 1369 5416
f 3488 5416 1367
f 5417 1372 6856
f 5418 6856 3495
f 1369 3494 7820
f 3494 3491 5419
f 7820 5419 7210
f 5419 1364 7840
f 1377 6172 7496
f 6604 1376 6363
f 6364 5421 6857
f 5423 372 6858
f 103 5424 5426
f 5424 1378 5425
f 5426 5425 1380
f 3508 1380 5425
f 3506 5425 1378
f 5423 1375 5427
f 5428 5427 1379
f 7760 3502 3507
f 3502 1379 5427
f 3507 5427 1375
f 1381 3512 5430
f 3512 1383 5429
f 5430 5429 5944
f 3516 5429 1383
f 1379 3515 5428
f 3515 1383 7037
f 5428 7037 372
f 1382 5431 7037
f 5431 372 7037
f 3513 7037 1383
f 3518 1385 5433
f 3521 5431 1382
f 90 5434 5436
f 5434 1386 5435
f 5436 5435 1389
f 3528 3526 3525
f 3526 1389 5435
f 3525 5435 1386
f 375 5437 5439
f 5437 1388 5438
f 5439 5438 3523
f 3528 5438 1388
f 1390 3532 5441
f 3532 1393 5440
f 1392 5442 3536
f 5442 7498 7212
f 3536 5440 1393
f 1387 1393 5443
f 5439 5443 375
f 1391 5444 3533
f 5444 375 5443
f 3533 5443 1393
f 5944 5429 5446
f 5429 3516 5445
f 5446 5445 1395
f 1396 3539 3538
f 3539 1395 5445
f 3538 5445 3516
f 375 5444 5448
f 5444 1391 5447
f 5448 5447 1394
f 1396 5447 3542
f 3542 5447 1391
f 5449 1398 1378
f 3544 1398 5450
f 5448 5450 375
f 5450 1398 7880
f 85 5451 5453
f 5451 6606 5452
f 5453 5452 1401
f 1402 3548 3547
f 3548 1401 5452
f 3547 5452 6606
f 5463 378 7038
f 5454 1400 5455
f 7038 5455 1399
f 1402 6174 5455
f 6174 1399 5455
f 3552 5455 1400
f 3556 1405 5457
f 1406 3553 3558
f 3553 1404 5459
f 3558 5459 1399
f 7038 1399 5459
f 5463 5459 1404
f 3565 1408 5460
f 3562 5460 3560
f 5462 100 5460
f 5461 3560 5460
f 5462 5460 1408
f 378 5463 1407
f 3562 3559 3564
f 3559 1407 5463
f 3564 5463 1404
f 3567 3566 5465
f 3566 1410 5464
f 5465 5464 105
f 1409 6063 3570
f 6063 105 5464
f 3570 5464 1410
f 1407 3569 378
f 3569 1410 5454
f 1400 5454 1410
f 6609 3573 6366
f 6857 5420 6367
f 5420 84 6366
f 6367 6366 3573
f 5467 6368 7214
f 6368 5467 6859
f 5470 6860 6369
f 5469 6369 6861
f 1413 6912 6862
f 1414 3584 7041
f 7635 5472 96
f 1416 5473 7784
f 5468 7216 7214
f 3585 7359 3587
f 5426 1380 7704
f 1417 3589 7743
f 380 5474 7039
f 7039 5476 6863
f 1417 3588 3591
f 3591 5476 5474
f 1421 5477 3595
f 5477 1421 7807
f 89 5477 3462
f 5477 89 1418
f 383 5478 5480
f 5478 1420 5479
f 5480 5479 1419
f 1421 3592 3597
f 3592 1419 5479
f 3597 5479 1420
f 1422 3601 5482
f 3601 1425 5481
f 5482 5481 110
f 1424 5483 3606
f 5483 110 5481
f 3606 5481 1425
f 1419 3605 5480
f 3605 1425 5484
f 5480 5484 383
f 1423 5485 3602
f 5485 383 5484
f 3602 5484 1425
f 5487 5486 1427
f 1428 3611 3610
f 3611 1427 5486
f 383 5485 5489
f 5485 1423 5488
f 5489 5488 1426
f 1428 3607 3614
f 3607 1426 5488
f 3614 5488 1423
f 1429 3620 5490
f 3615 5490 5402
f 1426 3619 5489
f 3619 1429 5491
f 5489 5491 383
f 1420 5478 3617
f 5478 383 5491
f 3617 5491 1429
f 1434 3630 3625
f 3630 1433 5492
f 3625 5492 1430
f 88 5493 5494
f 5493 1430 5492
f 5494 5492 1433
f 1432 3629 5496
f 3629 1434 5495
f 5496 5495 386
f 1431 5497 3621
f 5497 386 5495
f 3621 5495 1434
f 1435 3634 5499
f 3634 1438 5498
f 5499 5498 108
f 1437 5500 3637
f 5500 108 5498
f 3637 5498 1438
f 386 5497 5502
f 5497 1431 5501
f 5502 5501 1436
f 1438 3631 3635
f 3631 1436 5501
f 3635 5501 1431
f 1427 3641 5487
f 3641 1441 5503
f 1439 5504 3642
f 5504 386 5505
f 3642 5505 1441
f 1436 3643 5502
f 3643 1441 5505
f 5502 5505 386
f 110 5506 5482
f 5506 1442 5507
f 5482 5507 1422
f 1443 3649 3647
f 3649 1422 5507
f 3647 5507 1442
f 1443 3648 3651
f 3648 1432 5508
f 3651 5508 1439
f 386 5504 5496
f 5504 1439 5508
f 5496 5508 1432
f 1389 3652 7040
f 90 7040 5509
f 1446 5509 3655
f 7040 90 5436
f 3655 7040 1447
f 1444 6865 1447
f 5510 388 1445
f 103 5511 1397
f 1448 5511 7217
f 5510 6866 388
f 6866 6865 6370
f 5512 7635 96
f 1451 3663 3661
f 3663 1435 5513
f 3661 5513 1450
f 108 5514 5499
f 5514 1450 5513
f 5499 5513 1435
f 3654 7647 3658
f 5515 3658 6371
f 1401 3666 5453
f 3666 1454 5516
f 5453 5516 85
f 7045 85 5516
f 3671 5516 1454
f 3670 7564 5517
f 5518 5517 392
f 1452 5519 3667
f 5519 392 5517
f 3667 5517 1454
f 105 5520 5465
f 5520 1455 5521
f 5465 5521 3567
f 3676 3567 5521
f 3675 5521 1455
f 392 5519 5523
f 5519 1452 5522
f 5523 5522 1456
f 3675 3672 3677
f 3672 1456 5522
f 3677 5522 1452
f 1457 3681 5525
f 3681 1460 5524
f 5525 5524 98
f 1459 5526 3686
f 5526 98 5524
f 3686 5524 1460
f 1456 3685 5523
f 3685 1460 5527
f 5523 5527 392
f 1458 5528 3682
f 5528 392 5527
f 3682 5527 1460
f 3690 5530 5529
f 392 5528 5518
f 5528 1458 5532
f 5518 5532 1453
f 1462 3687 3694
f 3687 1453 5532
f 3694 5532 1458
f 1465 3698 5533
f 3698 1464 5533
f 1465 5533 1463
f 5534 1463 5533
f 5535 5533 1464
f 396 5536 5537
f 5536 3718 3700
f 5537 5536 3695
f 1465 3695 3700
f 1466 3704 5539
f 3704 1469 5538
f 5539 5538 107
f 1468 5540 3708
f 5540 107 5538
f 3708 5538 1469
f 1467 5541 3705
f 5541 396 5542
f 3705 5542 1469
f 3706 1469 5542
f 5537 5542 396
f 98 5526 5544
f 5526 1459 5543
f 5544 5543 1471
f 1472 3712 3711
f 3712 1471 5543
f 3711 5543 1459
f 396 5541 5546
f 5541 1467 5545
f 5546 5545 1470
f 1472 3710 5545
f 3710 1470 5545
f 3715 5545 1467
f 3716 1474 5547
f 1473 5547 105
f 1455 5520 3721
f 5520 105 5547
f 3721 5547 1474
f 1470 3720 5546
f 3720 1474 5548
f 5546 5548 396
f 5536 396 5548
f 3718 5548 1474
f 1433 3722 5494
f 3722 1478 5549
f 5494 5549 88
f 1477 5550 3728
f 5550 88 5549
f 3728 5549 1478
f 1475 5551 3724
f 5551 399 5552
f 3724 5552 1478
f 1476 3726 5553
f 3726 1478 5552
f 5553 5552 399
f 1479 3733 5555
f 3733 1481 5554
f 5555 5554 110
f 1442 5506 3738
f 5506 110 5554
f 3738 5554 1481
f 399 5551 5556
f 5557 5556 1480
f 1481 3734 3736
f 3734 1480 5556
f 3736 5556 5551
f 1471 3741 5544
f 3741 1484 5558
f 5544 5558 98
f 1483 5559 3746
f 5559 98 5558
f 3746 5558 1484
f 1480 3745 5557
f 3745 1484 5560
f 5557 5560 399
f 1482 5561 3742
f 5561 399 5560
f 3742 5560 1484
f 107 5562 5539
f 5562 1485 5563
f 5539 5563 1466
f 1486 3751 3750
f 3751 1466 5563
f 3750 5563 1485
f 399 5561 5553
f 5561 1482 5564
f 5553 5564 1476
f 1486 3747 3753
f 3747 1476 5564
f 3753 5564 1482
f 1365 5565 5409
f 5565 1418 89
f 400 5566 5568
f 5566 1488 5567
f 5568 5567 1487
f 1489 5567 1488
f 5531 1461 5569
f 5417 5569 1372
f 7626 3761 3759
f 3761 1372 5569
f 3759 5569 1461
f 1490 5570 3760
f 5570 400 5571
f 3760 5571 7626
f 1487 7648 5568
f 7648 7626 5571
f 5568 5571 400
f 98 5559 5525
f 5559 1483 5572
f 5525 5572 1457
f 1492 3766 3765
f 3766 1457 5572
f 3765 5572 1483
f 400 5570 5574
f 5570 1490 5573
f 5574 5573 1491
f 1492 3762 3768
f 3762 1491 5573
f 3768 5573 1490
f 110 5483 5555
f 5483 1424 5575
f 5555 5575 1479
f 1493 3774 3770
f 3774 1479 5575
f 3770 5575 1424
f 1491 3773 5574
f 3773 1493 5576
f 5574 5576 400
f 1488 5566 3771
f 5566 400 5576
f 3771 5576 1493
f 3775 1498 1494
f 86 5577 1497
f 404 5578 5579
f 5578 7834 1495
f 109 5580 5582
f 5580 1499 5581
f 5582 5581 1501
f 1502 3782 3777
f 3782 1501 5581
f 3777 5581 1499
f 1500 5579 1502
f 5578 1495 5579
f 3781 1502 5579
f 102 5583 1504
f 1505 3784 6868
f 1505 1503 5584
f 7698 5584 1500
f 404 5584 1503
f 5584 404 5579
f 5585 1506 5586
f 1508 5586 1506
f 5586 1508 1507
f 1503 3790 404
f 1496 3790 1508
f 3790 1496 5578
f 5587 91 5588
f 3796 5588 1511
f 1509 3791 5589
f 3791 1511 5588
f 5589 5588 91
f 5590 1510 5591
f 5592 5591 3793
f 1511 3793 3800
f 3800 5591 1510
f 3804 1513 5593
f 6869 111 6870
f 3793 3803 5592
f 5592 3802 5594
f 1512 5594 3802
f 5594 5590 5592
f 102 5595 5903
f 5595 102 1504
f 1516 1515 5595
f 3808 5595 1504
f 5590 5594 5596
f 5594 1512 3810
f 5596 3810 3806
f 1516 3806 3810
f 3806 1514 5596
f 1517 3812 5598
f 3812 1518 3815
f 5598 5597 109
f 1499 5580 3815
f 5580 109 5597
f 3815 5597 3812
f 1514 1518 5599
f 5596 5599 5590
f 1510 5590 5599
f 3813 5599 1518
f 1519 5600 87
f 1521 7544 410
f 1520 7544 5600
f 104 5602 1524
f 410 5601 1523
f 1523 5603 410
f 5603 1523 3817
f 106 5604 7724
f 5604 1529 5605
f 5606 5605 1530
f 1531 5605 1529
f 410 5607 1521
f 5607 410 5603
f 5607 1531 3820
f 91 5608 5589
f 5608 1532 5609
f 5589 5609 1509
f 1534 3827 3826
f 3827 1509 5609
f 3826 5609 1532
f 412 5610 5611
f 1534 3822 1533
f 3822 5611 5610
f 3830 1537 3833
f 1536 5612 3833
f 3833 5612 3830
f 3832 3833 1537
f 5611 5613 412
f 6871 6614 1526
f 6871 6372 7707
f 6872 5614 7864
f 5614 6872 412
f 1513 3836 6869
f 7454 6869 3836
f 6615 1541 7657
f 5613 5614 412
f 1533 5610 3837
f 5610 412 5615
f 3837 5615 1542
f 1543 3841 5617
f 3841 1546 5616
f 5617 5616 88
f 1430 5493 3846
f 5493 88 5616
f 3846 5616 1546
f 1545 3845 5619
f 3845 1546 5618
f 5619 5618 415
f 1544 5620 3842
f 5620 415 5618
f 3842 5618 1546
f 91 5587 5622
f 5587 3796 3850
f 5622 5621 1548
f 1549 3851 3850
f 3851 1548 5621
f 3850 5621 5587
f 415 5620 5624
f 5620 1544 5623
f 5624 5623 1547
f 1549 3847 3854
f 3847 1547 5623
f 3854 5623 1544
f 1550 3858 5626
f 3858 1552 5625
f 5626 5625 109
f 1517 5598 3862
f 5598 109 5625
f 3862 5625 1552
f 1547 3860 5624
f 3860 1552 5627
f 5624 5627 415
f 1551 5628 3859
f 5628 415 5627
f 3859 5627 1552
f 108 5500 5630
f 5500 1437 5629
f 5630 5629 1553
f 1554 3866 3865
f 3866 1553 5629
f 3865 5629 1437
f 415 5628 5619
f 5628 1551 5631
f 5619 5631 1545
f 1554 3863 3869
f 3863 1545 5631
f 3869 5631 1551
f 107 5540 5633
f 5540 1468 5632
f 5633 5632 1557
f 1558 3872 3871
f 3872 1557 5632
f 3871 5632 1468
f 1558 3870 5634
f 3870 1555 5634
f 3876 5634 1556
f 418 5635 5636
f 5635 1556 5634
f 5636 5634 1555
f 1559 3877 5637
f 3877 1560 5637
f 5638 5637 5534
f 1463 5534 3880
f 3880 5637 1560
f 1555 3879 5636
f 3879 1560 5639
f 5636 5639 418
f 3882 5640 1560
f 5640 418 5639
f 418 5640 3881
f 1562 5640 3882
f 1563 3885 106
f 3885 1564 106
f 3886 1529 1564
f 1556 5635 7775
f 5635 418 5641
f 3881 5641 418
f 5641 3886 7775
f 3890 6874 6873
f 1568 3887 6179
f 5643 3887 1565
f 5644 1566 7042
f 1569 3892 5647
f 3892 1571 5646
f 5647 5646 90
f 1386 5434 3899
f 5434 90 5646
f 3899 5646 1571
f 1565 3898 5645
f 3898 1571 5648
f 5645 5648 420
f 1570 5649 3894
f 5649 420 5648
f 3894 5648 1571
f 86 5650 1573
f 420 5649 6374
f 5649 1570 5651
f 7821 6876 1574
f 7545 6877 6619
f 5644 420 6374
f 5652 6878 6618
f 106 7724 5653
f 5612 1536 5653
f 106 5653 1563
f 1578 3905 1536
f 3905 1563 5653
f 421 5654 5656
f 5654 1577 5655
f 5656 5655 1576
f 1578 3902 3908
f 3902 1576 5655
f 3908 5655 1577
f 1548 3911 5622
f 3911 1580 5657
f 5622 5657 91
f 1532 5608 3915
f 5608 91 5657
f 3915 5657 1580
f 1576 3914 5656
f 3914 1580 5658
f 5656 5658 421
f 1579 5659 3912
f 5659 421 5658
f 3912 5658 1580
f 88 5550 5617
f 5550 1477 5660
f 5617 5660 1543
f 1582 3920 3919
f 3920 1543 5660
f 3919 5660 1477
f 421 5659 5662
f 5659 1579 5661
f 5662 5661 1581
f 1582 3916 3922
f 3916 1581 5661
f 3922 5661 1579
f 1557 3924 5633
f 3924 1583 5663
f 5633 5663 107
f 1485 5562 3928
f 5562 107 5663
f 3928 5663 1583
f 1581 3927 5662
f 3927 1583 5664
f 5662 5664 421
f 1577 5654 3925
f 5654 421 5664
f 3925 5664 1583
f 1553 3931 5630
f 3931 1586 5665
f 5630 5665 108
f 1450 5514 3936
f 5514 108 5665
f 3936 5665 1586
f 1585 3935 5667
f 3935 1586 5666
f 5667 5666 422
f 1584 5668 3932
f 5668 422 5666
f 3932 5666 1586
f 109 5582 5626
f 5582 1501 5669
f 5626 5669 1550
f 1587 3941 3940
f 3941 1550 5669
f 3940 5669 1501
f 422 5668 5671
f 5668 1584 5670
f 5671 5670 3937
f 1587 3937 5670
f 3943 5670 1584
f 1573 5672 86
f 1494 86 5672
f 3937 3945 5671
f 3945 1589 5673
f 5671 5673 422
f 1588 5674 3944
f 5674 422 5673
f 3944 5673 1589
f 90 5509 5647
f 5509 1446 5675
f 5647 5675 1569
f 1590 3949 3948
f 3949 1569 5675
f 3948 5675 1446
f 422 5674 5667
f 5674 1588 3951
f 5667 5676 1585
f 1590 3946 3951
f 3946 1585 5676
f 3951 5676 5674
f 5677 6375 1593
f 1592 5678 5687
f 5678 1592 7219
f 1597 5679 3952
f 5679 1597 1575
f 5585 5680 7545
f 5680 1595 5679
f 7658 1591 5681
f 1597 1596 3953
f 5681 3953 1596
f 1598 1601 5682
f 1600 5682 3955
f 5682 1600 112
f 1596 1601 5681
f 5683 5681 1601
f 5684 1602 5686
f 5686 5685 6879
f 1604 3958 3957
f 3958 1603 5685
f 3957 5685 1602
f 1604 1592 5687
f 7863 6888 6880
f 1607 7518 6880
f 5690 1609 1598
f 112 5690 5682
f 5690 112 1608
f 5691 6884 7546
f 6885 6188 6883
f 5694 6626 6884
f 5694 6379 6885
f 5697 6944 6886
f 6628 3974 6380
f 5696 6380 6887
f 1613 6628 6886
f 7863 6881 6382
f 6190 6631 6383
f 5698 6383 6888
f 3982 1617 5699
f 3981 5699 6889
f 431 5701 5703
f 5701 1616 5702
f 5703 5702 1615
f 1618 3979 3986
f 3979 1615 5702
f 3986 5702 1616
f 5704 6384 6891
f 3993 5704 1621
f 1615 3992 5703
f 3992 1621 5705
f 5703 5705 431
f 1620 5706 3990
f 5706 431 5705
f 3990 5705 1621
f 5707 1622 5708
f 5709 5708 1624
f 1625 3999 3998
f 3999 1624 5708
f 3998 5708 1622
f 431 5706 5711
f 5706 1620 5710
f 5711 5710 1623
f 1625 3994 4002
f 3994 1623 5710
f 4002 5710 1620
f 5974 4004 117
f 1626 4004 4008
f 4004 1626 117
f 1623 4007 5711
f 4007 4008 5712
f 5711 5712 431
f 1616 5701 4005
f 5701 431 5712
f 4005 5712 4008
f 6890 6891 5714
f 1619 6890 6892
f 6633 6632 6892
f 1627 6633 5714
f 5715 1629 5716
f 4015 5716 1629
f 1632 5719 6385
f 6385 5719 7705
f 4022 1632 7868
f 7868 4023 5720
f 4022 5720 1634
f 118 5720 1636
f 435 5719 5722
f 5719 1632 5721
f 5722 5721 1635
f 1624 4025 5709
f 4025 1638 5723
f 5709 5723 5724
f 1637 5724 4030
f 5724 5707 5709
f 4030 5723 1638
f 1635 4029 5722
f 4029 1638 5725
f 5722 5725 435
f 1629 5715 4026
f 5715 435 5725
f 4026 5725 1638
f 4036 5728 5726
f 7853 5727 5726
f 5726 1639 4033
f 6195 6635 5730
f 1641 5730 120
f 1643 5731 4041
f 5731 120 5730
f 4041 5730 6635
f 4040 5732 7121
f 1644 4045 5735
f 4045 1647 5734
f 5735 5734 119
f 1646 119 5734
f 4050 5734 1647
f 7749 5733 7637
f 4046 1645 5737
f 4049 5736 5733
f 4052 1648 7808
f 5738 7808 122
f 4055 7808 1648
f 5737 1645 4054
f 1652 4065 4061
f 5740 1649 4061
f 5741 5740 4065
f 1652 4057 7852
f 4057 1650 5742
f 1651 7852 7043
f 1653 5743 123
f 5743 1653 4069
f 1655 5744 4073
f 5744 123 5743
f 4073 5743 1656
f 5742 1650 5745
f 5746 5745 1654
f 1656 4067 4072
f 4067 1654 5745
f 4072 5745 1650
f 1657 1660 5747
f 5747 1659 121
f 1654 4079 5746
f 4079 1660 7499
f 1658 5748 7499
f 4075 7499 1660
f 1661 5749 124
f 5749 1661 4082
f 5750 124 5749
f 4086 5749 1662
f 5748 1658 5751
f 7043 5751 1651
f 1662 4083 4085
f 4083 1651 5751
f 4085 5751 1658
f 6386 5753 6893
f 6638 7296 6893
f 5754 6387 6895
f 4090 6637 6388
f 5754 6388 6896
f 4090 5754 6895
f 1655 5756 5744
f 1666 5757 4098
f 5757 123 5744
f 4098 5756 6639
f 6197 5758 6897
f 6653 4102 7044
f 4102 1667 4106
f 7044 4106 5740
f 1649 5740 4106
f 4109 1668 6899
f 4108 5762 7045
f 6894 6896 6390
f 5763 6390 6900
f 5763 6391 1664
f 6640 6198 6900
f 5764 6902 5765
f 1674 4114 4113
f 4114 1673 5765
f 4113 5765 1670
f 4120 1676 5767
f 5750 5767 124
f 1675 5768 4125
f 5768 124 5767
f 4125 5767 1676
f 4124 1676 5769
f 5770 7364 5769
f 4121 5769 1676
f 1677 5771 121
f 5771 1677 4129
f 1657 121 5771
f 4133 5771 1679
f 1679 4130 4132
f 4130 1678 6903
f 4132 6903 5770
f 6392 5773 6905
f 4139 1681 6905
f 4136 5773 6904
f 1678 7125 6393
f 5418 1373 7226
f 4144 7226 1373
f 447 5775 5777
f 5775 1684 5776
f 5777 5776 1683
f 1685 4141 4147
f 4141 1683 5776
f 4147 5776 1684
f 1687 4152 5778
f 5777 5779 447
f 1686 5780 4149
f 5780 447 5779
f 1659 5781 121
f 5781 1659 4155
f 1677 5781 4158
f 5781 1677 121
f 447 5780 5783
f 5780 1686 5782
f 5783 5782 1688
f 1689 4153 4157
f 4153 1688 5782
f 4157 5782 1686
f 1666 1690 5784
f 5757 5784 123
f 5784 1653 123
f 1688 4162 5783
f 4162 1690 5785
f 5783 5785 447
f 1684 5775 4160
f 5775 447 5785
f 4160 5785 1690
f 5764 6901 6394
f 5786 6394 6906
f 5786 6395 6902
f 1405 6649 6906
f 7415 5788 6908
f 6651 4167 6396
f 4167 1693 6908
f 6396 5788 6907
f 6397 5790 6899
f 7305 4169 6398
f 6907 5787 6399
f 5787 1691 6398
f 6399 6398 4169
f 5741 5791 5740
f 6653 7044 4181
f 7044 5740 5791
f 4181 5791 4177
f 6400 5792 6909
f 1675 4184 5768
f 5768 5794 124
f 1661 5794 4186
f 5794 1661 124
f 4185 5795 6910
f 6860 6401 6911
f 5796 6913 6914
f 6658 4193 6403
f 6403 5797 6916
f 6915 5799 6404
f 6404 5797 6657
f 6663 4198 6405
f 6405 5800 6917
f 6918 5801 6406
f 6406 5800 6662
f 6916 5799 6407
f 6407 5802 6919
f 6660 4195 6408
f 6659 1699 6919
f 6408 5802 6915
f 4202 1702 5804
f 5728 5804 7853
f 1701 7228 4206
f 4206 5804 1702
f 7567 4205 6409
f 6409 5805 6921
f 6920 5806 6410
f 6410 5805 4205
f 1703 4209 5808
f 4209 6668 5807
f 5808 5807 122
f 7122 5738 4211
f 5738 122 5807
f 4211 5807 6668
f 6921 5806 6411
f 6411 5809 6922
f 6666 4207 6412
f 6412 5809 6920
f 93 6926 6925
f 4218 6672 6413
f 5810 6413 6925
f 5813 6932 6414
f 5812 6414 6927
f 4214 6670 6415
f 5812 6415 6928
f 7706 1708 5814
f 5731 5814 120
f 6689 5815 4222
f 5815 120 5814
f 4222 5814 1708
f 6675 6677 7575
f 1705 6675 5816
f 1639 5727 4227
f 4227 7547 1710
f 6929 6930 6417
f 5817 6417 6931
f 6931 7307 6418
f 5817 6418 452
f 1698 5801 7548
f 6221 4229 6420
f 6680 1711 6419
f 6420 7548 6918
f 4232 6682 6421
f 5819 6421 6932
f 1709 6223 6933
f 5813 6928 6422
f 5819 6422 6933
f 4235 1714 6934
f 1713 4240 5822
f 4240 1714 5821
f 5822 5821 453
f 1712 5823 4236
f 5823 453 5821
f 4236 5821 1714
f 97 6911 5401
f 5796 6914 5824
f 1716 4244 4243
f 4244 1353 5824
f 4243 5824 6914
f 453 5823 5826
f 5823 1712 5825
f 5826 5825 1715
f 1716 4241 7482
f 7482 5825 1712
f 4248 1718 5827
f 7716 5827 122
f 1703 5808 4252
f 5808 122 5827
f 4252 5827 1718
f 1715 4251 5826
f 4251 1718 5828
f 5826 5828 453
f 1717 5829 4249
f 5829 453 5828
f 4249 5828 1718
f 1720 4256 4255
f 4256 1644 5830
f 1719 5830 5831
f 119 5831 5735
f 5830 1719 4255
f 5735 5830 1644
f 453 5829 5822
f 5829 1717 5832
f 5822 5832 1713
f 1720 4253 4258
f 4253 1713 5832
f 4258 5832 1717
f 1723 4264 7650
f 5836 7230 7458
f 6686 4265 6423
f 7230 6423 7458
f 7003 1724 6936
f 4268 5837 6935
f 1719 5831 7661
f 5831 119 5840
f 6689 4274 5815
f 4274 1726 5841
f 5815 5841 120
f 1641 120 5841
f 4277 5841 1726
f 5843 5842 6938
f 4279 7668 6424
f 5842 6424 6938
f 6939 6940 6425
f 6425 5844 6942
f 7603 6233 6941
f 5697 6887 6426
f 5845 6426 6943
f 5845 6427 6944
f 7679 6942 6428
f 5846 6428 6945
f 457 7678 6946
f 5846 7549 6946
f 1732 6236 6945
f 5848 4295 6947
f 6728 6239 6948
f 1610 6882 6947
f 6430 6949 5847
f 5850 6430 6950
f 4297 6698 6431
f 5850 6431 6951
f 1734 6699 5852
f 1735 127 4300
f 5852 4300 127
f 125 5855 5857
f 5855 1736 5856
f 5857 5856 1737
f 1738 4304 7809
f 4304 1737 7809
f 4303 5856 1736
f 457 5854 7822
f 126 5859 5861
f 5859 6016 5860
f 5861 5860 1742
f 4311 1742 5860
f 4310 5860 1739
f 6701 5862 1741
f 461 5862 1740
f 5862 461 5863
f 4316 1746 1745
f 130 4316 1745
f 461 5864 5865
f 5864 461 1740
f 1746 5864 4317
f 5864 1746 1744
f 1747 4320 131
f 4320 1749 131
f 1744 1750 5865
f 4318 5865 1750
f 4318 1748 461
f 4322 127 1751
f 127 4322 1753
f 1741 5863 1753
f 1748 5863 461
f 5863 1748 4323
f 4325 1734 1752
f 5852 1752 1734
f 463 1755 5866
f 1756 1754 4326
f 5866 4326 1754
f 1757 5867 131
f 1747 5867 4329
f 5867 1747 131
f 1754 1759 5866
f 5868 5866 1759
f 1758 463 5868
f 463 1758 6953
f 6702 1761 4330
f 1762 7550 7136
f 1755 463 4333
f 1766 1765 4336
f 128 4336 1765
f 466 5873 5869
f 1766 4334 4340
f 1749 5870 131
f 5870 1749 4341
f 5870 1757 131
f 4334 4344 5869
f 5869 5871 466
f 1767 466 5871
f 4341 5871 4344
f 1743 130 4346
f 1768 4346 130
f 466 1767 5872
f 1770 4345 5872
f 5872 7049 466
f 1774 4348 5874
f 955 59 5874
f 4351 5874 4348
f 5875 4348 4349
f 1775 7761 4349
f 5585 5586 7501
f 5586 1507 7500
f 7501 7500 1778
f 4356 4354 4353
f 4354 1778 7500
f 4353 7500 1507
f 469 7761 5877
f 7761 1775 5876
f 5877 5876 1777
f 4352 1777 5876
f 4356 5876 1775
f 1779 5878 102
f 6868 5583 4360
f 5583 102 5878
f 4360 5878 1781
f 1777 4359 5877
f 4359 1781 5879
f 5877 5879 469
f 1780 5879 1781
f 5170 5880 5881
f 5881 5880 4362
f 4366 4363 4362
f 4363 1782 5881
f 4362 5880 961
f 469 5879 5882
f 5879 1780 5882
f 469 5882 1776
f 4361 1776 5882
f 4366 5882 1780
f 965 5883 1785
f 5883 965 5180
f 1784 7234 6706
f 6438 472 6435
f 6243 5884 6707
f 65 5884 1790
f 5884 65 6336
f 6707 4368 6436
f 1790 4370 65
f 977 4370 1793
f 4369 6708 1793
f 1792 5885 474
f 5885 1792 4371
f 6244 4372 6439
f 474 4372 1794
f 4372 474 5885
f 1795 4374 104
f 4374 7006 5602
f 1796 5886 1797
f 1794 5886 474
f 5886 1794 4375
f 1799 5189 982
f 5189 1799 4377
f 66 5189 1798
f 474 5887 1792
f 5887 474 5886
f 1799 5887 1796
f 5887 1799 4376
f 6710 6245 6955
f 5888 6710 6955
f 4380 1804 1724
f 5838 6936 5889
f 1804 5889 6936
f 6955 4379 1803
f 1806 4381 5891
f 4381 1808 5890
f 1807 5892 1808
f 4382 1808 5892
f 1803 4382 5888
f 58 1810 1809
f 1810 58 5194
f 5888 5892 1802
f 5892 1807 4383
f 64 5893 5199
f 5893 64 477
f 1812 5893 7651
f 5893 1812 997
f 479 1811 5897
f 5894 5897 1811
f 4384 1815 5895
f 6901 5895 101
f 1814 5896 4385
f 5896 101 5895
f 4385 5895 1815
f 1812 1815 5897
f 1813 479 7551
f 1818 1680 4386
f 6904 4386 1680
f 5772 1816 6904
f 479 1813 5898
f 1818 1817 4387
f 5898 4387 1817
f 1819 5899 4389
f 5899 1819 5201
f 1817 5899 5898
f 1811 479 4388
f 5898 4388 479
f 1782 5900 5881
f 5881 5900 5206
f 1007 5206 4395
f 5206 5170 5881
f 4395 5900 1821
f 1820 4393 5902
f 4393 1821 5901
f 4392 5901 1821
f 102 5903 1779
f 1823 5903 1515
f 5903 1823 4398
f 5902 5901 5905
f 5901 4392 5904
f 5905 5904 1822
f 1823 4397 4399
f 4397 1822 5904
f 4399 5904 4392
f 1822 4402 5905
f 4402 1825 5906
f 5905 5906 5902
f 1824 5906 1825
f 4404 4405 5907
f 5907 63 5208
f 5906 1824 5908
f 5902 5908 1820
f 4404 5908 1824
f 4409 7552 1826
f 1016 5214 5909
f 5909 4409 1016
f 5911 4408 1826
f 5911 4407 481
f 112 1600 4410
f 4410 1828 4412
f 4413 481 4407
f 4413 1828 1827
f 1778 4415 4416
f 1595 5680 4416
f 5680 5585 7501
f 1827 481 4413
f 481 1827 4415
f 1829 481 4415
f 59 5910 5874
f 5910 59 1022
f 1830 5910 4417
f 5910 1830 1774
f 5911 481 1829
f 1830 5911 4418
f 5911 1830 4408
f 7138 4422 5912
f 4426 7235 4422
f 6712 5913 4423
f 5913 482 5914
f 4423 5914 1832
f 1831 4424 5914
f 4424 1832 5914
f 5919 5914 482
f 1834 7523 4428
f 4428 7662 5693
f 7523 1834 5916
f 4430 5916 6712
f 482 5913 5918
f 5913 6712 5916
f 5918 5916 7708
f 1608 5917 4433
f 5917 1608 112
f 4412 5917 4410
f 5917 4412 1836
f 4432 7708 1836
f 5918 4432 1835
f 1837 7552 4434
f 5919 482 1835
f 1837 5919 4435
f 5919 1837 1831
f 6441 5924 6958
f 4451 1844 5927
f 4449 5927 1844
f 7465 7240 7241
f 5239 51 7242
f 1636 4462 118
f 1849 4462 1850
f 1848 5932 4463
f 5932 486 5933
f 4463 5933 1850
f 7876 1850 5933
f 5931 5933 486
f 4467 1851 5934
f 486 5932 5934
f 5932 1848 6442
f 6831 6443 6440
f 1851 7244 6960
f 1847 7889 5936
f 1853 5246 6083
f 3197 5246 1856
f 1854 5937 1856
f 1855 5937 488
f 100 5462 1858
f 1859 5462 1408
f 1859 5938 1854
f 5938 1859 4472
f 488 5938 1857
f 5938 488 5937
f 101 5896 5456
f 5896 1814 5939
f 5456 5939 7213
f 1861 5939 4473
f 5939 1861 1403
f 1857 4475 488
f 1860 4475 1861
f 1054 477 64
f 488 4476 1855
f 1054 4476 1860
f 5940 58 1809
f 1864 5940 4477
f 5940 1864 1058
f 490 1863 5941
f 1864 5941 4478
f 5941 1864 1862
f 1385 4480 5433
f 4481 1865 5942
f 5433 5942 7456
f 1806 5891 4483
f 5891 93 5942
f 4483 5942 1865
f 1862 5943 5941
f 5943 1862 1865
f 4479 490 5943
f 5944 1866 5945
f 5430 5945 1381
f 1868 4486 4484
f 4486 1381 5945
f 4484 5945 1866
f 490 4479 5946
f 5946 5948 490
f 1868 5946 4487
f 5946 1868 1867
f 5947 1869 50
f 5948 1867 1870
f 1863 490 5948
f 5948 4488 1863
f 1872 5949 4489
f 5949 1872 6585
f 50 5949 1069
f 5949 50 1869
f 491 5950 5952
f 5950 491 1871
f 1872 5950 4491
f 5950 1872 7055
f 1395 1874 5951
f 5446 5951 5944
f 1866 5944 4494
f 4494 5951 1874
f 1873 5953 4493
f 5953 491 5952
f 4493 5952 1874
f 7498 7246 7212
f 5954 1875 5955
f 5441 5955 1390
f 1877 4500 4499
f 4500 1390 5955
f 4499 5955 1875
f 491 5953 5957
f 5953 1873 5956
f 5957 5956 1876
f 1877 4495 4501
f 4495 1876 5956
f 4501 5956 1873
f 1878 52 5958
f 4504 5958 1879
f 5958 6836 1879
f 1876 1879 5959
f 5957 5959 491
f 5959 1871 491
f 1882 1078 4507
f 52 4507 1078
f 4507 52 1878
f 493 5960 1880
f 5960 493 1881
f 1882 5960 1881
f 5960 1882 4505
f 1593 5961 5677
f 5677 5961 7246
f 1875 5954 4510
f 4510 5961 1884
f 1883 5962 1884
f 1880 5962 493
f 5962 1880 4509
f 113 5963 5684
f 5963 1885 5964
f 5684 5964 4512
f 1887 5964 1885
f 5964 1887 4512
f 1883 5965 5962
f 5965 1883 1887
f 1886 5965 4511
f 5965 1886 493
f 5966 4514 1888
f 5966 53 1083
f 493 5967 1881
f 5967 493 1886
f 4514 5967 4515
f 5967 4514 1881
f 5968 1089 53
f 1888 5968 5966
f 5968 1888 1891
f 1890 5969 5970
f 5969 1890 1891
f 1889 5971 4516
f 5971 494 5969
f 4516 5969 1891
f 5700 1617 5972
f 5963 5972 1885
f 4524 4522 4520
f 4522 1885 5972
f 4520 5972 1617
f 4524 5973 1889
f 494 5971 5973
f 5971 1889 5973
f 5973 5975 494
f 1892 5976 5975
f 5976 494 5975
f 1894 5977 4537
f 5977 54 4532
f 4537 4532 1895
f 1094 4532 54
f 494 5976 5970
f 5976 1892 4535
f 1895 4533 4536
f 4533 1890 5970
f 4536 5970 5976
f 4540 5978 1894
f 54 5977 5288
f 5977 1894 5978
f 5288 5978 1100
f 7247 1897 5979
f 5980 5979 1896
f 4538 1896 5979
f 4541 1898 1897
f 5981 117 1626
f 5981 4528 117
f 1896 4545 5980
f 4545 1900 5982
f 5980 5982 5986
f 1899 5982 1900
f 5983 1901 5984
f 5707 5984 1622
f 4552 4550 4549
f 4550 1622 5984
f 4549 5984 1901
f 5982 1899 5985
f 4552 5985 1899
f 6961 6838 6444
f 1105 4553 6444
f 4553 7320 7605
f 6961 5989 6718
f 4559 6963 4563
f 5707 5724 5983
f 5724 1637 5991
f 5983 5991 1901
f 4568 1901 5991
f 4567 5991 1637
f 7846 1905 5992
f 5993 5992 1905
f 1849 5994 118
f 1634 118 5994
f 1905 4570 5993
f 4570 1907 5993
f 7151 5993 1907
f 7242 1113 4572
f 7607 7057 7250
f 4573 4571 7250
f 4574 1909 6965
f 6723 5995 6966
f 5320 5995 7382
f 4577 1911 6967
f 6725 5996 6445
f 5861 5998 126
f 1913 5999 4588
f 5999 126 5998
f 5997 6967 4587
f 1914 4585 6000
f 4585 1912 6001
f 4591 1751 7524
f 1735 7524 1751
f 7254 6002 6968
f 4592 7763 6002
f 4592 6002 1912
f 6727 1916 7253
f 6448 7255 7640
f 4593 1910 7640
f 7763 4594 6968
f 115 5843 5923
f 5843 6938 7256
f 1918 6003 4597
f 6003 1918 1839
f 1918 4598 4601
f 4598 4603 4601
f 497 4601 4603
f 1919 7641 125
f 1736 5855 4604
f 5855 125 7641
f 4604 5855 7641
f 4603 7525 497
f 116 5926 1921
f 5926 1843 1922
f 497 4605 1917
f 140 4607 1959
f 513 6004 6006
f 6004 4616 6005
f 6006 6005 4608
f 6005 7257 4606
f 125 1762 6007
f 513 6006 6008
f 6006 4608 6008
f 513 6008 1966
f 1968 6008 4608
f 6008 1968 1966
f 4611 4612 128
f 1972 4615 1970
f 129 1970 4615
f 513 6009 6010
f 6009 1969 4613
f 6010 4613 1971
f 1972 4613 1969
f 513 6010 6004
f 6010 1971 6011
f 6004 6011 4616
f 4618 142 1964
f 7553 1973 6012
f 1975 7687 4620
f 7687 7798 6012
f 1973 1976 6012
f 4620 6012 1976
f 1772 4622 129
f 1970 4622 1977
f 7687 1975 6013
f 1977 6013 4623
f 6013 1977 6450
f 1745 6014 130
f 1768 130 6014
f 1978 6015 6450
f 6015 1978 6729
f 1979 6016 5859
f 6970 7553 6251
f 6970 1974 510
f 7012 1943 142
f 6017 1980 1984
f 4628 6018 1913
f 126 6018 6731
f 6018 126 5999
f 515 6017 6019
f 6017 1984 4629
f 6019 4629 1986
f 4628 4629 1984
f 5342 1193 6020
f 61 6020 6966
f 4633 6966 6020
f 4632 6020 1193
f 515 6019 7855
f 6019 1986 6021
f 4632 4631 4635
f 4631 1987 6021
f 4635 6021 1986
f 515 7855 1983
f 1991 1199 7013
f 518 6030 6024
f 6030 1990 6023
f 6024 6023 1989
f 7013 6023 1990
f 6023 7013 4636
f 4453 7786 5929
f 4639 1992 6025
f 5929 6025 55
f 1204 5350 4641
f 5350 55 6025
f 4641 6025 1992
f 1989 1992 6024
f 6026 518 6024
f 4640 6026 1992
f 116 6027 7785
f 4642 4644 4643
f 4644 7785 6027
f 4643 6027 1993
f 518 6026 6029
f 6026 4640 6028
f 6029 6028 1994
f 6028 4642 1994
f 518 6029 1995
f 1997 6029 1994
f 518 1995 6030
f 1998 6030 1995
f 1993 6027 2005
f 1921 2005 6027
f 125 6007 1919
f 6007 1967 6032
f 2007 6032 1967
f 6032 2007 4647
f 6031 6033 2006
f 2009 6031 2006
f 2012 2011 521
f 2017 521 2011
f 523 2026 2025
f 2038 525 2037
f 95 526 6035
f 2041 6035 4650
f 6035 2041 7645
f 6036 2044 6048
f 6036 2042 2045
f 2041 2045 6037
f 6037 4649 2043
f 2043 6038 365
f 6038 2043 4665
f 2047 6038 2048
f 2047 6039 1370
f 94 5414 2049
f 6039 2049 5415
f 6038 2047 4651
f 4652 2051 94
f 5772 94 2051
f 2062 7156 77
f 7156 2062 4653
f 4654 2065 144
f 2067 92 4655
f 5889 6732 92
f 6732 5889 6459
f 92 2067 5405
f 6040 5405 2067
f 2070 2069 144
f 2068 6041 2071
f 2069 2070 7157
f 2044 4657 6042
f 2073 6042 2074
f 4657 2074 6042
f 2072 6043 2074
f 2071 6043 2068
f 6043 2071 4658
f 1361 6044 5407
f 6044 526 95
f 1361 4659 2072
f 4659 2068 6043
f 2077 4664 4661
f 4664 7108 4661
f 78 4661 7108
f 4661 78 2056
f 531 6045 6047
f 6045 2076 6046
f 6047 6046 2075
f 2077 6046 4662
f 6046 2077 2075
f 2075 2079 6047
f 2078 531 4666
f 4666 6047 2079
f 6048 4669 6049
f 6036 6049 2042
f 2081 6049 4670
f 6049 2081 2042
f 6050 531 4672
f 2080 4672 4667
f 2081 4667 4672
f 4672 2080 6050
f 5367 1285 6051
f 2083 4678 6051
f 4678 2082 6052
f 2083 6051 1285
f 2080 4677 6050
f 4677 2083 4674
f 531 6050 6045
f 2076 6045 4674
f 2086 4683 4681
f 4683 1290 7061
f 4681 7061 6052
f 4685 2086 6053
f 2085 6053 532
f 2084 6054 4682
f 6054 532 6053
f 4682 6053 2086
f 6042 2073 4687
f 6048 4687 4669
f 2088 4687 2073
f 532 6054 6056
f 6054 2084 4689
f 6056 6055 2087
f 2088 6055 4689
f 4689 6055 6054
f 4691 2090 2070
f 2087 4692 6057
f 4692 2090 6057
f 6056 6057 532
f 2089 6059 2090
f 6057 2090 6059
f 2091 4695 6058
f 4695 2062 6058
f 77 6058 2062
f 6058 77 5377
f 532 6059 2085
f 2091 4693 4696
f 4693 2085 6059
f 4696 6059 2089
f 535 6060 2096
f 2098 6060 2097
f 1464 4699 5535
f 4699 2100 6061
f 5535 6061 5638
f 2099 6061 2100
f 2100 4700 6971
f 105 6063 1473
f 2101 4705 1409
f 4705 1473 6063
f 535 6062 6065
f 6062 4700 6972
f 6065 6064 4702
f 2101 4702 6064
f 4724 4707 6067
f 4707 2103 6066
f 6067 6066 5461
f 3560 5461 4709
f 5461 100 6067
f 4709 6066 2103
f 4702 4708 6065
f 4708 2103 6068
f 6065 6068 535
f 2102 6069 6068
f 6069 535 6068
f 535 6069 6060
f 6060 6069 2097
f 2105 6069 2102
f 6071 6070 2106
f 2111 6071 2106
f 6072 104 1524
f 6072 4710 7778
f 6070 6071 6074
f 6074 6073 2112
f 4710 6073 4711
f 6073 4710 2112
f 6070 6074 6077
f 6074 2112 6075
f 6077 6075 2113
f 4713 6075 2112
f 5534 5535 5638
f 6061 2099 6076
f 5638 6076 1559
f 4714 6076 2099
f 6076 4714 2115
f 6070 6077 2107
f 4715 2115 2113
f 81 4717 2117
f 537 6078 2116
f 6078 6259 4716
f 1798 6079 66
f 6079 1798 4718
f 1326 6079 2119
f 6079 1326 6601
f 4718 6735 2119
f 2116 6735 537
f 7778 6080 6072
f 6080 7778 2121
f 1795 6080 4719
f 6080 1795 104
f 4719 7159 2118
f 7159 2121 2120
f 537 7159 2120
f 7159 537 6735
f 2122 6081 146
f 2120 6082 537
f 6082 2120 4721
f 4720 6082 6081
f 6082 4720 6078
f 1330 6083 7694
f 6083 1330 2124
f 100 6084 6067
f 6084 100 1858
f 6460 6084 4723
f 6084 6460 4724
f 2117 6085 81
f 2160 6086 6462
f 2176 2177 2178
f 155 7258 2180
f 6264 6463 7554
f 2234 6087 7526
f 2252 6466 2253
f 7580 2254 7689
f 2265 2263 2266
f 6470 2272 7471
f 2347 6475 2361
f 2655 7388 2656
f 2670 6484 6095
f 2674 2675 6486
f 6096 2677 2675
f 6097 2668 6490
f 6099 6492 2684
f 2686 2685 6494
f 6499 6498 6497
f 2741 2740 6500
f 2750 2748 2751
f 2754 2752 2755
f 823 6502 2758
f 6100 6503 2749
f 2759 6503 2760
f 830 2767 7508
f 2811 6507 6101
f 2813 2814 6102
f 2817 2818 2348
f 846 2818 7882
f 2824 2825 7557
f 2828 2829 7263
f 852 2829 2831
f 873 2888 7472
f 6515 6104 2891
f 6518 6105 2891
f 2789 6106 2893
f 2896 2897 2824
f 2898 2897 2899
f 6108 6522 6109
f 6518 6109 2903
f 2233 2903 6523
f 2905 6110 2904
f 6111 2904 2815
f 6526 6112 2906
f 6113 2906 6114
f 2907 6114 2906
f 2911 6116 2908
f 6117 2912 2913
f 6531 6118 2914
f 6119 7265 7769
f 2918 2917 2919
f 2922 6123 2921
f 2924 6124 2923
f 2926 6539 7085
f 2929 2928 6126
f 2931 2932 6127
f 2934 2932 2935
f 2936 2937 6547
f 2926 2937 6128
f 7532 2940 6550
f 2942 2943 2755
f 6534 2945 7730
f 7090 2949 2950
f 2952 2951 2768
f 894 7266 2967
f 240 7393 2916
f 6556 6133 2978
f 2934 6558 6135
f 7392 2989 2980
f 2990 7267 7268
f 905 2992 6983
f 2994 7092 2995
f 7269 7270 7271
f 3003 3002 3004
f 3007 3006 6138
f 3008 6138 3006
f 913 6565 3012
f 3013 6141 3014
f 6143 3017 3018
f 2684 3018 6144
f 3007 3022 6147
f 3023 3022 6148
f 2677 3024 6149
f 7189 7273 6150
f 3029 6151 7584
f 728 2525 6575
f 202 7818 3093
f 1029 3144 6578
f 7275 7276 7277
f 3177 3178 7751
f 3169 3178 3179
f 7279 7281 7280
f 6582 3189 3191
f 1080 3238 5269
f 3268 3266 3269
f 6588 3273 3274
f 3275 3273 3276
f 3293 3291 6152
f 3296 7283 3274
f 3293 6153 7588
f 6154 3302 3303
f 303 3329 7105
f 6156 3329 6592
f 302 3331 3321
f 6158 3029 3351
f 6159 3350 6160
f 6598 6160 3350
f 6161 932 3354
f 6162 6163 329
f 6164 7539 331
f 6165 7633 1224
f 6165 1244 1227
f 1256 5203 1003
f 1263 1261 6166
f 3399 6166 1261
f 340 6255 1259
f 1263 6255 1262
f 6167 1272 342
f 5355 6168 1272
f 1305 352 1306
f 1321 6169 354
f 358 6361 1329
f 1309 6170 7495
f 6171 3477 7109
f 3496 6603 3497
f 3498 7289 7290
f 3500 7731 3501
f 1384 7563 7732
f 3573 6609 6175
f 5471 7293 7113
f 7408 3579 7294
f 6370 7117 6610
f 7116 3656 7118
f 379 3583 7517
f 1454 7564 3671
f 1453 3688 3669
f 6183 6180 3953
f 7518 3961 7736
f 6621 6622 3964
f 6184 3964 6185
f 3971 6623 6624
f 6186 6625 6187
f 6627 3972 6188
f 3978 6629 3977
f 1628 7298 4011
f 6633 6191 4010
f 432 7420 4011
f 7299 7120 7300
f 7301 7411 7302
f 4040 7303 4041
f 4042 6636 1645
f 4055 6636 4056
f 7674 7124 4088
f 6637 6196 7124
f 4093 4091 6638
f 4098 4097 4099
f 4100 4101 6203
f 4102 4101 4103
f 6642 6198 6199
f 4163 4164 4165
f 4167 4168 6200
f 4112 4168 6647
f 6643 4170 4172
f 6203 4179 4171
f 4180 4179 4181
f 1675 4183 4184
f 4187 4188 6205
f 4190 4191 4192
f 4193 4191 6207
f 4195 4196 6659
f 4198 4199 6209
f 4187 4199 6210
f 4203 4204 6212
f 1703 4208 4209
f 4214 6215 4213
f 6671 6216 4213
f 4216 7128 4215
f 4218 6217 4215
f 1643 6674 7706
f 6675 6218 4221
f 4222 4221 4223
f 6219 4224 4203
f 4226 4225 4227
f 4229 6221 4228
f 4216 6222 4228
f 4232 6223 4231
f 4197 6224 4231
f 7884 7308 4239
f 4241 6684 6683
f 4190 6684 6226
f 6227 4250 4242
f 6686 6229 4265
f 7310 7311 7312
f 7048 6230 7131
f 4254 6687 7884
f 1725 6687 7661
f 4266 4273 4223
f 4278 6233 6232
f 4280 4281 7421
f 4283 4281 4284
f 3978 6235 4286
f 4288 6236 4286
f 4278 6237 4289
f 4291 6238 4289
f 7134 4292 4293
f 4295 6239 4293
f 4297 6697 4296
f 3971 6240 4296
f 1781 4357 1780
f 3094 977 4371
f 4372 6244 3818
f 6245 6710 1800
f 3801 6246 4401
f 1832 4420 4423
f 7142 7313 7314
f 3157 7397 7315
f 4600 4440 7862
f 4436 7429 7316
f 7243 7144 7317
f 7319 4547 7149
f 7379 7320 4554
f 6715 4556 4548
f 4555 4560 4562
f 6716 6717 4564
f 6248 4564 6722
f 6719 6722 4564
f 4561 7816 4569
f 6719 6721 6250
f 4421 4575 7434
f 1911 4578 4579
f 4580 4578 6723
f 4586 6726 4579
f 4294 4595 4590
f 6731 6018 4630
f 329 6163 1987
f 6252 3377 4636
f 6253 1990 1998
f 6254 2008 2009
f 1932 6254 2009
f 6254 1939 2008
f 2015 2018 2016
f 2015 2037 2018
f 340 2055 6255
f 2057 6255 2055
f 2059 7828 343
f 475 2060 6257
f 2093 2097 2105
f 2104 6733 534
f 6259 536 2117
f 5352 6261 4737
f 6262 566 565
f 6263 4738 6740
f 4741 2183 4743
f 604 7699 2247
f 6740 6266 4777
f 7598 4777 6267
f 605 7438 2253
f 7329 7330 7719
f 610 7167 7527
f 4819 6270 4824
f 7072 4825 4826
f 2359 4830 2358
f 209 7074 4
f 7075 4 7074
f 4945 6271 4760
f 212 2585 6977
f 694 6273 4948
f 4948 6273 4947
f 2591 4949 6977
f 6274 2654 4980
f 4983 6482 4985
f 4983 7569 6753
f 4991 4989 6275
f 6276 7170 4992
f 4991 7789 6759
f 6278 6279 7789
f 2681 6761 6280
f 4994 6281 2686
f 4995 4994 2682
f 4995 6763 6282
f 809 2720 7571
f 7571 6766 6765
f 2725 6767 6283
f 2742 5023 2746
f 6501 5027 7174
f 6284 6770 7616
f 6285 7616 7333
f 828 5034 2765
f 2812 5053 2809
f 2811 5055 6287
f 7081 5056 2816
f 6298 5056 4826
f 5054 5057 6288
f 6779 6291 5069
f 7264 5069 6780
f 7181 5084 6292
f 6515 5084 6293
f 6784 6294 5085
f 6513 6295 5085
f 7083 7446 2894
f 5088 5087 2899
f 6523 6297 5089
f 6784 6299 5090
f 6790 6300 6747
f 6300 5092 6747
f 2911 5092 6301
f 5094 6302 5093
f 6303 6793 7183
f 2907 7183 5093
f 6794 6303 5096
f 6531 6304 5096
f 6794 6305 5098
f 6797 7817 5098
f 5101 7780 5100
f 5094 6307 5102
f 2924 6308 5102
f 2929 7531 6309
f 5103 7531 6310
f 5104 5105 6311
f 2931 5105 6312
f 5101 6313 5107
f 2936 5108 6315
f 5104 5108 6316
f 2946 5111 6317
f 5112 5111 6808
f 5112 5115 6318
f 2948 5115 6319
f 905 5133 2994
f 5134 5135 6321
f 907 5135 2998
f 5128 7337 2999
f 3005 5137 6322
f 5138 6323 6816
f 6816 6323 5139
f 3008 7670 7583
f 5139 7849 6324
f 914 6325 6140
f 5146 6326 5145
f 6142 3016 6326
f 5145 6326 3016
f 6327 7188 6822
f 6329 5146 5147
f 6330 3017 5147
f 3023 5149 6331
f 7170 5149 6332
f 7189 5150 7273
f 6823 6333 5150
f 5138 5150 6334
f 6335 922 5158
f 966 3089 7628
f 7630 5127 5197
f 6339 906 995
f 8 5198 5134
f 6340 7631 5222
f 5226 6342 7195
f 7276 7195 7196
f 7338 7339 7340
f 5229 6829 5230
f 3167 6829 3165
f 7341 5228 7342
f 3172 5234 7343
f 7450 7201 6985
f 1044 5237 3176
f 7101 7344 7345
f 1046 7203 3180
f 1049 7348 3186
f 6582 7782 3190
f 3206 6344 5940
f 7873 7148 7573
f 5293 6346 5292
f 3278 6837 5292
f 1101 7205 5291
f 5294 7205 3276
f 3290 6839 5293
f 6838 6840 5293
f 1110 7350 5300
f 6841 5299 3292
f 51 5302 3298
f 60 5308 7352
f 5309 5310 5311
f 6350 5318 5319
f 6593 6846 5320
f 1122 6846 6157
f 5319 6847 6351
f 6848 6351 6847
f 6592 6847 3330
f 309 1134 68
f 6353 6160 6598
f 5333 6354 3351
f 6352 5333 327
f 6355 5335 5334
f 6851 3354 5334
f 6162 1191 7494
f 6356 1198 1200
f 1212 1213 1211
f 1217 1216 5351
f 1224 1226 1246
f 1223 1226 1225
f 1219 1155 1234
f 1241 73 1160
f 3384 6357 1238
f 6357 1245 1238
f 5203 341 1258
f 7671 995 1269
f 6359 550 5357
f 1328 6361 3459
f 6170 1331 6602
f 359 6602 1331
f 1336 1329 359
f 1346 1338 1339
f 5401 7600 7356
f 5405 6362 5406
f 5417 6856 5418
f 5423 6858 7211
f 3517 7357 7823
f 5456 5457 5458
f 1406 5457 7213
f 5454 378 3569
f 5420 6366 6367
f 5470 6369 5469
f 3582 7453 3585
f 6866 6370 6610
f 5515 6371 6867
f 7045 5516 3671
f 99 7360 5531
f 1462 5530 3690
f 7590 87 5600
f 1526 1528 6372
f 1527 6372 1528
f 1540 6373 7851
f 7851 7864 5614
f 6616 87 1562
f 6873 6874 5642
f 420 5643 5645
f 5644 5652 3901
f 5642 6375 5677
f 5678 7219 6181
f 5686 6879 5688
f 6376 5688 7455
f 5691 7546 6377
f 6882 6883 5692
f 6188 3972 7673
f 6187 6626 5694
f 5691 6379 5694
f 5697 6886 5696
f 6628 6380 5696
f 6381 5698 6382
f 6190 6383 5698
f 5689 5699 5700
f 6890 6997 5704
f 3993 6384 5704
f 6633 6892 5714
f 4009 5716 4015
f 7221 7361 7300
f 7749 5732 7222
f 4037 5732 4040
f 1647 5736 4049
f 4053 5739 4054
f 5752 5753 6386
f 4094 5753 4089
f 6894 6387 5754
f 4090 6388 5754
f 5761 5760 4103
f 4109 5762 4108
f 6894 6390 5763
f 6642 6391 5763
f 446 7364 6393
f 5772 5773 6392
f 1682 5773 4136
f 5764 6394 5786
f 4163 6395 5786
f 5787 5788 7415
f 4167 5788 6396
f 4174 5790 6652
f 6389 5790 5451
f 5787 6398 6399
f 6910 5792 4178
f 5793 5795 5789
f 4182 5795 4185
f 6401 6402 6913
f 6911 6401 6913
f 4193 5797 6403
f 5799 5797 6404
f 4198 5800 6405
f 5801 5800 6406
f 5799 5802 6407
f 4195 5802 6408
f 4205 5805 6409
f 5806 5805 6410
f 5806 5809 6411
f 4207 5809 6412
f 5811 6923 7229
f 4218 6413 5810
f 5813 6414 5812
f 4214 6415 5812
f 6929 7457 5816
f 6929 6417 5817
f 6931 6418 5817
f 1698 7548 6419
f 4229 7548 6420
f 4232 6421 5819
f 5813 6422 5819
f 6686 6423 7230
f 7003 5837 4268
f 7367 7368 7369
f 5718 5842 5843
f 4279 6424 5842
f 7576 5844 6940
f 5697 6426 5845
f 4291 6427 5845
f 7679 6428 5846
f 4288 7549 5846
f 4295 6429 6947
f 6882 5692 5848
f 6430 5851 6949
f 5851 6430 5850
f 4297 6431 5850
f 6432 5851 5853
f 7422 6432 5853
f 6432 7422 6241
f 6952 5858 1738
f 4307 4305 5858
f 6705 1787 111
f 1789 1538 1788
f 6244 6709 7050
f 7050 7707 6372
f 5885 6439 4372
f 6338 57 1800
f 6926 93 7638
f 5693 7662 5915
f 5920 5921 6440
f 7375 7237 7376
f 7239 7053 5924
f 4451 5927 5925
f 1842 7463 4449
f 5230 6959 5929
f 1845 7465 4456
f 115 7378 5717
f 6443 5935 5920
f 4553 6962 6444
f 1902 5988 5986
f 5987 5989 6961
f 4563 6963 5990
f 1908 7249 4572
f 7242 7249 5930
f 5912 7663 7251
f 7609 7685 7380
f 7608 7252 7381
f 6447 7382 6723
f 6445 5996 6446
f 6967 6446 5996
f 6447 5996 6725
f 6728 6969 4595
f 6449 1921 5926
f 4615 1771 129
f 6450 6015 6013
f 6022 6452 1981
f 1991 6356 1199
f 5339 1207 2001
f 4607 1932 1965
f 141 6453 1933
f 2017 6453 2015
f 2019 2012 521
f 2013 1950 138
f 2029 6454 2023
f 2038 6453 6034
f 4648 6455 525
f 525 6455 6456
f 6457 4652 2053
f 2056 78 1262
f 2060 2061 7828
f 2059 6458 7828
f 2060 528 6459
f 6362 5405 6040
f 2070 144 4691
f 2108 2106 6070
f 2110 4711 6073
f 1519 87 1561
f 2127 2126 539
f 147 2104 2129
f 2128 6736 539
f 6736 2128 6460
f 2145 6737 7860
f 7764 542 6260
f 542 7764 2145
f 7764 149 7832
f 544 2275 545
f 6461 2155 7709
f 7161 6086 556
f 6093 6462 6086
f 2173 149 556
f 554 6477 2166
f 6743 2176 2178
f 2176 6741 2177
f 2179 2178 2177
f 2180 6741 567
f 569 6264 7554
f 568 2182 7664
f 158 6464 2197
f 2198 2197 6464
f 2199 6464 568
f 6465 6087 7065
f 2233 7163 2235
f 594 2234 7526
f 2234 6089 6087
f 6088 2240 2241
f 6744 2246 2247
f 6105 6465 7065
f 2247 2245 604
f 158 2251 7555
f 6746 2252 2253
f 2252 569 2181
f 2253 6466 605
f 7580 6467 2254
f 2255 7689 7385
f 6746 6090 6469
f 6090 6746 2256
f 2256 6468 6090
f 6468 2256 606
f 6467 6469 2254
f 168 2263 2264
f 611 2265 7766
f 2265 7066 2263
f 2270 7260 7068
f 639 2341 4819
f 7331 610 2267
f 6472 2267 167
f 6472 643 6471
f 6472 6471 178
f 632 6091 174
f 6091 632 7071
f 7167 6091 7071
f 2341 639 644
f 643 167 2259
f 6474 644 639
f 179 6092 2348
f 2347 645 7484
f 2349 7072 6092
f 645 2347 2361
f 2347 2360 6475
f 2361 6475 651
f 6476 2438 683
f 6093 684 2438
f 6477 2453 559
f 6477 559 2166
f 6477 6462 6476
f 2465 189 694
f 713 2502 4903
f 2502 713 197
f 7018 200 7703
f 197 7075 2578
f 6478 2582 749
f 2582 6478 7387
f 2656 2583 2584
f 2585 2589 2583
f 6273 694 189
f 6480 752 754
f 211 6094 6479
f 754 6481 753
f 6481 754 2591
f 2594 755 774
f 2656 778 2655
f 211 7388 777
f 6479 2583 7388
f 6482 2661 215
f 2661 6482 2660
f 784 2662 2667
f 219 2668 2669
f 2668 6483 6484
f 2669 2668 6484
f 6484 788 2669
f 6755 6095 6275
f 6095 6755 2670
f 6484 2670 7596
f 6275 6483 6278
f 6483 6275 6095
f 2673 2672 789
f 790 6486 2676
f 2674 792 2675
f 2676 6488 220
f 6488 2676 6486
f 6758 6487 2678
f 6096 2678 6487
f 2677 6488 2675
f 2678 6096 792
f 791 2679 2680
f 2679 6489 6490
f 2680 2679 6490
f 6490 219 2680
f 6278 6097 6279
f 6097 6278 6483
f 6279 6489 792
f 6489 6279 6097
f 796 6098 2682
f 6098 796 2681
f 2682 6098 794
f 221 7505 6491
f 2683 6098 2681
f 220 6492 2676
f 6099 2676 6492
f 2684 6493 2685
f 2676 6099 790
f 796 6494 2687
f 2686 6099 2685
f 2687 6493 795
f 6493 2687 6494
f 221 6495 7505
f 2690 6495 2691
f 2700 2701 804
f 6496 791 2714
f 811 2725 2726
f 2725 6497 6498
f 2726 6498 228
f 6498 2726 2725
f 6768 6499 2728
f 2728 6497 812
f 228 2727 7556
f 2727 6500 2740
f 6500 2727 6499
f 819 2741 2742
f 2741 7077 2740
f 2742 6500 6768
f 2747 6501 2748
f 820 2750 2751
f 2750 6982 2748
f 822 2754 2755
f 2754 2753 2752
f 2755 2752 232
f 2756 7079 6285
f 2757 2756 6502
f 2758 6502 825
f 825 2759 2760
f 2759 821 2749
f 2760 6503 824
f 231 6504 2761
f 2752 6505 7261
f 2773 829 7787
f 231 2772 6504
f 2771 6504 2772
f 179 7080 7581
f 6776 2809 7665
f 2809 6506 2808
f 6776 6101 2812
f 2812 6101 7178
f 7866 7178 6101
f 850 6102 7557
f 6102 850 2813
f 2813 6508 2814
f 849 2814 2816
f 2814 849 2815
f 2815 7389 2814
f 2816 6508 7081
f 6508 2816 2814
f 2823 2820 7572
f 237 2824 7557
f 2824 6521 2825
f 851 2825 2827
f 2826 7082 2825
f 7829 2828 7263
f 2828 6509 2829
f 2833 2820 2832
f 856 2840 6510
f 2841 6510 2840
f 2841 2840 857
f 7558 6510 2841
f 2842 2841 857
f 2845 6511 859
f 2846 6511 2844
f 2847 2843 858
f 6511 2857 859
f 7866 7262 2865
f 2879 6512 871
f 2889 7472 858
f 876 2890 6513
f 6519 6103 7558
f 876 6104 6515
f 6516 6104 6294
f 6517 6515 2891
f 6465 6105 6518
f 6517 6105 602
f 6516 6518 2891
f 877 6106 7473
f 838 2789 2893
f 2789 7473 6106
f 7729 6519 6107
f 237 2896 2824
f 2896 6520 2897
f 878 2898 2899
f 2898 6521 2897
f 875 6109 6516
f 6109 875 6108
f 6522 6108 6525
f 7163 2233 6523
f 2233 6465 2903
f 6522 6523 2903
f 6110 6520 2896
f 2896 6524 6110
f 6524 2896 237
f 2905 2904 6525
f 2815 849 6111
f 2904 6111 6525
f 2815 2904 6524
f 6524 7389 2815
f 240 6112 6526
f 6527 6112 6118
f 6528 6526 2906
f 6114 881 6113
f 6528 6113 879
f 6527 2907 2906
f 169 6115 6537
f 6115 169 7068
f 6529 7390 7779
f 6116 881 2910
f 6529 2911 2908
f 824 6117 2913
f 6117 6121 2912
f 2913 2912 882
f 6795 6118 6531
f 6112 6532 6118
f 6532 6112 240
f 6533 6531 2914
f 2915 6533 2914
f 2916 6532 240
f 7265 6119 883
f 884 6120 6797
f 884 2918 2919
f 2918 6535 2917
f 2919 2750 820
f 880 6122 6530
f 6122 880 2920
f 2920 6536 6122
f 6536 2920 886
f 6537 2921 6123
f 6536 2922 2921
f 6124 883 6119
f 6540 7391 241
f 6538 2924 2923
f 6539 885 2925
f 2925 6538 7085
f 6538 2925 886
f 6540 2926 2923
f 155 6125 2188
f 6125 155 2927
f 2927 6541 2928
f 2188 6125 7384
f 889 6126 2930
f 6126 889 6542
f 2929 6543 2928
f 2930 6541 887
f 6541 2930 6126
f 889 6127 2933
f 6127 889 6544
f 2931 6545 2932
f 2933 6546 888
f 6546 2933 6127
f 2935 243 2934
f 2934 6546 2932
f 890 6547 2938
f 2936 6548 2937
f 2938 6549 241
f 6549 2938 6547
f 885 6128 2939
f 6128 885 6539
f 2926 6549 2937
f 6549 2926 6540
f 2939 6548 891
f 6548 2939 6128
f 567 6550 2180
f 7532 6551 2940
f 2180 6552 155
f 6552 2180 6550
f 887 6129 2941
f 6129 887 6541
f 2927 6552 7770
f 2941 6551 891
f 6551 2941 6129
f 232 2942 2755
f 2942 7087 2943
f 2938 7559 890
f 892 6131 2947
f 6131 892 2946
f 6131 7559 2945
f 6534 2947 6131
f 6545 7582 2935
f 7582 6811 2948
f 7582 2948 2949
f 2950 6554 6555
f 2952 6555 2951
f 245 2953 2954
f 896 2955 7088
f 2956 2953 894
f 2966 7266 245
f 2967 2965 7533
f 2970 2968 898
f 879 2977 6528
f 6133 6528 2977
f 2977 900 6133
f 2978 6133 900
f 6556 6526 6133
f 6134 898 7393
f 6556 7393 240
f 6559 2979 2980
f 2979 6557 6558
f 2980 6558 243
f 6558 2980 2979
f 888 6135 2981
f 6135 888 6546
f 2981 6557 903
f 6557 2981 6135
f 243 7392 2980
f 904 2990 7268
f 2991 2989 7090
f 245 7269 7560
f 2992 6560 6983
f 231 7092 7089
f 2994 7625 7092
f 893 7023 2954
f 7091 7271 7394
f 908 3003 3004
f 3003 6561 3002
f 3004 3001 911
f 7186 6137 7077
f 6137 7186 3005
f 6137 7272 3006
f 6563 7556 6137
f 7583 6138 3008
f 3007 6563 3006
f 3008 7272 911
f 6142 6564 248
f 248 6564 3009
f 3011 6140 6565
f 3012 6565 6561
f 6566 3014 916
f 249 6141 915
f 3014 6141 6571
f 3015 3016 6142
f 6567 3016 917
f 918 6568 3019
f 6143 3019 6568
f 3017 6569 3018
f 3019 6143 220
f 795 6144 3020
f 6144 795 6493
f 2684 6492 3018
f 6143 3018 6492
f 3020 6569 7791
f 6569 3020 6144
f 916 3014 6145
f 6146 6571 6141
f 6145 6571 7791
f 6146 3021 6570
f 3021 6146 249
f 228 6147 2726
f 6147 228 6563
f 3007 6562 3022
f 2726 6573 811
f 6573 2726 6147
f 6148 919 6572
f 3023 6573 3022
f 6562 910 6148
f 220 6149 3019
f 6149 220 6488
f 2677 6487 3024
f 3019 6574 918
f 6574 3019 6149
f 6150 7883 7189
f 3025 6487 6758
f 6487 3025 6150
f 6158 6151 3029
f 6151 924 7584
f 253 6335 6161
f 6335 253 7093
f 932 6161 934
f 937 255 7094
f 3081 960 3073
f 3069 3083 3084
f 3087 7772 6824
f 202 6575 2525
f 265 3091 969
f 725 7818 2522
f 7818 725 976
f 3105 6576 993
f 272 7510 996
f 272 6339 7671
f 3109 274 3111
f 7772 3121 6824
f 3122 7772 7098
f 1009 3128 3118
f 6577 3131 1023
f 3143 6578 3144
f 3149 7680 6579
f 6495 3147 6340
f 3150 7288 3149
f 7399 7400 7103
f 7102 7400 7275
f 5228 7340 7342
f 1038 3167 7585
f 3167 3166 7585
f 3176 3174 1044
f 1043 3177 7751
f 3179 3177 7345
f 3188 6581 7888
f 7782 7888 1050
f 227 7844 2745
f 2745 6581 818
f 3190 1047 3185
f 3191 3189 3175
f 288 6583 1055
f 6584 3202 5250
f 3202 6584 603
f 3201 5249 6584
f 6344 3206 271
f 6345 1070 5260
f 1069 6585 7873
f 6586 3225 1070
f 3225 6586 1072
f 1101 7204 7401
f 1100 3268 3269
f 3268 3267 3266
f 3269 3266 1103
f 6588 6591 7686
f 3275 6587 3273
f 3275 3277 7403
f 3267 7282 7401
f 3286 3284 7489
f 1111 3291 3292
f 3291 1111 3290
f 3290 6152 3291
f 6589 6152 6248
f 6152 6589 3293
f 3293 7588 3291
f 6248 6152 1109
f 3295 7350 7283
f 3294 6588 7283
f 3295 3296 1111
f 6587 3296 3274
f 6588 3274 7283
f 6841 7588 6347
f 3293 6589 6153
f 6590 6347 7588
f 1113 3298 7513
f 3298 6590 6153
f 1106 6154 3303
f 6154 6591 3302
f 1110 3304 3302
f 1114 6155 3306
f 1117 3312 3313
f 3310 7286 7746
f 3313 7286 7353
f 7405 7206 7287
f 249 3314 3021
f 1116 7562 7406
f 3321 6594 3322
f 3323 3322 3324
f 1120 3324 3325
f 7105 7106 1121
f 3330 6594 3331
f 6157 3332 1122
f 6159 1179 1163
f 6354 1181 6158
f 923 6158 1181
f 6595 3029 7093
f 3029 6595 3351
f 3351 6595 6597
f 6595 253 6596
f 6597 6596 6851
f 6159 6160 1181
f 6598 326 1180
f 6596 3354 6851
f 6162 1189 5340
f 329 3362 1189
f 3369 6252 1200
f 1216 324 1218
f 6165 1227 1228
f 1242 6165 1224
f 3390 6168 1268
f 3391 343 1266
f 6167 1271 5355
f 1271 6167 3392
f 3399 1261 5363
f 1305 1306 1307
f 1306 352 1309
f 6169 1321 1322
f 6599 3457 3456
f 3456 6601 1326
f 6361 358 1330
f 6170 1309 352
f 7495 6602 3460
f 364 7109 3477
f 7109 364 1351
f 3469 1350 7774
f 1356 3471 1359
f 1375 3496 3497
f 1374 3498 7290
f 6364 6603 1377
f 6604 6172 7731
f 3500 6604 7731
f 3501 7731 7407
f 368 6605 3497
f 3508 6995 1380
f 7563 371 7291
f 6607 6173 3546
f 3547 6606 6173
f 6174 3545 1399
f 3545 6607 7292
f 6859 6175 6368
f 6175 6859 3573
f 6175 6609 7646
f 6368 6608 1412
f 6608 6368 6175
f 368 7289 7824
f 6176 3498 1374
f 7735 6177 3575
f 1412 3571 3580
f 7611 1416 7111
f 3584 3587 7295
f 3587 7113 7295
f 3652 6611 1444
f 1447 3652 1444
f 1447 7715 3655
f 6610 379 7723
f 7217 6370 1448
f 1397 6611 374
f 1444 6611 1448
f 5511 1448 6611
f 7218 1449 3657
f 3657 3583 1414
f 391 6178 3669
f 3668 3671 6178
f 3669 6178 3670
f 3689 3669 3688
f 3690 3687 1462
f 6612 3787 1506
f 5600 7544 7590
f 3834 6614 1540
f 6614 3834 409
f 1540 7851 3834
f 6615 1539 1541
f 6616 416 1561
f 1562 3882 6616
f 3819 3886 7410
f 1567 3891 6182
f 6179 3891 1568
f 6617 6182 6179
f 6617 6179 7042
f 6183 6617 1566
f 6878 7821 1572
f 6180 6183 3901
f 6183 1566 3901
f 6618 1575 6180
f 6612 1572 403
f 1572 6612 6619
f 7755 3944 1589
f 7755 1589 1573
f 7219 1567 6182
f 6620 6182 6617
f 6182 6620 6181
f 6620 1591 6181
f 1591 6620 6183
f 424 6375 1594
f 1594 6996 424
f 3962 1605 3961
f 427 3963 6621
f 6622 6621 3963
f 3963 6889 6622
f 6185 1607 6880
f 3964 6184 1606
f 6185 6622 6376
f 6622 6185 3964
f 426 3969 6623
f 6624 6623 3969
f 3969 1611 6624
f 3971 3970 6625
f 6187 6885 6186
f 6625 6186 1610
f 6187 3970 6626
f 6624 6626 3970
f 6188 6885 6627
f 425 1612 3972
f 1612 7007 7673
f 1606 3973 6189
f 6189 3964 1606
f 3974 6189 3973
f 1613 3975 6628
f 7297 6628 3975
f 3975 427 7297
f 6628 7297 3974
f 6887 3976 6693
f 6629 6693 3976
f 3976 1614 6629
f 3978 3977 6630
f 6190 1611 3969
f 3969 6630 6190
f 6630 3969 426
f 6190 3977 6631
f 6629 6631 3977
f 6384 3991 1613
f 4006 1626 4008
f 4009 6632 7298
f 1627 6191 6633
f 6632 6633 4010
f 6192 1628 7299
f 7120 7733 6937
f 7362 7302 7411
f 4032 436 7411
f 5728 4036 7519
f 4036 6634 4035
f 1642 6194 4038
f 4037 6635 6194
f 4039 4038 6194
f 6635 4040 4041
f 4041 7303 1643
f 1648 4052 4053
f 4052 7122 7740
f 4054 6636 1648
f 4056 4042 438
f 7674 7123 7124
f 1665 6196 4090
f 4089 7413 6196
f 7413 4089 1663
f 6637 4090 6196
f 391 3689 4092
f 3689 6638 4091
f 1665 4093 4094
f 4093 7520 4091
f 1666 4098 4099
f 4098 6639 4097
f 443 4100 6203
f 4100 6640 4101
f 1667 4102 4103
f 4102 6653 4101
f 7045 3668 4108
f 4108 4107 1669
f 6198 6640 4100
f 4100 6641 6198
f 6641 4100 443
f 1669 7414 4109
f 1668 7414 6643
f 6642 7414 1669
f 6643 6641 6644
f 6641 6643 6199
f 4110 6645 7224
f 4111 6646 444
f 1670 4112 4113
f 6646 4112 6647
f 4113 6645 1674
f 6645 4113 4112
f 6648 1678 4127
f 1682 4138 7304
f 4138 7125 7304
f 4140 4139 6648
f 4145 7413 7047
f 4146 4088 4145
f 4149 7000 1686
f 4165 1693 4163
f 4163 6649 4164
f 7515 6607 4166
f 1693 6200 6395
f 6200 1693 4167
f 4167 6651 4168
f 444 6647 6204
f 4112 7416 4168
f 6204 6651 1692
f 6651 6204 6647
f 7126 6201 4171
f 6201 7126 4169
f 6201 7305 4170
f 6644 443 4171
f 4172 1668 6643
f 6643 6644 4170
f 4172 7305 1694
f 1691 6202 7591
f 6202 1691 6650
f 6652 7591 6202
f 4174 6652 4173
f 443 6203 4171
f 6203 6653 4179
f 4177 4180 4181
f 4182 4184 4183
f 6204 4122 444
f 4081 4186 7001
f 6205 3579 6654
f 4187 6655 4188
f 4188 7306 6205
f 1697 6206 4189
f 6206 1697 7574
f 6206 7306 4188
f 4189 6655 1696
f 6655 4189 6206
f 4192 449 4190
f 4190 6656 4191
f 1697 6207 4194
f 6207 1697 6657
f 4193 6658 4191
f 4194 6656 6914
f 6656 4194 6207
f 1699 6659 6212
f 4195 6660 4196
f 6212 6661 448
f 6661 6212 6659
f 4197 7418 7857
f 1411 6209 7589
f 6209 1411 6662
f 4198 6663 4199
f 6654 3572 6209
f 1696 6210 4200
f 6210 1696 6655
f 4187 6654 4199
f 4200 6663 1700
f 6663 4200 6210
f 4201 6664 7566
f 4202 5728 7519
f 4203 6665 4204
f 6212 7567 1699
f 1702 6213 4206
f 6213 1702 4205
f 6213 7567 4204
f 4206 6213 1701
f 6665 1701 6213
f 6658 7417 4192
f 7417 6922 4207
f 7417 4207 4208
f 4192 6667 449
f 6667 4192 7417
f 6227 6667 4208
f 4209 6666 6668
f 4201 4051 4210
f 4211 6668 4210
f 1707 6215 6927
f 6215 1707 4212
f 4212 6669 6215
f 6669 4212 1704
f 6670 4214 4213
f 451 6216 6671
f 6669 6671 4213
f 6672 7563 1384
f 6673 4216 4215
f 1707 6217 6924
f 6217 1707 4217
f 4217 6673 6217
f 6673 4217 1706
f 6672 4218 4215
f 4220 6674 436
f 1705 6218 6675
f 6218 1705 6670
f 6216 6676 6218
f 6676 6216 451
f 6677 6675 4221
f 6689 4222 4223
f 4222 6677 4221
f 4223 6676 451
f 4203 448 6219
f 7307 6219 1709
f 6665 4203 4224
f 1710 6220 6931
f 6220 1710 7547
f 436 4032 4220
f 1710 4226 4227
f 4226 6678 4225
f 6221 1376 3500
f 3500 6679 6221
f 6680 4229 4228
f 1706 6222 6673
f 6222 1706 4230
f 4230 6680 6222
f 6680 4230 1711
f 4216 6679 7128
f 6679 4216 4228
f 6223 1709 6219
f 6219 6681 6223
f 6681 6219 448
f 6682 4232 4231
f 6682 6224 1711
f 4197 4231 7418
f 6681 7418 4231
f 4239 4238 1713
f 6225 4237 7366
f 1715 6683 4242
f 6684 449 4242
f 6914 6656 4243
f 6226 4243 6656
f 4243 6226 1716
f 4241 1716 6226
f 449 6227 4242
f 4251 1715 4250
f 1719 4254 7309
f 4254 4239 7309
f 1704 6228 6669
f 6228 1704 7841
f 4265 6228 4264
f 6688 6229 6686
f 6229 6688 4266
f 4266 6685 6229
f 6685 4266 451
f 437 6230 4047
f 1725 5840 7131
f 7132 7133 7459
f 451 4266 4223
f 4266 6688 4273
f 4274 6689 4273
f 4276 7133 7005
f 1727 6233 6695
f 6233 1727 6941
f 6233 7603 6232
f 7668 7603 1730
f 6690 4278 6232
f 6234 4279 7733
f 7733 7420 6234
f 4283 6691 4281
f 426 6235 6630
f 6235 426 4285
f 4285 6692 6235
f 6692 4285 1731
f 6693 3978 4286
f 6236 1732 4287
f 4287 6693 6236
f 6693 4287 6887
f 6692 4288 4286
f 432 6237 6690
f 6237 432 6191
f 6191 6694 6237
f 6694 6191 1627
f 6695 4278 4289
f 1732 6238 6943
f 6238 1732 4290
f 4290 6695 6238
f 6695 4290 1727
f 4291 6694 6427
f 6694 4291 4289
f 1733 4292 7134
f 6696 7134 4293
f 6728 4294 6239
f 4294 455 6239
f 4295 4293 6429
f 4292 6429 4293
f 1731 4285 6950
f 6697 6950 4285
f 4285 426 6697
f 4297 4296 6698
f 1610 6240 6625
f 6240 1610 4298
f 4298 6698 6240
f 3971 4296 6623
f 6697 6623 4296
f 4299 456 6241
f 6699 1734 7422
f 455 1735 6696
f 4283 6700 6691
f 1736 6700 4303
f 4303 4301 1738
f 4307 6241 456
f 4305 4307 4306
f 4311 6701 4313
f 6702 4331 4332
f 6702 6953 1758
f 1773 1771 1764
f 4348 1774 4347
f 1783 470 7423
f 1784 6703 4367
f 1786 6704 7859
f 1541 6434 7657
f 6434 1541 6704
f 1789 6242 1538
f 6703 4368 264
f 4368 6703 6437
f 6703 1784 6706
f 6707 970 4368
f 1790 6243 471
f 6708 1791 6439
f 1791 6708 4369
f 6709 471 1788
f 471 6709 1791
f 1791 6709 6244
f 6245 4378 1801
f 1806 6711 4381
f 1825 6246 7424
f 4419 4423 4420
f 4419 7137 7139
f 4429 4430 7139
f 4433 425 1608
f 7425 7426 7374
f 7426 7315 7397
f 1838 7427 7315
f 4441 7604 4440
f 1840 6958 7238
f 7313 7316 7376
f 4445 4443 1841
f 7240 7430 7427
f 6247 4452 1845
f 4459 285 7145
f 4436 7431 7429
f 1852 4466 7594
f 7432 7431 7433
f 7594 4444 7432
f 1631 7146 4018
f 4018 4460 433
f 1848 4460 7318
f 6442 7318 1852
f 7433 7147 7244
f 7054 7147 7141
f 4476 6583 288
f 477 1860 4473
f 3209 4488 6835
f 4489 7055 1872
f 4491 6713 293
f 293 7148 4491
f 4491 6585 1872
f 6713 4502 6586
f 1072 6586 4502
f 4502 6713 1871
f 6714 4508 1593
f 4508 6714 7008
f 4512 6714 1602
f 3956 1602 6714
f 1100 4542 3268
f 4542 7056 4541
f 1902 7248 7319
f 6249 6720 4547
f 4549 4547 4546
f 4541 4554 7010
f 6720 6715 7149
f 4555 4558 4556
f 7618 4557 4558
f 4557 1902 4548
f 4561 6715 6720
f 4558 4555 7606
f 4555 6715 4560
f 4562 4559 1904
f 1904 6717 6716
f 6717 1904 4563
f 6717 4563 6964
f 6718 6716 4564
f 6722 6589 6248
f 6718 6248 1109
f 6717 6719 4564
f 1903 4561 4569
f 4561 6720 7816
f 4569 7816 7846
f 6964 6721 6719
f 6721 6964 4571
f 6721 4571 1908
f 6722 6719 6250
f 1113 6250 4572
f 7513 6722 6250
f 4572 6721 1908
f 7322 7058 7537
f 4421 4576 4575
f 4577 6723 4578
f 6966 4580 6723
f 4580 6724 4578
f 6724 7836 4579
f 4579 6726 1911
f 1914 6726 4588
f 1910 4593 7434
f 4593 1916 6727
f 1833 4429 6727
f 1916 4594 7253
f 4589 4294 4590
f 4294 6728 4595
f 1959 4607 7257
f 1971 4614 512
f 1974 4618 510
f 1971 4619 4617
f 7875 6729 1745
f 4625 1974 6730
f 6730 6016 4625
f 6730 6251 1739
f 7383 458 4308
f 1979 6731 514
f 1987 4631 3363
f 6449 4646 1921
f 6256 1267 7726
f 6458 4653 2063
f 2059 343 3391
f 4380 6257 1804
f 5889 1804 6459
f 6257 6459 1804
f 4655 6732 2064
f 1290 6258 3416
f 4684 3416 6258
f 6733 4707 4724
f 4707 6733 2102
f 6733 2104 2105
f 6734 4716 6599
f 6735 4718 2118
f 4712 4721 2120
f 2129 534 7063
f 6736 4723 4722
f 4723 6736 6460
f 6268 2277 7860
f 545 7160 544
f 7435 4730 7015
f 2156 4730 7468
f 4729 6461 4725
f 6086 2160 555
f 4733 2164 6739
f 4734 6739 2452
f 5352 561 6261
f 6740 1 6263
f 6741 6263 567
f 6742 6740 4738
f 6463 6264 7324
f 6264 6742 7324
f 6741 2176 4738
f 7664 6743 4739
f 4741 7162 7436
f 2187 7384 7325
f 2186 7029 570
f 159 4741 4743
f 572 2183 2189
f 6265 601 2242
f 18 4774 4775
f 4775 7699 603
f 2246 6744 602
f 569 6266 6742
f 6266 569 2252
f 2252 6745 6266
f 6745 2252 6746
f 6798 6267 6467
f 6267 6798 7598
f 6745 6469 6267
f 606 2256 4779
f 2256 6746 4778
f 2262 4780 605
f 7071 13 4784
f 4785 7439 7326
f 7676 14 6747
f 7718 612 4786
f 612 7718 6748
f 2272 6470 7328
f 2271 7328 7260
f 4782 7439 7164
f 7330 7327 7728
f 615 6268 7069
f 4787 7677 4791
f 2288 7468 4730
f 13 632 2323
f 2340 638 6270
f 178 6270 638
f 4822 6269 178
f 6269 4822 642
f 13 7071 632
f 6473 6091 7167
f 7331 6473 7167
f 2267 6472 6269
f 643 4824 6471
f 6270 6471 4824
f 2817 7072 4826
f 651 2359 2358
f 2359 4831 4830
f 2358 4830 648
f 697 6750 2467
f 2524 710 30
f 4915 729 728
f 7075 4942 2578
f 4945 6751 6271
f 4760 6271 589
f 751 6272 2584
f 2586 6271 6272
f 2584 6751 2656
f 212 4946 2585
f 4946 2589 2585
f 6977 2585 6479
f 4882 694 4948
f 754 4947 6480
f 6273 6480 4947
f 4947 754 753
f 212 6977 4949
f 4760 4979 4945
f 4945 4980 6751
f 6751 778 2656
f 6752 4983 4985
f 6753 779 4984
f 4985 6482 781
f 2660 6482 4984
f 4947 753 4987
f 2670 6754 7569
f 779 6753 6485
f 4983 6752 7569
f 6485 6754 6755
f 6754 6485 6753
f 789 2671 4990
f 6755 4989 6485
f 6278 4991 6275
f 4991 6756 7570
f 4990 2671 7570
f 6275 4989 6755
f 6764 6757 6277
f 6758 4992 7170
f 6277 6276 791
f 792 6489 2678
f 4992 2678 6489
f 6276 4992 2679
f 2678 4992 6758
f 4991 6278 7789
f 6281 6759 790
f 6759 6281 6756
f 2674 6486 7789
f 6759 7789 6486
f 795 4993 2687
f 4993 6760 6761
f 2687 6761 796
f 6761 2687 4993
f 793 6280 6341
f 6280 793 6491
f 6341 6760 6843
f 6760 6341 6280
f 790 2686 6281
f 2686 6494 4994
f 2682 4994 6494
f 2682 794 4995
f 4995 6762 4994
f 31 6495 6340
f 6282 4990 6762
f 4990 6282 789
f 797 6763 794
f 2688 6282 6763
f 6752 7030 7442
f 801 7812 7623
f 7623 4996 798
f 791 6496 6277
f 6764 6277 6496
f 808 7571 2720
f 5008 809 7571
f 7571 6765 5008
f 6764 5008 6765
f 6764 6765 5010
f 6765 6766 6767
f 5010 6767 811
f 6767 5010 6765
f 812 6283 2724
f 6283 812 6497
f 2724 6766 808
f 6766 2724 6283
f 5011 6768 5012
f 5136 5021 7172
f 5022 7173 818
f 2741 7332 7077
f 819 2742 7507
f 2742 6768 5023
f 5020 2746 5023
f 5026 6771 5027
f 6769 5027 2747
f 2753 7174 6505
f 5026 6769 6284
f 825 6285 7333
f 2759 6770 821
f 5035 7334 7613
f 2765 5034 7175
f 5026 5039 6771
f 2771 7176 2770
f 2770 7508 5039
f 835 6286 2779
f 2779 7597 833
f 2804 833 5042
f 6772 16 7441
f 6773 4831 650
f 6776 2812 2809
f 2812 7178 5053
f 2809 6773 6506
f 6773 2809 5053
f 2811 6776 5055
f 6290 6775 6778
f 6775 6290 6287
f 2816 6788 849
f 2 6298 4826
f 6298 6788 5056
f 6778 6288 6777
f 6288 6778 6775
f 6289 6777 850
f 7081 6508 7882
f 2813 6777 5057
f 7882 7443 846
f 5060 6778 5059
f 2823 2826 851
f 2833 7681 7572
f 5065 7181 7444
f 5065 5064 856
f 2842 5066 855
f 11 6291 6779
f 6291 11 5068
f 6780 6291 5068
f 6781 6779 5069
f 2851 6781 5069
f 2843 6780 858
f 854 6979 5067
f 859 6782 5070
f 2858 6782 859
f 6774 848 5074
f 18 6292 4774
f 5065 6293 5084
f 4774 6783 6744
f 6783 4774 6292
f 876 6293 2890
f 6293 876 6515
f 6515 6783 5084
f 6783 6515 6517
f 2890 6293 856
f 875 6294 6784
f 6104 6785 6294
f 6785 6104 876
f 6786 6784 5085
f 874 6295 6514
f 6295 874 7445
f 6785 6513 5085
f 6787 7445 7182
f 2892 6296 7446
f 6520 5088 2899
f 5088 6787 5087
f 2899 2901 878
f 6525 6297 6522
f 6297 6525 6111
f 6111 6788 6297
f 6788 6111 849
f 6788 6298 5089
f 5090 6108 875
f 2905 6789 6110
f 6789 2905 5090
f 6787 6299 6786
f 6299 6787 5088
f 5088 6789 6299
f 6789 5088 6520
f 14 6790 6747
f 6790 5091 6300
f 5091 879 6791
f 6300 6791 5092
f 7718 6747 6748
f 6747 5092 6748
f 881 6301 6113
f 6301 881 6116
f 2911 6748 5092
f 6748 2911 7779
f 6113 6791 879
f 6791 6113 6301
f 880 6302 6802
f 6302 880 2910
f 2910 6792 6302
f 6792 2910 881
f 6793 5094 5093
f 6795 7183 6527
f 2907 6792 6114
f 6792 2907 5093
f 242 6303 6794
f 6796 6794 5096
f 882 6304 6533
f 6304 882 7447
f 7447 2912 7084
f 6795 6531 5096
f 6535 6305 6796
f 6305 6535 2918
f 2918 6797 6305
f 6797 2918 884
f 242 6794 5098
f 883 7817 7265
f 7817 883 5099
f 5099 242 7817
f 886 6306 6536
f 6306 886 2925
f 6800 2925 885
f 7780 6799 7598
f 7598 6798 7780
f 6800 5101 5100
f 242 6307 6793
f 6307 242 5099
f 5099 6801 6307
f 6801 5099 883
f 6802 5094 5102
f 886 6308 6538
f 6308 886 2920
f 2920 6802 6308
f 6802 2920 880
f 2924 6801 6124
f 6801 2924 5102
f 6543 6309 4742
f 4742 7448 7437
f 888 6310 2933
f 6310 888 5103
f 7448 7531 6803
f 2933 6542 889
f 6542 2933 6310
f 887 6311 2930
f 6311 887 6804
f 5104 6805 5105
f 2930 6544 889
f 6544 2930 6311
f 6811 6312 5106
f 6312 6811 6545
f 2931 6544 5105
f 5106 6805 244
f 6805 5106 6312
f 885 6313 6800
f 6313 885 2939
f 2939 6806 6313
f 6806 2939 891
f 6799 5101 5107
f 567 6314 7532
f 6314 567 6263
f 6799 6314 1
f 7532 6806 6551
f 6806 7532 5107
f 891 6315 2941
f 6315 891 6548
f 2936 6807 5108
f 6807 2936 6547
f 2941 6804 887
f 6804 2941 6315
f 244 6316 5109
f 6316 244 6805
f 5104 6804 5108
f 5109 6807 890
f 6807 5109 6316
f 890 6317 5109
f 6317 890 7559
f 5109 6809 244
f 6809 5109 6317
f 6553 6808 6130
f 5112 6809 5111
f 6130 2946 892
f 2946 6130 6808
f 244 6318 5106
f 6318 244 6809
f 5112 6810 5115
f 6810 5112 6808
f 6811 5106 6318
f 6555 6319 6132
f 6319 6555 6554
f 2948 6811 5115
f 6132 6810 6553
f 6810 6132 6319
f 893 2955 7669
f 2960 6812 896
f 6134 5125 898
f 5103 888 5126
f 5128 6813 5129
f 903 6320 2986
f 6320 903 6557
f 2986 6813 901
f 6813 2986 6320
f 6559 7267 7185
f 5132 7800 7771
f 8 6321 5116
f 5134 6814 5135
f 907 7024 5135
f 2998 6814 906
f 901 5128 2999
f 5136 6815 5137
f 911 6322 3004
f 6322 911 7272
f 3004 6815 908
f 6815 3004 6322
f 5138 6817 6323
f 6817 910 7583
f 6323 6817 7670
f 6323 7670 6818
f 5139 6818 909
f 3001 7187 7449
f 6562 7583 910
f 7534 6324 5143
f 6325 7849 5139
f 7849 6139 6819
f 914 7849 6325
f 6564 6142 6819
f 5143 6819 6142
f 6140 6325 909
f 7534 5143 6820
f 6326 6820 5143
f 5143 6142 6326
f 5146 5145 6821
f 3016 6567 5145
f 916 6821 6567
f 7791 6327 3020
f 6327 6570 7188
f 3020 6822 795
f 6822 3020 6327
f 6843 6328 6348
f 6328 6843 6760
f 4993 6822 7188
f 6348 6570 3021
f 6570 6348 6328
f 6820 5148 7534
f 5146 6821 5147
f 5148 6329 918
f 6568 918 6329
f 7791 6330 6145
f 6330 7791 6569
f 3017 6568 5147
f 6145 6330 916
f 6821 916 6330
f 811 6331 5010
f 6331 811 6573
f 3023 6572 5149
f 5010 6757 6764
f 6757 5010 6331
f 6758 6332 3025
f 6332 6758 7170
f 7170 6757 5149
f 3025 6572 7883
f 6572 3025 6332
f 918 6333 5148
f 6333 918 6574
f 5148 6823 7534
f 6334 910 6817
f 5138 6823 5150
f 6823 5138 6816
f 6334 7189 919
f 5166 5165 3058
f 6824 5180 3087
f 7026 3087 5180
f 5180 6824 63
f 966 6825 3086
f 6825 966 5182
f 971 6336 3088
f 971 7095 7628
f 6338 988 7792
f 6814 5134 5198
f 957 6577 5216
f 6577 1023 3132
f 6578 6826 1029
f 5218 7535 60
f 1032 5214 1019
f 1028 1032 3146
f 6341 3152 793
f 3150 7632 7858
f 6827 6580 6828
f 6342 6828 7195
f 7200 7197 7338
f 7339 7277 7398
f 55 5229 5230
f 6959 5230 6829
f 1039 3167 3165
f 3165 5229 1036
f 1039 3161 3166
f 7200 5228 7199
f 5235 5231 7450
f 7202 32 7349
f 3177 1043 7027
f 3176 5237 1042
f 5231 5235 7198
f 3179 5235 3169
f 7278 7346 7451
f 7104 3181 5238
f 287 7028 7347
f 3180 7028 3183
f 6342 5226 6831
f 7621 6832 7347
f 32 5022 7349
f 5022 6833 5242
f 5236 5242 3191
f 6833 6581 3188
f 3190 6834 1047
f 287 6834 5243
f 5243 7782 1050
f 6583 5247 1055
f 6584 5249 603
f 5252 3203 7878
f 3203 5252 3204
f 6835 5254 1064
f 50 1069 1062
f 6836 5261 1073
f 3240 5272 781
f 6346 6587 3275
f 3275 7403 6346
f 5293 5292 6838
f 6837 6838 5292
f 1105 6837 3278
f 7402 5294 3276
f 5294 5291 7205
f 1111 6839 3290
f 6839 1111 3296
f 6839 3296 6587
f 3290 6840 6152
f 6840 3290 5293
f 6840 6838 1109
f 5293 6839 6346
f 3292 3295 1111
f 5238 3181 5302
f 7242 51 1113
f 301 5301 5304
f 5301 6841 5303
f 7490 3307 7351
f 5309 6842 5310
f 1118 7404 7353
f 3308 5311 5310
f 3313 6842 1117
f 5224 6843 5312
f 7405 7354 5312
f 6844 5311 1116
f 6845 5314 7208
f 7405 7452 7355
f 7287 7207 7452
f 3315 5313 7406
f 6845 7207 5315
f 5314 5315 1119
f 6350 304 7208
f 7491 1119 3327
f 7644 5318 3325
f 3325 3322 7644
f 1121 6593 5320
f 5320 5321 61
f 6157 6846 6156
f 304 6351 5309
f 6351 304 6350
f 6847 5319 7644
f 5309 6848 6842
f 6842 6848 1117
f 6156 6592 3330
f 6592 6848 6847
f 3330 6847 6594
f 7202 6830 7209
f 6830 1043 5322
f 5136 7209 6815
f 6849 1179 6159
f 1178 6849 5333
f 45 6353 1180
f 6850 6353 5153
f 6850 1181 6160
f 1181 6850 923
f 3351 6597 5333
f 327 6597 6851
f 6354 5333 6849
f 1181 6354 6159
f 5335 6851 5334
f 5334 1182 6355
f 6851 5335 5338
f 5335 5337 1183
f 6356 56 1198
f 1208 56 1210
f 1217 5351 1214
f 6852 7825 2174
f 4737 1249 5352
f 1247 1251 6852
f 7825 3389 1255
f 6358 272 7671
f 344 7671 1269
f 1266 344 1271
f 6853 5373 5366
f 3437 5388 5387
f 209 1318 3447
f 6854 5395 3451
f 5395 6854 3452
f 6360 5396 79
f 6855 5398 3455
f 6855 3453 6600
f 3453 6855 3454
f 6361 1328 359
f 1328 6602 359
f 1336 359 1332
f 3462 1351 89
f 3468 5402 7600
f 5410 7840 1364
f 5415 1368 5413
f 6039 5413 1370
f 99 5417 5418
f 5418 3495 1373
f 3491 6856 1372
f 84 5420 5422
f 6363 5422 5420
f 6363 5420 5421
f 5422 6363 1376
f 6363 7496 6604
f 7290 6364 1374
f 3496 7211 1377
f 7815 3518 7732
f 7732 5432 1384
f 3517 7407 7357
f 103 1397 5449
f 378 5454 7038
f 101 5456 5458
f 5456 7213 5457
f 5458 5457 1405
f 1411 6366 5466
f 6366 1411 6609
f 5466 6366 84
f 1374 6367 6176
f 6367 1374 6857
f 6176 3573 6859
f 3573 6176 6367
f 6994 6859 5467
f 97 6369 6860
f 5470 6862 6912
f 3578 7112 7358
f 7293 5471 7358
f 3580 5468 1412
f 5474 380 7453
f 3585 3587 3584
f 3588 6863 5476
f 7696 3591 1415
f 7356 5402 5490
f 3620 6864 5490
f 3615 5402 7827
f 5503 3644 7714
f 1389 7040 5436
f 1447 6865 5510
f 5510 6865 6866
f 6866 7723 388
f 6865 1448 6370
f 1448 6865 1444
f 7118 5512 1440
f 5512 7218 7041
f 7723 6371 388
f 1451 5515 7119
f 6371 7647 388
f 5531 7543 1461
f 3690 5529 7296
f 5583 6868 3784
f 1513 6869 5593
f 6870 5593 6869
f 6613 5601 1520
f 3832 1537 5613
f 6871 1540 6614
f 6372 6871 1526
f 1540 6871 1538
f 7707 1538 6871
f 5615 6872 1539
f 7864 1539 6872
f 1542 6615 7454
f 6869 7454 111
f 7372 7454 6615
f 6872 5615 412
f 3881 5640 1562
f 5442 1392 6873
f 5642 6874 6875
f 1568 3891 6874
f 3890 6873 1392
f 5643 1565 5645
f 6876 6374 5651
f 5651 1574 6876
f 1575 7545 5679
f 5585 6619 1506
f 6619 5585 7545
f 6618 6877 1575
f 1566 5644 3901
f 5644 6374 5652
f 6618 3901 5652
f 6878 5652 6876
f 6374 6876 5652
f 6878 6877 6618
f 7498 5642 5677
f 5642 6875 6375
f 113 5684 5686
f 5686 1602 5685
f 6879 5685 1603
f 113 5686 5688
f 6376 6889 5689
f 7455 6879 1607
f 6879 7455 5688
f 1606 6184 6888
f 6880 6888 6184
f 6184 6185 6880
f 7546 6884 6881
f 6881 7863 7736
f 6377 7546 1605
f 6379 5691 6377
f 1609 3965 7659
f 3965 6627 7659
f 3968 6377 1605
f 1610 6883 6882
f 6883 1610 6186
f 6883 6186 6885
f 5692 6378 114
f 6883 6188 5692
f 1611 6381 6626
f 6884 6626 6381
f 6885 6187 5694
f 6627 6885 6379
f 6884 5691 5694
f 6891 5695 6944
f 6886 6944 5695
f 5695 1613 6886
f 5697 5696 6887
f 1614 3976 6380
f 6380 3974 1614
f 3976 6887 6380
f 6886 6628 5696
f 6884 6381 6881
f 6382 6881 6381
f 5698 6381 1611
f 6888 7863 6382
f 1614 3973 6631
f 6383 6631 3973
f 3973 1606 6383
f 6888 6383 1606
f 5689 6889 5699
f 1619 6997 6890
f 6997 1621 5704
f 6890 5704 6891
f 1613 5695 6384
f 5695 6891 6384
f 5714 6891 5713
f 5713 1627 5714
f 6892 6890 5714
f 1630 6892 6632
f 6892 1630 4012
f 6892 4012 1619
f 1630 4009 4015
f 4009 7220 5716
f 5718 7221 6937
f 4019 7361 1631
f 1628 6192 7727
f 6385 6192 1633
f 7302 7362 7363
f 6635 4037 4040
f 7121 5729 7362
f 5737 5736 4046
f 5737 4054 5739
f 1648 4053 4054
f 4053 1640 5739
f 1652 7852 4064
f 4057 5742 7852
f 99 6386 7360
f 5529 6893 7296
f 6893 5529 6386
f 1665 4094 4089
f 4094 6893 5753
f 6893 4094 6638
f 1664 6387 6894
f 4093 6895 6387
f 6895 4093 1665
f 6896 6894 5754
f 6897 6388 6637
f 6388 6897 5755
f 5755 6896 6388
f 6896 5755 6898
f 4090 6895 1665
f 6898 5755 7223
f 5755 6897 5758
f 6999 5759 5758
f 6640 5761 4103
f 5761 6898 5760
f 1669 4109 4108
f 4109 6899 5762
f 6899 6389 5762
f 6898 6390 6896
f 6390 6898 5761
f 5761 6900 6390
f 6900 5761 6640
f 1664 6894 5763
f 1669 6391 6642
f 4107 7748 6391
f 6642 6900 6198
f 6900 6642 5763
f 6902 1670 5765
f 5764 5765 7051
f 446 7225 7046
f 1674 4110 4118
f 4118 5766 1672
f 6393 6903 1678
f 4132 5770 4121
f 94 6392 5774
f 6392 94 5772
f 5772 6904 5773
f 6905 1681 5774
f 1682 6905 5773
f 4136 6904 1680
f 5766 7225 7365
f 4137 4138 1682
f 5752 5418 7226
f 101 6394 6901
f 6394 101 5458
f 5458 6906 6394
f 6906 5458 1405
f 6902 5764 5786
f 1693 6395 4163
f 6902 6395 7416
f 4163 6906 6649
f 6906 4163 5786
f 6650 7415 4165
f 7415 1691 5787
f 5787 6907 5788
f 4165 6908 1693
f 6908 4165 7415
f 1692 6396 5789
f 6396 1692 6651
f 4167 6908 5788
f 5789 6907 6909
f 6907 5789 6396
f 1694 6397 4172
f 6397 1694 6652
f 4172 6397 1668
f 6899 1668 6397
f 85 6389 5451
f 6389 6899 5790
f 1694 6398 7591
f 6398 1694 7305
f 7591 6398 1691
f 6909 6399 6400
f 6399 6909 6907
f 6400 4169 7126
f 4169 6400 6399
f 1695 6910 4178
f 5793 6909 5792
f 4178 5792 4180
f 6909 5793 5789
f 5793 6910 5795
f 5789 5795 7127
f 4185 6910 1695
f 97 6860 6911
f 6860 5470 6401
f 5470 6912 6401
f 6401 6912 6402
f 1697 6402 7574
f 6402 1697 4194
f 4194 6913 6402
f 6913 4194 6914
f 6912 7574 6402
f 6922 6403 5798
f 6403 6922 6658
f 4193 6657 5797
f 5798 6916 450
f 6916 5798 6403
f 1696 6404 4189
f 6404 1696 6915
f 5799 6916 5797
f 4189 6657 1697
f 6657 4189 6404
f 1700 6405 6208
f 6405 1700 6663
f 4198 6662 5800
f 84 6406 5466
f 6406 84 6918
f 5801 6917 5800
f 6917 5801 1698
f 5466 6662 1411
f 6662 5466 6406
f 450 6407 5803
f 6407 450 6916
f 5799 6915 5802
f 5803 6919 1699
f 6919 5803 6407
f 1700 6408 4200
f 6408 1700 6660
f 4195 6919 5802
f 6919 4195 6659
f 4200 6915 1696
f 6915 4200 6408
f 1699 6409 5803
f 6409 1699 7567
f 5803 6921 450
f 6921 5803 6409
f 6664 6410 6211
f 6410 6664 6920
f 5806 6921 5805
f 6211 4205 1702
f 4205 6211 6410
f 450 6411 5798
f 6411 450 6921
f 5806 6920 5809
f 6922 5798 6411
f 6668 6412 6214
f 6412 6668 6666
f 4207 6922 5809
f 6214 6920 6664
f 6920 6214 6412
f 6923 1704 4212
f 4212 6924 7229
f 6924 4212 1707
f 5811 6925 6926
f 6925 5811 5810
f 1384 6413 6672
f 6924 4218 5810
f 1706 6414 6932
f 6414 1706 4217
f 4217 6927 6414
f 6927 4217 1707
f 6928 5813 5812
f 1705 6415 6670
f 6928 7457 452
f 6927 4214 5812
f 452 7457 6929
f 1708 6416 7575
f 4219 1708 7706
f 6678 6417 6930
f 6417 6678 4226
f 4226 6931 6417
f 6931 4226 1710
f 452 6929 5817
f 1709 6418 7307
f 6418 1709 5818
f 5818 452 6418
f 5801 6918 7548
f 6224 6419 1711
f 1376 6420 5422
f 6420 1376 6221
f 4229 6419 7548
f 6419 4229 6680
f 5422 6918 84
f 6918 5422 6420
f 1711 6421 6682
f 6421 1711 4230
f 4230 6932 6421
f 6932 4230 1706
f 4232 6933 6223
f 6933 4232 5819
f 452 6422 6928
f 6422 452 5818
f 5818 6933 6422
f 6933 5818 1709
f 6932 5813 5819
f 6225 6934 1714
f 6683 1715 5825
f 5811 6926 5833
f 6923 5834 1704
f 1723 6423 4265
f 6423 1723 4259
f 4259 7458 6423
f 7458 4259 1722
f 5835 7231 7230
f 5838 92 7232
f 6935 7232 7366
f 6936 5838 5837
f 7003 6936 5837
f 4268 6935 7312
f 1722 7130 7458
f 5839 7233 7367
f 7368 7129 7311
f 7233 7459 7460
f 1725 7131 7370
f 4267 7419 7369
f 7231 5835 7371
f 5835 7460 7371
f 6231 4276 1726
f 115 5718 5843
f 5718 6937 5842
f 7256 6938 1729
f 1730 6424 7668
f 6424 1730 4280
f 4280 6938 6424
f 6938 4280 7421
f 6937 4279 5842
f 6939 1728 6940
f 6425 6940 5844
f 7679 6425 6942
f 6942 5844 6941
f 6942 6941 1727
f 1730 7603 7576
f 6426 6887 4287
f 4287 6943 6426
f 6943 4287 1732
f 6944 5697 5845
f 6427 1627 5713
f 5713 6944 6427
f 6944 5713 6891
f 6943 4291 5845
f 1727 6428 6942
f 6428 1727 4290
f 4290 6945 6428
f 6945 4290 1732
f 6946 7679 5846
f 7549 1731 5847
f 4288 6945 6236
f 6945 4288 5846
f 6429 6698 4298
f 4298 6947 6429
f 6947 4298 1610
f 4295 6948 6239
f 6948 4295 5848
f 114 6948 5848
f 6948 114 5849
f 6948 5849 6728
f 6947 6882 5848
f 5847 1731 6430
f 6950 6430 1731
f 5851 5850 6951
f 6431 6698 4292
f 4292 1733 6431
f 6951 6431 1733
f 6950 4297 5850
f 457 6949 5854
f 6432 5854 6949
f 5851 6951 5853
f 5854 6432 6241
f 6699 6951 1733
f 6951 6699 5853
f 5853 6699 7422
f 5854 6241 7822
f 4307 7822 6241
f 6425 7678 6939
f 6952 6939 6433
f 1738 4301 6952
f 4307 5858 7822
f 6433 7822 5858
f 6701 4311 4310
f 4330 6953 6702
f 6953 1763 4333
f 1770 5872 1767
f 6956 5883 63
f 1785 6954 1784
f 1784 6954 7234
f 7657 6434 7461
f 6954 7423 7592
f 6707 5884 970
f 6436 6243 6707
f 6708 5885 1793
f 7050 6372 1527
f 988 1800 6710
f 1801 6955 6245
f 6955 1801 4379
f 5888 6955 1803
f 1804 6936 1724
f 1807 1810 4383
f 1787 6870 111
f 6870 1787 7424
f 4405 6956 5907
f 6956 63 5907
f 4426 4422 1832
f 114 5693 5915
f 4431 1833 7662
f 4428 5693 7007
f 4437 5921 7140
f 6342 6440 6827
f 6440 5921 6827
f 6580 6827 7374
f 7462 7236 7375
f 7237 7425 7314
f 115 6441 7378
f 6441 115 5923
f 6441 5923 5924
f 7378 6958 1840
f 6958 7378 6441
f 7604 1841 7568
f 7428 5925 7462
f 5926 116 7627
f 5928 7464 7463
f 55 5230 5929
f 6247 6959 1038
f 5925 7464 7236
f 4452 7240 7465
f 4456 5928 1842
f 7451 7377 7145
f 5239 5930 7377
f 4458 4457 7578
f 486 7245 5931
f 5717 4468 1631
f 486 5934 6960
f 5932 6442 5934
f 6960 5934 1851
f 6342 6831 6440
f 6440 6443 5920
f 6083 5246 7694
f 1870 5947 5254
f 5254 6835 1870
f 5949 6585 1069
f 5261 6836 5958
f 6836 1072 1879
f 5684 4512 1602
f 6444 6962 6961
f 7606 5987 6962
f 1105 6444 6837
f 6837 6444 6838
f 1897 7247 7379
f 7247 5986 5988
f 7320 7379 7618
f 1904 5989 4562
f 5989 1904 6716
f 6716 6718 5989
f 5987 4562 5989
f 6838 6961 1109
f 1903 6963 7321
f 4559 4563 1904
f 6964 4563 5990
f 5990 6963 7607
f 7242 4572 7249
f 5930 7249 7466
f 7502 7057 7607
f 1908 4571 4573
f 4571 6964 5990
f 4573 7250 7011
f 7138 5912 4576
f 5912 7235 7663
f 7639 4574 7608
f 4575 7252 1910
f 6446 7467 6965
f 6965 1909 6445
f 6967 5997 6446
f 4577 6967 5996
f 6725 6445 1909
f 6967 1911 4587
f 6001 6000 4585
f 4587 6000 5997
f 495 7579 7254
f 7254 6001 6002
f 6968 6002 7763
f 1833 6969 5915
f 6728 5849 6969
f 7609 7640 1910
f 1916 7640 7255
f 4594 7255 6968
f 6003 6957 7256
f 6957 6003 1839
f 6729 6451 6015
f 1979 5859 126
f 6730 1739 6016
f 6016 1739 5860
f 1974 6970 6730
f 6251 6730 6970
f 1973 7553 6970
f 126 6731 1979
f 1983 6022 1981
f 6452 6022 6163
f 1987 6163 6022
f 6033 6031 2004
f 141 6034 6453
f 5414 5415 2049
f 2056 1262 2057
f 6256 57 1267
f 2063 528 6458
f 6732 4655 92
f 2064 6459 528
f 6459 2064 6732
f 2069 6040 4656
f 6040 2069 1356
f 4678 6052 6051
f 7060 6052 7061
f 5372 7061 1290
f 4681 6052 2082
f 6971 535 2096
f 6971 6062 535
f 6062 6972 6064
f 2108 6070 2107
f 6071 2110 6073
f 1519 1561 2114
f 2115 6077 2113
f 4720 6259 6078
f 6259 4717 4716
f 2127 539 2123
f 6974 2245 2247
f 7503 2261 2197
f 2251 2261 2262
f 2264 609 2295
f 580 7742 2341
f 691 2458 6975
f 7073 6975 2458
f 198 2529 6976
f 7485 6976 2529
f 750 2588 2587
f 6977 6479 6094
f 7076 2696 2669
f 2762 2761 7610
f 233 2790 2776
f 7080 2818 846
f 6978 2821 2782
f 2820 6978 2832
f 2851 6980 2849
f 6981 7558 855
f 2847 6512 2879
f 831 2902 2900
f 6982 2917 6121
f 7087 2951 6132
f 7089 2987 2773
f 7187 3002 6136
f 7792 989 7510
f 3163 6984 3162
f 3172 3171 3173
f 7399 7281 1035
f 3218 7488 3232
f 6988 3319 3320
f 6989 3329 303
f 7106 3329 6156
f 6990 317 1163
f 6990 1179 1165
f 1167 324 1216
f 1139 6991 1217
f 336 7477 1221
f 6992 1265 3399
f 6993 3200 289
f 1363 1366 3481
f 1385 3519 3520
f 6176 6994 3498
f 1417 7743 7886
f 3596 7115 3597
f 3653 7715 1445
f 1520 407 1524
f 7410 3886 5641
f 3956 6996 3957
f 3965 3966 3972
f 3990 6997 3988
f 4042 4043 4044
f 4047 4048 4038
f 6998 4096 4070
f 4140 6648 4126
f 7127 4183 6204
f 4201 4210 6214
f 7130 7002 7129
f 7002 4270 7003
f 4271 7004 4275
f 4277 7005 4275
f 7593 471 6243
f 3816 7006 4375
f 4428 7007 4427
f 4430 4429 4431
f 7143 4451 4442
f 7786 4454 4455
f 1846 485 7876
f 4459 7777 285
f 4470 4469 7777
f 4508 7008 1883
f 7010 7150 7620
f 4610 465 4615
f 7012 6731 4630
f 7013 6253 1991
f 7015 4730 2156
f 2222 4759 7016
f 2257 4780 2262
f 7066 4783 4784
f 16 7017 7441
f 7441 7017 4830
f 7018 4 713
f 4949 4951 4952
f 7169 4955 2598
f 7078 5024 2751
f 5035 5039 5026
f 7597 6286 5043
f 5043 5045 5046
f 2817 5056 7081
f 2862 7019 7830
f 7021 5095 2915
f 5165 7025 3055
f 3062 260 5166
f 7026 3086 6825
f 6336 968 3088
f 5195 7193 3103
f 7027 5237 1044
f 5226 5240 6831
f 3192 7028 5245
f 3217 7029 5258
f 5273 5285 7030
f 4996 7030 5285
f 1107 5295 3283
f 7031 5297 7536
f 3305 5307 3303
f 7206 5312 6348
f 3324 5316 5317
f 6991 314 1137
f 1154 319 73
f 1145 6990 1161
f 1161 6990 1165
f 6452 7494 5339
f 7035 1212 5351
f 7107 1270 3390
f 1335 7479 1336
f 7479 1335 82
f 1363 5411 5410
f 5423 5427 5428
f 7634 5469 7735
f 5509 7040 3655
f 5512 7041 7635
f 7118 7218 5512
f 3670 5517 5518
f 5531 5569 5417
f 7590 1522 87
f 7042 6179 5643
f 7042 5643 420
f 5689 5688 6376
f 4036 5726 4033
f 7122 4052 7808
f 7043 7852 5742
f 7660 5745 5746
f 5748 5751 7043
f 7046 1671 7794
f 5770 5769 4121
f 4144 7047 7226
f 7227 5792 6400
f 7737 4186 5794
f 7048 5840 119
f 7135 4300 5852
f 7051 5895 6901
f 5218 7235 4426
f 4438 7052 1838
f 1841 7053 7239
f 7054 5935 4470
f 4475 1860 4476
f 7055 5952 5950
f 5700 5972 5963
f 7056 5978 4540
f 7247 5979 5980
f 4538 5979 1898
f 5982 5985 5986
f 4546 5985 4552
f 4557 5988 1902
f 4568 5991 4567
f 7151 7057 5993
f 7058 7663 7352
f 140 1960 501
f 1982 137 1983
f 7059 56 6356
f 7059 1210 56
f 6455 2034 2040
f 7060 6051 6052
f 7014 147 2095
f 533 7062 2098
f 2092 7642 533
f 2094 146 6081
f 7063 539 2126
f 2160 6462 554
f 7064 2168 1247
f 6852 2174 7064
f 562 7064 2174
f 7258 2188 7259
f 2188 7258 155
f 2235 6087 2233
f 593 6974 6089
f 6089 6974 7065
f 6974 2246 7065
f 6468 7689 2254
f 577 7503 7765
f 605 2251 2262
f 2264 7066 609
f 7470 2268 7067
f 2255 7068 169
f 7386 2273 2272
f 2274 7069 2275
f 545 2275 7069
f 2283 2284 7739
f 2338 7070 637
f 4819 640 2340
f 7070 2340 640
f 7070 2339 637
f 6975 689 691
f 6976 719 198
f 6478 7074 209
f 7075 197 713
f 7074 6478 749
f 750 2587 751
f 2654 776 778
f 788 7076 2669
f 809 2715 2716
f 2749 7614 6100
f 7078 6501 2753
f 7613 6504 2771
f 6506 7581 2808
f 2348 7080 179
f 7081 2818 2817
f 7557 7082 850
f 6978 2802 2832
f 7264 2850 2851
f 2849 6980 854
f 6519 6981 6107
f 6981 855 7711
f 2846 2847 2879
f 7083 6106 2892
f 7473 2900 877
f 878 877 2900
f 2917 6982 2750
f 7084 2917 6535
f 2923 7391 6540
f 2923 7085 6538
f 7086 2949 7392
f 6553 7087 6132
f 2768 2951 2942
f 7088 893 2954
f 7266 2953 245
f 231 7089 2773
f 7090 2989 7392
f 7269 7615 7560
f 907 2998 2999
f 7269 245 2954
f 909 7187 6136
f 922 7584 5154
f 939 937 7094
f 3088 7095 971
f 3088 968 265
f 3095 265 968
f 967 3092 7682
f 3094 7096 977
f 3094 267 7509
f 7192 3095 968
f 3095 7097 979
f 7193 3101 270
f 7098 3127 3122
f 3127 7098 975
f 3139 3141 3140
f 3145 7680 3144
f 7342 3156 3166
f 7275 7100 7102
f 7102 5227 7101
f 7102 7101 3159
f 1037 6984 3163
f 6984 1039 3162
f 1041 3172 3173
f 7103 7744 7561
f 3219 7873 3218
f 7488 1077 3232
f 223 6986 3282
f 7284 6987 5303
f 3194 1051 1115
f 3302 3304 3303
f 3294 3302 6591
f 7285 3308 7404
f 3308 7285 1116
f 7287 3314 6988
f 3319 6988 3314
f 6989 1117 6592
f 7105 3329 7106
f 1167 1216 1217
f 1212 7035 3383
f 7107 3390 3393
f 6992 3399 1282
f 1264 6992 1281
f 7036 1317 5392
f 721 3450 2511
f 3460 6602 1328
f 7479 1329 1336
f 7109 7806 6171
f 3470 7827 3469
f 3479 1351 364
f 3480 5410 1364
f 364 3481 3479
f 1366 3479 3481
f 367 3489 3490
f 3497 7289 368
f 6172 7110 7731
f 6859 6994 6176
f 3577 7611 7111
f 3579 7408 3572
f 3587 5471 7113
f 6995 368 3574
f 7114 7117 3590
f 3581 7114 7696
f 7115 7774 3461
f 7115 7807 1421
f 5503 1441 3643
f 1440 3644 7116
f 3632 7116 3644
f 7114 6610 7117
f 7117 6370 7217
f 7116 7118 1440
f 3656 7119 1449
f 7850 409 3821
f 1530 3821 409
f 3831 1536 3833
f 1574 3900 5650
f 1592 6996 1594
f 6996 1592 1604
f 6627 3965 3972
f 1621 6997 3990
f 6997 1619 3988
f 4010 6191 432
f 4011 4020 1628
f 7120 4020 7733
f 4040 7121 7303
f 7303 7121 4031
f 438 4042 4044
f 437 4047 4038
f 6637 7123 6897
f 7748 7520 1664
f 4096 6998 4095
f 4095 5759 7612
f 7123 7674 4097
f 6998 4060 4104
f 1667 4104 4106
f 7725 391 4092
f 6648 7125 1678
f 4126 4148 4140
f 7000 4140 4148
f 4088 4146 7674
f 6202 4166 4173
f 1692 7127 6204
f 4184 4182 7737
f 7001 7737 4185
f 4175 4081 7001
f 6664 4201 6214
f 4215 7128 6672
f 4268 7129 7003
f 7130 1722 7002
f 4270 7002 1722
f 7003 4270 1724
f 7004 4271 6230
f 7048 1646 4047
f 7131 6230 7132
f 4271 7132 6230
f 7884 6687 7419
f 4272 7419 6687
f 7004 4039 4275
f 1726 7005 4277
f 4276 7460 7133
f 7134 7135 1733
f 462 7136 4330
f 7136 462 1762
f 1527 3818 6244
f 1797 4375 7006
f 1801 4378 475
f 1808 4381 1807
f 7551 1673 4116
f 1818 4386 4389
f 7522 1825 7424
f 470 1783 4405
f 4421 7137 4419
f 7007 1612 4427
f 4419 7139 6712
f 7140 5920 7141
f 7142 7141 4465
f 4600 483 4440
f 7143 4450 1843
f 4442 4451 7428
f 5925 7428 4451
f 7152 7144 7466
f 7466 7144 4457
f 7587 7145 285
f 7594 1840 4444
f 7683 4470 4471
f 7797 7147 7683
f 7573 7148 6345
f 7008 1887 1883
f 7056 1898 4541
f 429 7009 4006
f 6720 7149 4547
f 7321 4560 6715
f 7151 1907 1849
f 7152 1908 4573
f 7317 7011 485
f 7154 4581 7105
f 4590 4595 4594
f 1920 1919 4602
f 7155 458 7383
f 7156 2059 3391
f 7157 2070 4692
f 2056 7158 4661
f 3396 7108 4664
f 7062 4697 2098
f 7159 4719 2121
f 6737 7160 545
f 543 7160 6737
f 7160 4726 4725
f 2159 552 4731
f 7750 7161 6260
f 7162 159 4740
f 4742 7384 6543
f 4740 4747 4749
f 589 7016 4760
f 7016 4759 21
f 2235 7163 4765
f 608 2257 2262
f 4780 7165 7166
f 7166 7165 4782
f 609 7066 7528
f 612 7328 4786
f 7385 606 7329
f 4779 7329 606
f 7017 4734 4878
f 4734 2452 4878
f 7017 4878 648
f 7168 4842 4944
f 7169 750 2589
f 752 4949 2591
f 212 4949 4952
f 750 7169 2598
f 4979 6274 4945
f 7171 788 7596
f 6757 7170 6277
f 5022 7172 7173
f 7172 5021 7332
f 6501 7078 2751
f 6771 7174 5027
f 7176 5036 830
f 236 5042 7597
f 236 5043 5046
f 5042 5049 5052
f 5053 7177 6773
f 6774 7178 848
f 7082 2826 6289
f 6778 5060 6290
f 2828 7829 7681
f 7444 853 5064
f 7179 854 5067
f 855 7019 7711
f 7830 7019 7180
f 2889 858 5068
f 2886 5083 4737
f 7181 5065 5084
f 7182 5087 6787
f 5093 7183 6793
f 7184 5097 7530
f 5097 7184 884
f 6560 7022 2965
f 5126 5127 5103
f 6557 2979 6320
f 7793 7185 5130
f 7800 7793 5130
f 7655 7023 893
f 6567 917 6566
f 6760 4993 7188
f 6574 7273 6333
f 7025 260 5164
f 7025 5164 945
f 260 5165 5166
f 7190 3070 5169
f 5169 5179 7190
f 3085 7190 5179
f 5181 967 7738
f 5182 266 6825
f 7095 7191 7628
f 5182 7628 7191
f 7191 969 3091
f 7096 7192 977
f 5187 7097 7096
f 978 5187 7096
f 273 7193 7700
f 7194 5226 7195
f 5226 7194 1035
f 6828 7196 7195
f 3160 7197 7100
f 7197 5231 7198
f 7100 7198 5227
f 5228 7341 7199
f 7199 1037 7343
f 7200 7343 5231
f 1040 1041 5232
f 7201 5234 1041
f 7104 1046 7512
f 7203 7621 7347
f 7347 6832 6343
f 3183 7028 3192
f 7028 287 5245
f 570 7029 3217
f 7437 5258 7029
f 5258 7437 10
f 7488 5259 1077
f 7030 6752 5273
f 4996 5285 798
f 1103 3266 7204
f 7204 5290 3272
f 5290 7204 1101
f 5297 7031 5294
f 6987 1112 5303
f 3306 3305 3303
f 3021 7206 6348
f 7208 304 6349
f 3367 3324 5317
f 5322 7209 6830
f 5327 1168 1166
f 325 7032 5329
f 5329 7514 5328
f 7796 5328 3347
f 1171 7656 1175
f 7494 1190 5339
f 330 7033 5343
f 1036 7034 3382
f 5346 7540 3379
f 7477 1220 1221
f 5398 5399 5397
f 7541 1357 5408
f 3478 5408 1357
f 5409 3479 1366
f 7210 5419 7840
f 3499 7211 6858
f 372 5423 5428
f 1382 7037 3513
f 5441 5440 7212
f 5442 7212 5440
f 100 5461 5460
f 1412 7214 6368
f 7214 1412 5468
f 7039 7214 380
f 3578 7215 7634
f 7634 7215 6862
f 7041 3584 7635
f 7216 380 7214
f 380 7216 7359
f 103 5426 5475
f 3589 7217 7743
f 7039 5474 5476
f 7714 7636 5487
f 5487 5503 7714
f 5511 103 5475
f 7217 5511 5475
f 6867 6371 7723
f 1453 3670 5518
f 99 5531 5417
f 1508 1506 3787
f 7672 5593 7601
f 5602 7006 1525
f 6179 3887 5643
f 1574 5651 3900
f 1594 6375 6875
f 3968 7659 6377
f 5699 1617 5700
f 6634 4036 4033
f 1639 5726 5727
f 4037 7222 5732
f 7121 5732 5729
f 7660 5748 7043
f 6898 7223 5760
f 85 7045 6389
f 6901 5764 7051
f 7046 7794 446
f 7364 446 5769
f 7125 4138 6393
f 6393 7225 446
f 5752 7226 1663
f 1685 7047 4144
f 7047 1663 7226
f 4152 1368 5414
f 7126 7227 6400
f 4182 7127 5795
f 7228 5804 4206
f 5804 7228 7853
f 5810 7229 6924
f 1701 7547 7228
f 5727 7853 7547
f 7482 4241 5825
f 5833 1721 4263
f 7231 6688 6686
f 5837 7232 6935
f 5836 7233 5835
f 1646 7048 119
f 5848 5692 114
f 7136 1763 6953
f 1769 7049 5872
f 7049 5873 466
f 1764 5873 7049
f 1783 5883 6956
f 6244 7050 1527
f 7006 4374 1797
f 7051 1673 4384
f 5201 1819 62
f 4405 1783 6956
f 7501 4416 5680
f 5912 4422 7235
f 3142 5218 4426
f 5909 5214 1031
f 7052 7236 5922
f 4438 7237 7052
f 4443 7238 7053
f 7053 7238 6958
f 6957 7239 5924
f 7240 1838 7241
f 5922 7241 1838
f 5239 7242 5930
f 5931 7243 1846
f 1846 7876 5931
f 4466 4468 7378
f 1852 4467 6442
f 5936 6960 7797
f 6960 7245 486
f 7213 5939 1403
f 7456 5942 93
f 5952 7055 1874
f 7246 5954 7212
f 5441 7212 5954
f 5677 7246 7498
f 5954 7246 5961
f 5684 5963 5964
f 5700 5963 113
f 5978 7056 4542
f 1898 5979 1897
f 5986 7248 1902
f 5985 7248 5986
f 4546 7248 5985
f 7320 7618 7605
f 7247 5980 5986
f 1906 7057 7151
f 7057 7502 5993
f 5990 7250 4571
f 7663 60 7352
f 7058 7251 7663
f 7609 7252 7685
f 5320 7382 1121
f 5915 6969 5849
f 495 7254 6448
f 7256 1729 6003
f 5926 1922 6449
f 4616 7257 6005
f 7257 4607 4606
f 510 1973 6970
f 7383 7553 7798
f 2002 7059 517
f 7156 3391 5356
f 1356 2069 6041
f 6041 2069 7157
f 6076 2115 4715
f 7063 2128 539
f 7258 2177 2180
f 7259 2187 2189
f 2271 7260 2270
f 7386 7728 2273
f 2360 650 6475
f 2741 6500 2742
f 2743 2744 2745
f 2747 2748 7614
f 6285 6502 2756
f 2769 7261 2767
f 179 7581 2360
f 7262 6507 2810
f 7263 2829 2830
f 7264 2844 2845
f 2926 7085 2923
f 2956 7088 2953
f 7393 2968 2916
f 7267 2989 7268
f 2991 7268 2989
f 905 6983 2993
f 7269 7023 7270
f 7271 7270 3000
f 3005 7272 6137
f 7273 3024 6150
f 3160 7275 7277
f 7275 3158 7276
f 7395 7585 3156
f 3182 3180 3183
f 1047 7279 3185
f 7280 3185 7279
f 1035 7281 3186
f 3279 7282 3267
f 3182 6987 7666
f 7588 6153 6590
f 3294 1110 3302
f 7562 3143 7680
f 3143 7285 3307
f 3312 7286 3313
f 7354 7355 3315
f 7289 6603 7290
f 6364 7290 6603
f 7293 3576 7113
f 3576 7293 3575
f 7294 3571 7408
f 7784 7295 3586
f 7118 3656 7218
f 7296 3688 3690
f 7297 6189 3974
f 4011 7298 4010
f 7420 4020 4011
f 1633 7299 7300
f 7299 4020 7120
f 1639 7301 4033
f 7302 4033 7301
f 4051 7795 7667
f 1645 6636 4054
f 4093 6638 4094
f 3668 7725 4108
f 7224 6646 4111
f 4139 7304 6648
f 7413 4145 4088
f 4169 7305 6201
f 4174 4173 3546
f 7574 7306 6206
f 7307 6220 4224
f 7308 4238 4239
f 4265 6685 6228
f 4237 7310 7312
f 7310 4267 7311
f 7312 7311 4268
f 7421 4281 4282
f 4301 6700 4283
f 4437 7142 7314
f 7142 4436 7313
f 1838 7315 4438
f 4441 4440 4442
f 7429 4443 7316
f 4445 7316 4443
f 1846 7243 7317
f 7317 7144 7152
f 1848 7318 6442
f 4542 7010 7619
f 1902 7319 4548
f 7149 4548 7319
f 7320 7150 4554
f 1903 7321 4561
f 7434 4575 1910
f 7105 4581 7734
f 6447 4581 7154
f 4429 7323 6727
f 6729 7875 7877
f 2176 7324 4738
f 2178 7436 4739
f 7325 2186 572
f 2186 7325 7029
f 2256 4778 7164
f 7438 4778 2253
f 4785 7326 7327
f 7327 7326 2266
f 2272 7328 2271
f 2270 7385 7719
f 7329 4785 7330
f 7719 7330 7386
f 7435 4787 4730
f 7331 6269 7790
f 7442 7596 7569
f 7170 6276 6277
f 2743 7173 819
f 819 7332 2741
f 7174 2753 6501
f 6284 7616 7175
f 7616 6770 7333
f 2759 7333 6770
f 6284 7175 7334
f 7175 5034 7334
f 2770 5039 2771
f 2828 7681 2833
f 7179 5066 2842
f 2845 7335 2850
f 5070 6782 7799
f 7446 5086 2894
f 6320 2979 5129
f 7337 3000 2999
f 5021 5136 5137
f 911 7449 3008
f 7273 5150 6333
f 7189 6334 5150
f 5181 7738 6825
f 7490 6826 6578
f 5228 7338 7340
f 7338 3160 7339
f 7340 7339 3155
f 3161 7341 3166
f 7342 3166 7341
f 7343 5234 5231
f 3169 7450 6985
f 7450 5234 7201
f 3174 7101 7345
f 7101 5227 7344
f 7345 7344 3179
f 7104 5238 7346
f 5239 7346 5238
f 7348 5240 3186
f 6343 6832 3184
f 5236 7349 5242
f 7350 5299 5300
f 7351 1118 5308
f 3313 7353 5310
f 7355 5313 3315
f 7494 1191 1190
f 1246 1226 69
f 1267 7747 7726
f 5423 7211 1375
f 7357 5431 3521
f 3521 7815 7357
f 7039 6863 5467
f 3580 7358 5468
f 3587 7359 5471
f 7453 7359 3585
f 7360 5530 7543
f 7120 7221 7300
f 7221 5717 7361
f 7300 7361 4019
f 7749 7222 5733
f 5759 7223 5758
f 6999 5758 6197
f 4118 4110 5766
f 7364 6903 6393
f 7365 4137 1672
f 4137 7365 4138
f 6652 5790 6397
f 5811 7229 5810
f 7366 6934 6225
f 5835 7230 5836
f 5838 7232 5837
f 5839 7367 7369
f 7367 7130 7368
f 7369 7368 4267
f 4272 7370 5839
f 6231 7371 4276
f 7372 6705 111
f 7461 6434 472
f 6438 7373 6436
f 7050 6709 7707
f 7374 5921 4437
f 1838 7052 5922
f 7577 7375 7376
f 7375 7052 7237
f 7376 7237 7314
f 1841 7239 7568
f 7463 5927 4449
f 4453 6959 6247
f 7465 5928 4456
f 4458 7377 4457
f 7378 4468 5717
f 1897 7379 4554
f 5912 7251 4576
f 7639 7608 7381
f 7608 7685 7252
f 7381 7252 4575
f 7382 5995 6723
f 6448 7254 6968
f 1916 7255 4594
f 7798 6451 7155
f 7383 6251 7553
f 522 2033 524
f 4378 1800 57
f 6093 6086 7161
f 2177 7258 2179
f 7555 2181 7554
f 2187 7259 2188
f 7065 6087 6089
f 6105 7065 2246
f 2252 2181 6466
f 7689 6468 7385
f 606 7385 6468
f 2254 6469 6090
f 7066 2264 2263
f 2255 7385 2270
f 612 7390 7260
f 7068 7260 7390
f 2270 7068 2255
f 2266 2263 7728
f 2263 2273 7728
f 2273 2263 168
f 2271 7386 2272
f 7167 7071 7527
f 7790 6473 7331
f 2347 7484 6092
f 7072 2348 6092
f 650 2359 6475
f 2582 7387 7168
f 2589 751 2584
f 7388 2583 2656
f 818 2743 2745
f 821 2747 7614
f 2753 6505 2752
f 2759 2749 6503
f 232 7261 2768
f 7261 232 2752
f 2767 7261 6505
f 2772 7176 2771
f 2808 7581 7080
f 650 2360 7581
f 7178 7866 848
f 7557 6102 237
f 7389 6102 2814
f 6102 7389 237
f 2818 7080 2348
f 847 7263 2810
f 7263 847 7829
f 7264 2843 2844
f 6514 6513 7768
f 874 7729 2894
f 2903 6465 6518
f 7389 6524 237
f 6115 7068 7390
f 7390 6529 6115
f 2910 880 6530
f 6121 7084 2912
f 6118 6795 6527
f 7184 6120 884
f 7184 6534 7769
f 7265 6797 6120
f 6119 7391 6124
f 7391 6119 241
f 2925 7085 6539
f 6125 6543 7384
f 7087 6553 2943
f 2948 6554 2949
f 2935 7086 243
f 7392 243 7086
f 7582 7086 2935
f 232 2768 2942
f 896 7088 2956
f 7088 2955 893
f 894 2953 7266
f 7393 6556 6134
f 904 7268 2991
f 2989 7267 6559
f 7089 7092 7625
f 2995 7092 826
f 7336 7091 7394
f 7091 7615 7271
f 7394 7271 3000
f 7023 7269 2954
f 7270 907 3000
f 907 7270 7024
f 228 7556 6563
f 7556 7077 6137
f 6564 6139 3009
f 6571 6146 6327
f 910 6334 919
f 3024 7273 6574
f 7093 922 6335
f 7094 255 7856
f 265 969 3088
f 7096 7097 7192
f 7097 3095 7192
f 7680 3145 6579
f 3157 4439 7274
f 7274 7099 3155
f 3157 7274 7397
f 7397 7274 7396
f 7397 7396 6580
f 7196 7396 7398
f 7398 7396 7274
f 7399 3158 7400
f 7103 7400 3159
f 7196 7277 7276
f 3160 7100 7275
f 7102 3159 7400
f 7275 7400 3158
f 7276 3158 7194
f 1035 7194 3158
f 7342 7340 7099
f 7340 3155 7099
f 7342 7099 3156
f 1038 7585 3168
f 7585 3166 3156
f 7430 3168 7395
f 3159 7101 3174
f 3176 3175 7744
f 7103 3159 7744
f 3174 3176 7744
f 7345 3177 1044
f 7745 7278 7587
f 286 3182 3183
f 7666 3181 7512
f 7281 7279 3184
f 7399 7280 7281
f 3186 7281 1049
f 7348 1045 7802
f 3190 3185 3189
f 7204 3266 7401
f 3267 7401 3266
f 3276 3273 7402
f 7403 3277 7282
f 3279 3278 7282
f 7403 7282 3278
f 7282 3277 7401
f 1101 7401 3277
f 1110 3294 7350
f 7283 7350 3294
f 1118 7351 7404
f 7351 3307 7404
f 7562 1116 7285
f 7746 7537 3310
f 7286 1118 7353
f 1118 7286 3310
f 7206 3314 7287
f 3314 7206 3021
f 7562 3309 7406
f 3315 7406 3309
f 7288 7858 7354
f 7288 3315 3309
f 3323 3324 3367
f 3329 6989 6592
f 7106 6593 1121
f 3460 1328 6993
f 3480 1364 367
f 6857 1374 6364
f 6603 7289 3497
f 6858 7861 3499
f 371 3501 3517
f 6608 7646 7408
f 6608 7408 3571
f 7516 7824 3498
f 6994 7516 3498
f 3575 7293 7112
f 7111 3576 3575
f 1413 7215 7409
f 7215 1413 6862
f 3580 3571 3578
f 7215 3578 7294
f 1416 3586 7111
f 3576 7111 3586
f 5472 7295 7784
f 7113 3576 3586
f 3586 7295 7113
f 7784 3586 1416
f 3669 3670 1453
f 7296 3689 3688
f 6246 7672 7601
f 7410 3881 1522
f 7649 7410 1522
f 6996 3956 424
f 7297 6621 6189
f 1628 7220 7298
f 7220 4009 7298
f 7298 6632 4010
f 4011 4010 432
f 4020 7420 7733
f 7299 1633 6192
f 7299 1628 4020
f 1639 4032 7301
f 7411 7301 4032
f 436 4031 7411
f 7362 7411 4031
f 4051 7412 7795
f 436 7521 4031
f 4053 7776 1640
f 7776 4053 4052
f 7123 6637 7124
f 4092 3689 4091
f 7520 4092 4091
f 4092 7520 7748
f 7414 1668 4109
f 7414 6199 6643
f 6199 7414 6642
f 1671 7224 4111
f 1682 7304 4139
f 7125 6648 7304
f 1663 7047 7413
f 7415 6650 1691
f 7416 6395 6200
f 6606 4174 3546
f 4180 7227 4179
f 7126 4179 7227
f 3579 3572 6654
f 1413 7409 7306
f 7409 3579 6205
f 7306 7574 1413
f 7417 6658 6922
f 7418 6661 4196
f 6661 7418 448
f 7412 4201 7566
f 4202 7519 7566
f 6212 448 4203
f 4207 6666 4208
f 6670 6216 6218
f 7563 7128 371
f 7128 7563 6672
f 7307 6931 6220
f 4220 4032 4225
f 1639 4225 4032
f 4197 1698 6224
f 7418 6681 448
f 4238 7308 4237
f 6684 4242 6683
f 1719 7309 4255
f 6685 6671 6228
f 7312 7366 4237
f 4237 7308 7310
f 7310 7884 4267
f 7048 4047 6230
f 7370 7132 7459
f 7132 4271 7133
f 7884 7419 4267
f 7133 4271 7005
f 4275 7005 4271
f 7603 7668 6232
f 7420 6690 6234
f 6690 7420 432
f 1729 7421 4282
f 7135 6699 1733
f 1728 4301 4283
f 7424 1787 7522
f 7323 7139 7137
f 7139 7323 4429
f 7139 4430 6712
f 4437 7140 7142
f 7142 4465 4436
f 4437 7425 7374
f 7425 4438 7426
f 7374 7426 6580
f 7315 7426 4438
f 6580 7426 7397
f 4439 3157 7427
f 7315 7427 3157
f 7428 4441 4442
f 1840 7238 4444
f 7314 7313 7376
f 7313 4436 7316
f 7376 7316 4445
f 7429 4444 7238
f 7429 7238 4443
f 1838 7240 7427
f 7240 4452 7430
f 7427 7430 4439
f 485 1846 7317
f 7578 1847 4458
f 4459 7145 4458
f 4436 4465 7431
f 7429 7431 4444
f 1851 7432 7433
f 7432 4444 7431
f 7433 7431 4465
f 4467 7432 1851
f 7432 4467 7594
f 7318 4460 7146
f 7318 7146 1852
f 285 4469 1048
f 1851 7433 7244
f 7433 4465 7147
f 7244 7147 7797
f 5920 7054 7141
f 7141 7147 4465
f 6345 7148 293
f 7148 6585 4491
f 7008 6714 4512
f 7248 4546 7319
f 4547 7319 4546
f 4549 4546 4552
f 7150 7320 4553
f 4541 1897 4554
f 7010 4554 7150
f 7150 1105 7620
f 7149 6715 4548
f 4558 4557 4556
f 4548 4556 4557
f 4560 7321 4559
f 7011 7152 4573
f 3311 7322 7537
f 7322 7639 7058
f 7537 7058 7352
f 7381 4576 7251
f 4576 7381 4575
f 7323 7137 7434
f 7137 4421 7434
f 1909 7153 7734
f 7434 4593 7323
f 7253 4594 4595
f 4600 7862 1918
f 1959 7257 4616
f 7063 534 2128
f 7160 4725 544
f 14 7435 4731
f 7015 4731 7435
f 2159 4731 7015
f 4725 152 4729
f 2452 6739 559
f 6743 7324 2176
f 7324 6743 6463
f 7324 6742 4738
f 2179 7436 2178
f 7162 4739 7436
f 4739 7162 4740
f 4742 7437 7029
f 572 2187 7325
f 7384 4742 7325
f 7029 7325 4742
f 7259 2189 2179
f 4777 6745 6267
f 605 4780 7438
f 4780 7166 7438
f 7166 4782 7164
f 2257 7165 4780
f 7067 4782 7165
f 4782 7067 2269
f 7439 2269 7326
f 2269 7439 4782
f 7677 4787 7676
f 6470 4786 7328
f 4786 6470 7440
f 7328 612 7260
f 7439 4779 7164
f 4779 7439 4785
f 2271 7719 7386
f 7719 2271 2270
f 4785 7329 4779
f 7386 7330 7728
f 7330 4785 7327
f 7728 7327 2266
f 7069 6268 545
f 14 4787 7435
f 2288 4730 4791
f 7331 7167 610
f 7072 2349 4825
f 4831 7441 4830
f 6271 6751 6272
f 752 2591 754
f 4989 2671 6485
f 7030 7171 7442
f 7171 7030 4996
f 32 7172 5022
f 7172 32 5136
f 7173 2743 818
f 7332 7186 7077
f 7186 7332 5021
f 6501 2747 5027
f 6505 7174 6771
f 825 7333 2759
f 5026 7334 5035
f 7334 5026 6284
f 7334 5034 7613
f 830 2770 7176
f 7177 6772 7441
f 4831 7177 7441
f 7177 4831 6773
f 7178 6774 5053
f 846 7443 7665
f 5055 7443 5054
f 6508 5057 2819
f 6287 7829 847
f 7829 6290 7681
f 6509 2828 2833
f 18 5063 7181
f 7444 7181 5063
f 5065 7444 5064
f 7180 5066 5067
f 7179 2835 854
f 859 7335 2845
f 2850 7335 6979
f 2845 2850 7264
f 4733 7529 557
f 2889 5068 5083
f 2886 4737 563
f 6294 875 6516
f 7445 874 5086
f 6295 7445 6786
f 6786 7445 6787
f 7445 5086 7182
f 7446 7182 5086
f 7083 2892 7446
f 7446 6296 7182
f 7163 6523 5089
f 6303 242 6793
f 6795 6303 7183
f 7447 882 2912
f 6304 7447 6796
f 6796 7447 6535
f 7084 6535 7447
f 10 7437 7448
f 7448 4742 6309
f 7531 5103 6803
f 6314 6263 1
f 5127 6803 5103
f 5127 5126 902
f 7185 2979 6559
f 7267 5130 7185
f 5130 7267 2990
f 2990 7771 7800
f 904 7771 2990
f 2993 7091 5133
f 7336 5133 7091
f 893 7669 7655
f 7669 5116 6321
f 5128 7793 7337
f 7337 7394 3000
f 2999 3000 907
f 3005 5021 5137
f 5021 3005 7186
f 911 3001 7449
f 7187 6818 7449
f 7670 7449 6818
f 6329 5148 6820
f 3094 978 7096
f 3307 7490 6578
f 7196 6828 7396
f 6580 7396 6828
f 5228 7200 7338
f 7200 5231 7197
f 7338 7197 3160
f 3155 7339 7398
f 7339 3160 7277
f 7398 7277 7196
f 6959 6829 1038
f 3161 7199 7341
f 7199 3161 1037
f 1037 3172 7343
f 7450 3169 5235
f 5234 7450 5231
f 7202 7349 7599
f 1043 6830 7027
f 5237 7027 6830
f 7198 5235 7344
f 7198 7344 5227
f 7345 1044 3174
f 3179 7344 5235
f 7587 7278 7451
f 7278 7104 7346
f 7451 7346 5239
f 5239 5238 51
f 7347 7028 7203
f 7586 7801 7621
f 5240 7348 3187
f 5226 3186 5240
f 4469 5241 1048
f 1047 6343 3184
f 3184 7279 1047
f 3184 6832 1049
f 287 7347 6343
f 7349 5022 5242
f 6582 7888 7782
f 3276 7205 3275
f 5299 7350 3295
f 6590 5302 3297
f 5302 6590 3298
f 3181 3297 5302
f 7351 5308 7490
f 304 5309 5311
f 7404 3308 7353
f 5310 7353 3308
f 5312 7858 5224
f 6844 6349 5311
f 7354 7405 7355
f 7405 7287 7452
f 7355 7452 5313
f 7207 6845 7452
f 5313 7452 6845
f 7406 6844 1116
f 7208 5314 7491
f 7491 5314 1119
f 6350 7208 7491
f 32 7202 5136
f 7209 5136 7202
f 7209 908 6815
f 908 7209 5322
f 990 1267 6338
f 5366 5373 1283
f 1318 5392 3447
f 7356 97 5401
f 5420 6857 5421
f 6365 6858 372
f 7211 3499 1377
f 5433 7456 5432
f 372 5431 6365
f 7407 7861 7357
f 5431 7357 6365
f 6863 6994 5467
f 5467 7214 7039
f 5469 7634 6862
f 7216 5468 5471
f 7359 7216 5471
f 3578 7358 3580
f 7112 7293 7358
f 7358 5471 5468
f 1415 5474 7453
f 7453 380 7359
f 97 7542 6369
f 7542 97 7356
f 7714 1440 96
f 7218 3657 7041
f 1414 7041 3657
f 5530 7360 5529
f 5602 1525 6613
f 7454 7372 111
f 1568 6874 3890
f 1594 6875 1567
f 7219 1594 1567
f 1594 7219 1592
f 1607 6185 7455
f 7455 6185 6376
f 7518 7736 7863
f 1609 7659 3968
f 7659 6379 6377
f 6378 5693 114
f 5698 6888 6382
f 113 5689 5700
f 6937 7221 7120
f 1633 7300 4019
f 7361 5717 1631
f 7362 5729 7363
f 6634 7363 6193
f 7363 6634 7302
f 7222 4037 1642
f 4031 7121 7362
f 1640 7602 5739
f 7360 6386 5529
f 4089 5753 1663
f 5752 1663 5753
f 7223 5755 5758
f 6639 6999 6197
f 6391 1669 4107
f 6391 7748 1664
f 7051 5765 1673
f 7225 7622 7046
f 6903 7364 5770
f 1672 5766 7365
f 7225 6393 7365
f 4138 7365 6393
f 4152 5414 5778
f 6902 7416 1670
f 4178 4180 4177
f 5789 7127 1692
f 1413 7574 6912
f 6917 1698 6208
f 4212 7229 6923
f 6413 1384 5432
f 6413 7456 6925
f 6925 7456 93
f 7457 1705 5816
f 7457 6415 1705
f 6415 7457 6928
f 7366 5820 6934
f 6923 5811 5834
f 7231 6686 7230
f 7232 92 5820
f 7312 6935 7366
f 7130 5836 7458
f 7233 5836 7367
f 7130 7367 5836
f 4267 7368 7311
f 7368 7130 7129
f 7311 7129 4268
f 5835 7233 7460
f 7233 5839 7459
f 1725 7370 4272
f 7131 7132 7370
f 7370 7459 5839
f 4272 7369 7419
f 7369 4272 5839
f 6688 7231 7371
f 7460 7459 7133
f 4276 7371 7460
f 6938 7421 1729
f 6433 5858 6952
f 6953 4330 7136
f 6706 7234 472
f 7372 7657 7592
f 7657 7461 7592
f 7234 7461 472
f 7461 7234 6954
f 7373 6438 6435
f 6243 7373 7593
f 7373 6243 6436
f 7007 5693 6378
f 5920 7140 5921
f 7374 6827 5921
f 7577 7462 7375
f 7462 5925 7236
f 7375 7236 7052
f 7237 4438 7425
f 7314 7425 4437
f 5923 6957 5924
f 5924 7053 6958
f 7239 6957 1839
f 4445 7604 7577
f 4445 7577 7376
f 7463 1842 5928
f 7464 5927 7463
f 5927 7464 5925
f 1845 4453 6247
f 7464 5922 7236
f 5922 7464 5928
f 7465 1845 4452
f 7241 5928 7465
f 5928 7241 5922
f 5930 7466 4457
f 7587 7451 7145
f 7451 5239 7377
f 7145 7377 4458
f 7377 5930 4457
f 7243 5931 7889
f 4466 7378 1840
f 7245 6960 5936
f 6962 5987 6961
f 7379 7247 5988
f 7379 5988 7618
f 6718 1109 6961
f 7321 6963 4559
f 7249 7152 7466
f 7250 1906 7011
f 1906 7250 7057
f 495 7380 7467
f 7252 7609 1910
f 6447 7154 7382
f 7154 1121 7382
f 495 7467 5997
f 6001 1912 6002
f 114 5915 5849
f 4595 6969 7253
f 6448 7609 7380
f 6448 6968 7255
f 5923 7256 6957
f 7256 5923 5843
f 7798 7687 6451
f 517 7059 1991
f 7060 6853 5367
f 6853 7060 5372
f 7061 5372 7060
f 7468 2155 2156
f 2257 2258 7469
f 2337 2340 7070
f 2595 7504 2590
f 7486 2885 2887
f 2888 6512 7472
f 983 5188 3096
f 813 6155 226
f 1135 310 1133
f 1223 7477 1222
f 1160 1159 1237
f 1278 7478 3395
f 7479 358 1329
f 3480 7480 5410
f 7481 7886 3574
f 1365 3480 3754
f 7672 3801 3802
f 4233 4245 7482
f 1947 1946 1944
f 2022 7483 2023
f 2029 2023 7483
f 2095 2092 7014
f 7526 4764 2232
f 7528 4811 4794
f 7485 4917 4916
f 2762 5031 5032
f 7486 5083 2886
f 967 5181 5186
f 7535 3138 6826
f 3188 3191 5242
f 5259 7488 5260
f 3286 7489 5297
f 7490 5308 60
f 7491 5318 6350
f 7475 321 1152
f 7492 1157 322
f 322 1160 7492
f 73 7492 1160
f 1136 1162 7493
f 7495 1057 5384
f 7480 1363 5410
f 6364 7496 5421
f 5603 7497 5607
f 3830 5612 5606
f 7498 6873 5642
f 7658 5681 5683
f 5586 7500 7501
f 5602 104 4374
f 7523 5916 4430
f 5993 7502 5992
f 1995 1997 508
f 524 7483 522
f 2109 2094 6081
f 7468 2287 2155
f 571 2183 6973
f 7469 2258 167
f 7503 608 2261
f 2295 609 2294
f 2338 2337 7070
f 2307 2410 2409
f 7504 752 6480
f 2661 6274 215
f 7505 2683 6491
f 2683 7505 2690
f 2743 7507 2744
f 2746 2744 7507
f 6505 7508 2767
f 873 7486 2887
f 7472 6512 2847
f 960 3071 3072
f 6337 7509 7717
f 708 7511 2493
f 7512 1046 3180
f 294 3238 1080
f 3268 7619 3267
f 7620 3279 7619
f 1102 7474 3272
f 7513 3298 6153
f 3312 7595 7746
f 7493 3345 1168
f 3480 1365 7480
f 7480 1365 1366
f 3481 7713 1363
f 6607 3557 7292
f 7589 7646 6609
f 6994 6863 7516
f 6863 7481 7516
f 7481 6863 3588
f 3626 3722 1433
f 7672 3803 3804
f 7519 4035 7412
f 6639 7612 6999
f 4106 4104 1649
f 6202 4173 6652
f 7521 436 6674
f 7482 4245 1716
f 7522 470 4400
f 4431 7523 4430
f 7578 4457 7144
f 4589 7524 455
f 4604 7525 4603
f 4338 1969 4611
f 7015 2156 2159
f 4740 4749 568
f 594 7526 2232
f 608 7503 2260
f 7527 7071 4784
f 7527 4783 611
f 13 7528 4784
f 609 7528 4794
f 639 4824 6474
f 7484 4827 647
f 2530 7485 2529
f 7504 4951 752
f 780 2664 218
f 7506 2719 5007
f 7508 6505 6771
f 2771 5039 5035
f 6286 832 5043
f 5074 7529 6774
f 37 7530 5097
f 6310 7531 6542
f 7530 5110 2947
f 5110 7530 37
f 2964 7533 7022
f 2976 7617 552
f 6560 2992 38
f 5190 269 978
f 5197 5127 902
f 1001 7487 5201
f 3142 7535 5218
f 7490 7535 6826
f 3244 4979 5275
f 7489 7536 5297
f 7489 1107 3280
f 7537 7352 3310
f 7493 1167 1136
f 1167 7493 1168
f 3362 1194 1189
f 7538 5346 7539
f 1200 7539 3369
f 7538 333 5346
f 7540 3381 3379
f 7629 3454 7721
f 5403 7541 5404
f 1377 7496 6364
f 3610 5486 5473
f 7564 1454 5517
f 3691 7543 5530
f 3803 7672 3802
f 7544 1520 5601
f 3821 7497 7850
f 1530 3830 5606
f 1567 6875 6874
f 3891 1567 6874
f 6877 7545 1575
f 1599 7658 5683
f 1611 6190 5698
f 1658 7499 4075
f 4263 5834 5833
f 4288 6692 7549
f 7550 5857 1763
f 7550 1763 7136
f 4340 5869 5873
f 5890 1808 1721
f 4385 5896 5895
f 5897 7551 479
f 7552 4406 1826
f 7523 7662 4428
f 7662 7523 4431
f 7552 5909 4434
f 4406 7552 1837
f 1843 5926 7627
f 4494 5944 5951
f 4542 1100 5978
f 5981 1626 4543
f 7502 1903 5992
f 1833 6727 7253
f 7525 7641 1920
f 7525 1920 497
f 7383 7798 7155
f 569 7554 2181
f 2181 7555 6466
f 2349 6092 7484
f 6462 6093 2438
f 7556 2740 7077
f 830 7508 2770
f 873 7472 2889
f 2908 6530 2909
f 2946 7559 6131
f 2966 7560 6983
f 3309 3149 7288
f 3185 7561 3189
f 6162 7494 6163
f 990 7510 272
f 7563 7291 7732
f 7735 3575 7112
f 7517 3583 3657
f 7564 6178 3671
f 4036 4035 7519
f 6208 4197 7857
f 4205 7567 6213
f 4219 6674 4220
f 7568 4440 7604
f 7664 4739 4740
f 2671 4989 7570
f 7572 5059 2823
f 7532 6314 5107
f 5190 6337 983
f 7573 6345 5260
f 1223 1225 7477
f 7671 344 6358
f 7517 3657 6867
f 6188 7673 5692
f 4105 5760 7223
f 6930 7575 6416
f 1730 7576 4284
f 6940 4284 7576
f 7243 7889 7578
f 1847 7578 7889
f 5997 6000 7579
f 6001 7579 6000
f 7555 2251 6466
f 169 7580 7689
f 647 2349 7484
f 7505 6495 2690
f 6514 7729 874
f 602 6105 2246
f 6123 6798 6467
f 6537 7580 169
f 7582 6545 6811
f 245 7560 2966
f 6983 7560 2993
f 6138 7583 6562
f 3029 7584 7093
f 3309 7680 3149
f 3168 7585 7395
f 7587 285 7745
f 1049 1045 7348
f 3188 6582 3191
f 3191 3175 1042
f 7619 3279 3267
f 1104 7402 7686
f 7489 3284 1107
f 3292 7588 6841
f 7588 3292 3291
f 6347 6590 3297
f 3325 3324 3322
f 990 272 7747
f 6649 3557 7515
f 1411 7589 6609
f 6178 7564 3670
f 7544 1521 7590
f 7649 7590 1521
f 1541 1539 6704
f 6179 6182 3891
f 6612 1506 6619
f 6378 5692 7673
f 1612 7673 3972
f 3973 1614 3974
f 7303 7521 1643
f 4088 7124 7413
f 7224 6645 6646
f 1687 7565 7688
f 7565 1681 7688
f 4166 6650 4164
f 3557 6649 1405
f 4171 6201 6644
f 7591 6652 1694
f 7306 7409 6205
f 7589 6209 3572
f 6678 4219 4220
f 6220 7547 1701
f 5840 7048 7131
f 6705 7423 470
f 7593 1789 1788
f 1788 471 7593
f 1852 7594 4467
f 4542 4541 7010
f 7606 4555 4562
f 7595 303 7734
f 4593 6727 7323
f 568 7664 4740
f 610 7527 611
f 4991 7570 4989
f 4990 7570 6756
f 6281 6762 6756
f 7507 2742 2746
f 2765 7175 7079
f 7613 2771 5035
f 7597 5042 833
f 2804 5042 5052
f 7572 5060 5059
f 6780 5068 858
f 859 5070 7335
f 2852 861 5072
f 1 7598 6799
f 2929 6542 7531
f 567 7532 6550
f 6324 7534 6816
f 6567 6566 916
f 5218 60 7235
f 60 7535 7490
f 7599 5236 1042
f 5237 7599 1042
f 6833 3188 5242
f 7284 6347 3297
f 5301 5303 5304
f 7600 5402 7356
f 5421 7496 6363
f 7496 6172 6604
f 5449 1397 3543
f 5512 96 1440
f 6867 3657 1449
f 7543 3691 1461
f 7424 7601 6870
f 7498 5442 6873
f 6879 1603 1607
f 7518 1607 1603
f 6387 1664 7520
f 4103 5760 4105
f 6905 5774 6392
f 5432 7456 6413
f 5820 92 5406
f 7603 6941 7576
f 5844 7576 6941
f 1731 7549 6692
f 6946 7549 5847
f 6433 7678 457
f 7593 7373 1789
f 6435 1789 7373
f 6244 6439 1791
f 7568 7239 1839
f 1841 7604 4445
f 4453 5929 6959
f 6962 7605 7606
f 4558 7605 7618
f 7605 4558 7606
f 4562 5987 7606
f 7607 6963 1903
f 7607 7250 5990
f 6965 7467 7685
f 7608 6965 7685
f 6446 6965 6445
f 7579 495 5997
f 7579 6001 7254
f 7640 7609 6448
f 6033 2004 2005
f 168 7885 7471
f 7610 2761 7613
f 2847 2844 2843
f 2902 878 2900
f 6338 7792 990
f 6985 7201 1040
f 6985 1040 3339
f 1416 7611 3608
f 3653 1445 3654
f 7612 5756 4096
f 1834 4427 4433
f 7613 5034 7610
f 828 7610 5034
f 6991 1136 1167
f 1522 1562 87
f 2182 158 7555
f 2264 2295 7885
f 2343 2342 7790
f 2348 7072 2817
f 7614 6982 6100
f 828 2762 7610
f 846 2808 7080
f 7615 2993 7560
f 2993 7615 7091
f 7584 922 7093
f 3094 7509 978
f 7561 3175 3189
f 3181 7666 3297
f 7476 7035 1218
f 4093 6387 7520
f 6999 7612 5759
f 4095 7612 4096
f 7708 1834 4433
f 7243 7578 7144
f 2235 4765 4764
f 4777 7598 1
f 7528 7066 4784
f 4784 4783 7527
f 4818 2339 7742
f 7171 7596 7442
f 2719 809 2716
f 7529 6772 6774
f 7184 7530 2947
f 4727 8 5116
f 917 5144 6566
f 5182 7191 5184
f 5197 902 994
f 6843 5224 6341
f 7104 7512 3181
f 7621 1045 6832
f 1045 1049 6832
f 5329 7032 7514
f 7601 5593 6870
f 7565 5778 5774
f 6929 5816 6930
f 7575 5816 6675
f 4241 6683 5825
f 5890 1721 5833
f 4553 7605 6962
f 4557 7618 5988
f 1833 7253 6969
f 2189 2187 572
f 169 7689 2255
f 821 7614 2749
f 7666 7284 3297
f 7619 7010 7620
f 4733 6739 4734
f 4787 4791 4730
f 7442 7569 6752
f 7173 7332 819
f 2894 5086 874
f 978 7509 5190
f 7509 6337 5190
f 1375 7211 3496
f 7360 7543 5531
f 4105 7223 7752
f 4110 7622 5766
f 61 5995 5320
f 7798 7553 6012
f 2182 7554 6463
f 7554 2182 7555
f 2188 7384 2187
f 7556 2727 2740
f 6982 7614 2748
f 650 7581 6506
f 7082 7557 2825
f 7580 6123 6467
f 7615 7269 7271
f 7024 7270 7023
f 4439 7395 7099
f 7274 3155 7398
f 3185 7280 7561
f 7103 7561 7280
f 3182 7512 3180
f 7512 3182 7666
f 7399 7103 7280
f 3187 7802 1048
f 5294 7402 1104
f 3286 1104 3285
f 6246 7601 7424
f 4033 7302 6634
f 7521 7303 4031
f 4092 7748 7725
f 4107 7725 7748
f 7515 4166 4164
f 7566 7519 7412
f 4227 4225 1639
f 1847 4459 4458
f 3268 4542 7619
f 7620 1105 3279
f 16 4733 4734
f 6740 4777 1
f 7616 7079 7175
f 7079 7616 6285
f 6979 7335 5067
f 7529 5074 2868
f 4727 5116 6812
f 7617 4731 552
f 7599 7349 5236
f 7621 7203 1046
f 7119 5515 1449
f 6867 1449 5515
f 7363 5729 7602
f 7225 5766 7622
f 7224 7622 4110
f 7622 7224 7046
f 7565 5774 1681
f 6930 6416 6678
f 5820 5406 7831
f 5401 5824 1353
f 5811 5833 5834
f 6688 7371 6231
f 457 5847 6949
f 7372 7592 6705
f 7592 7461 6954
f 7577 7604 4441
f 7380 495 6448
f 7608 4574 6965
f 61 6966 5995
f 2660 7643 2661
f 2695 2693 7623
f 7625 2987 7089
f 1192 3358 3359
f 3581 3582 3583
f 3584 1414 3582
f 3761 7626 3490
f 4034 4035 6193
f 7627 4447 4449
f 1993 2004 2010
f 2036 2038 6034
f 7642 2092 2111
f 2665 777 218
f 2898 2902 7020
f 4765 5089 6298
f 7629 721 7781
f 7630 5197 3105
f 7630 6803 5127
f 3152 7632 1034
f 7633 1220 1225
f 5473 7636 7784
f 5678 7658 5687
f 1657 5747 121
f 4381 7638 5891
f 477 7651 5893
f 7639 7251 7058
f 4593 7640 1916
f 6009 513 1966
f 2108 7642 2106
f 2146 5359 150
f 7702 2147 7832
f 2247 2246 6974
f 638 2337 2344
f 757 755 2594
f 776 7643 782
f 7643 776 2654
f 7623 2693 801
f 2776 2790 2791
f 2810 7263 2830
f 865 7624 2863
f 856 6510 2890
f 284 3169 6985
f 3220 3230 3229
f 7644 3322 6594
f 1228 7633 6165
f 3572 7646 7589
f 379 3581 3583
f 1445 7647 3654
f 7648 1487 367
f 7649 3820 3819
f 1537 3830 3829
f 1572 6619 6877
f 1640 4034 6193
f 3546 4173 4166
f 6665 6220 1701
f 1723 7650 4260
f 4385 7651 1814
f 7627 7785 4447
f 4639 7652 4638
f 4455 4638 7652
f 547 7653 2146
f 7653 547 2147
f 2146 4726 547
f 2189 2183 4741
f 4781 607 2260
f 5047 40 2795
f 7020 2902 7654
f 831 7654 2902
f 7655 5135 7024
f 3076 961 5880
f 5188 6337 982
f 7781 985 7629
f 273 7792 3101
f 7630 5196 10
f 7631 5223 3148
f 301 5299 5301
f 944 7656 1171
f 7653 7702 7701
f 5359 1276 5361
f 7645 7713 3482
f 7645 5412 5411
f 5449 1378 5424
f 7635 3584 7295
f 96 7636 7714
f 7636 96 5472
f 5510 1445 7715
f 7647 6371 3658
f 5603 7850 7497
f 6615 7657 7372
f 1591 7658 6181
f 7658 5678 6181
f 7658 1599 5687
f 7659 6627 6379
f 7650 4264 7841
f 7661 5831 5840
f 1728 6939 6952
f 5891 7638 93
f 1812 7651 4385
f 7662 1833 5915
f 1834 7708 5916
f 5918 1835 482
f 7675 1847 5936
f 1893 5974 117
f 4528 1893 117
f 7663 7235 60
f 1919 1920 7641
f 4604 7641 7525
f 531 2078 4672
f 2182 6463 7664
f 846 7665 2808
f 2909 6122 2921
f 7666 6987 7284
f 7633 1225 1224
f 7667 4210 4051
f 1725 7661 5840
f 7668 6234 6232
f 556 7764 6260
f 6281 4994 6762
f 7669 6812 5116
f 966 7628 5182
f 1034 7632 3150
f 6831 5240 3187
f 7723 7517 6867
f 7678 6425 7679
f 1538 7707 1788
f 6926 7638 5890
f 1852 4468 4466
f 7664 6463 6743
f 6749 6470 7471
f 7742 640 2341
f 4819 2341 640
f 221 6491 793
f 7665 2809 2808
f 2810 2830 7262
f 855 7558 2842
f 2895 2894 6107
f 7729 6107 2894
f 6537 2909 2921
f 6537 6123 7580
f 6575 202 3093
f 7671 6339 995
f 7099 7395 3156
f 6588 7686 7402
f 1043 7751 1125
f 3497 6605 1375
f 3556 3558 7292
f 3577 7111 3575
f 7634 7112 3578
f 7672 6246 3801
f 3546 4166 6607
f 4254 7661 6687
f 7668 4279 6234
f 6242 1789 6435
f 7639 7381 7251
f 2155 6461 553
f 7436 2189 4741
f 14 7676 4787
f 6749 7677 7440
f 7812 7171 4996
f 6776 7665 5055
f 6744 6783 602
f 6321 7655 7669
f 971 7628 3089
f 7632 5224 7858
f 6830 7202 7599
f 1266 1271 1274
f 6035 7645 3482
f 7647 1445 388
f 1628 7727 7220
f 6660 1700 6208
f 6917 6208 6405
f 6416 1708 4219
f 7232 5820 7366
f 7679 6946 7678
f 7678 6433 6939
f 7704 6995 7886
f 1993 2010 516
f 7642 7062 533
f 6462 6477 554
f 2268 2269 7067
f 6980 6979 854
f 7682 7738 967
f 7682 3092 7098
f 284 6985 3339
f 7744 3175 7561
f 1537 3829 1535
f 7674 4146 4099
f 7683 7147 7054
f 4574 7322 7153
f 5070 7180 5067
f 5072 861 7830
f 6760 7188 6328
f 7636 5473 5486
f 7680 3309 7562
f 7354 3315 7288
f 3556 7292 3557
f 4034 7776 7740
f 7667 7795 7740
f 2109 4712 2110
f 5129 2979 7185
f 7670 3008 7449
f 6256 343 7828
f 7739 6749 7471
f 2910 2908 6116
f 7430 7395 4439
f 1042 3175 3176
f 1048 7745 285
f 3285 7686 6591
f 3557 6607 7515
f 7752 4095 7887
f 4104 1667 7887
f 3311 7595 7153
f 2109 2110 2111
f 2189 7436 2179
f 7440 7677 7676
f 7665 7443 5055
f 7681 6290 5060
f 5070 5067 7335
f 7669 2955 6812
f 7023 7655 7024
f 1267 57 6338
f 7518 7863 6880
f 6378 7673 7007
f 4197 6208 1698
f 7467 6446 5997
f 7687 6013 6015
f 319 1154 321
f 319 321 1153
f 7796 5330 5329
f 7786 1845 4454
f 4979 21 5275
f 5328 7796 5329
f 7722 1350 7541
f 3608 5473 1416
f 4340 5873 1764
f 7562 7285 3143
f 4149 7688 7000
f 6358 344 1266
f 472 1786 6435
f 1104 7686 3285
f 1687 7688 4149
f 7688 4140 7000
f 6756 6762 4990
f 7623 7812 4996
f 5304 5303 1112
f 6193 7363 7602
f 4103 4105 1667
f 7685 7467 7380
f 2987 904 2988
f 7792 7510 990
f 2719 2716 5009
f 5816 7575 6930
f 4439 7099 7274
f 6416 4219 6678
f 6262 7690 2173
f 7690 6262 12
f 2248 2249 3202
f 7751 7693 3333
f 308 68 1134
f 320 1231 1234
f 3459 7694 6993
f 2144 7695 7839
f 3591 7696 3590
f 3609 7697 3618
f 3784 7698 3786
f 1193 4631 4632
f 2248 7699 604
f 3104 7700 5195
f 1148 70 1159
f 7754 7701 7702
f 5426 7704 5475
f 6192 7705 7727
f 7706 5814 5731
f 7708 4432 5918
f 4648 525 2036
f 12 7702 7690
f 7690 149 2173
f 603 2248 3202
f 2341 7692 580
f 7691 2342 2343
f 7710 2595 4950
f 7076 801 2696
f 2774 835 2778
f 2797 2800 2798
f 7711 2862 2860
f 2921 6122 6536
f 2988 829 2773
f 7693 3178 284
f 1123 7693 284
f 1243 3384 1235
f 7712 3449 1320
f 5474 1415 3591
f 7611 7697 3609
f 6177 6861 7881
f 3618 7697 7881
f 7714 3644 1440
f 7698 3785 3786
f 7755 1573 3900
f 7716 4056 4247
f 4248 7716 4247
f 5875 1776 4350
f 6434 1786 472
f 7717 982 6337
f 4582 4312 4321
f 6081 4721 2109
f 2234 4767 593
f 603 7699 2248
f 577 4781 7503
f 7676 7718 7440
f 7719 7385 7329
f 2284 7677 6749
f 2430 4859 4871
f 7073 3 4950
f 7710 4951 7504
f 2667 4987 753
f 2666 2665 784
f 873 2889 5083
f 2905 6525 6108
f 7720 7781 4909
f 992 7700 3104
f 1211 5351 1212
f 150 5359 7819
f 4 7703 209
f 7722 6171 1352
f 7704 1380 6995
f 6610 7723 6866
f 3736 5551 1475
f 7724 5604 5606
f 7724 5606 5612
f 1529 5604 1564
f 7724 5612 5653
f 5719 435 7705
f 7727 7705 435
f 6385 7705 6192
f 1643 7706 5731
f 7049 1773 1764
f 7797 7675 5936
f 4530 7854 5975
f 1903 7502 7607
f 4648 2036 2039
f 2681 6491 2683
f 2927 2928 6125
f 7730 2945 2938
f 728 6575 3090
f 7586 7104 7278
f 4231 6224 6682
f 4376 7717 267
f 4774 6744 7699
f 7699 6744 2247
f 7718 4786 7440
f 4991 6759 6756
f 343 7726 1266
f 435 5716 7727
f 6438 6437 6706
f 6458 528 7828
f 7709 2155 2287
f 149 7764 556
f 2438 6476 6462
f 6507 2811 847
f 6103 6519 7729
f 7729 6514 6103
f 6119 7730 241
f 7730 2938 241
f 199 3097 7720
f 7537 7746 3311
f 7731 7110 7407
f 7815 7732 7823
f 7723 379 7517
f 7859 6704 7864
f 7716 4055 4056
f 6679 3500 3501
f 6937 7733 4279
f 6438 6706 472
f 7734 303 7105
f 6256 7726 343
f 5054 7443 2819
f 5090 2905 6108
f 7722 5408 6171
f 3518 5433 5432
f 7735 5469 6177
f 7542 7356 5490
f 6881 7736 7546
f 7737 4182 4185
f 1708 7575 6677
f 4284 6940 1728
f 6015 6451 7687
f 2850 6980 2851
f 6981 7711 2860
f 3087 7026 7738
f 7741 1367 5412
f 7696 7114 3590
f 7715 1446 3655
f 2041 7741 5412
f 4945 6274 4980
f 7711 7019 2862
f 7700 7193 5195
f 7217 5475 7743
f 7704 7743 5475
f 6389 7045 5762
f 6037 7741 2041
f 7725 4107 4108
f 7793 5128 5129
f 7793 5129 7185
f 7747 6358 7726
f 1266 7726 6358
f 2273 168 7471
f 3174 7744 3159
f 7802 7745 1048
f 3312 7746 7286
f 990 7747 1267
f 3501 7407 3517
f 1399 3545 7292
f 2990 7800 5130
f 5409 1366 1365
f 7220 7727 5716
f 7749 7602 5729
f 7710 7504 2595
f 231 2761 826
f 7717 7509 267
f 7746 7595 3311
f 2204 4750 7684
f 7629 7721 7712
f 7736 1605 7546
f 1843 7627 1844
f 6529 2908 2909
f 2810 6507 847
f 7747 272 6358
f 7595 7734 7153
f 610 611 2268
f 7750 6260 542
f 2852 5072 6782
f 7599 5237 6830
f 1358 4235 7831
f 4818 7742 7684
f 7752 7223 5759
f 4201 7412 4051
f 7046 7224 1671
f 2342 174 6091
f 2146 150 546
f 7690 7702 7832
f 7635 7295 5472
f 7751 3333 1125
f 7122 7667 7740
f 6679 3501 371
f 553 6461 4729
f 7732 3518 5432
f 4095 7752 5759
f 4034 7740 7795
f 1367 365 3488
f 4105 7887 1667
f 7887 4105 7752
f 6998 7887 4095
f 3311 7153 7322
f 2204 7684 580
f 5367 5366 7783
f 1350 5404 7541
f 4727 6812 2960
f 548 4727 2960
f 2153 7753 2154
f 2159 7847 2158
f 7838 315 7758
f 442 4080 4081
f 4211 4210 7667
f 4304 4305 4306
f 1980 1944 1985
f 2030 2034 7756
f 6455 7756 2034
f 2437 4872 2438
f 290 7757 5250
f 74 7758 1145
f 7759 7540 5349
f 1218 7035 5351
f 7760 5425 3506
f 7761 5875 4349
f 7762 5998 5861
f 1915 7763 4592
f 2137 2136 2138
f 546 7753 2153
f 2158 7847 549
f 2198 7765 2197
f 7810 2204 2211
f 7766 2269 2268
f 7067 7165 7469
f 2282 7885 2295
f 2472 2474 2473
f 777 7767 211
f 6514 7768 6103
f 6120 7769 7265
f 7184 7769 6120
f 6541 7770 6129
f 7625 7771 2987
f 565 3385 6262
f 7753 7819 7879
f 7701 7754 7865
f 7773 3405 1286
f 3461 7774 1350
f 1385 7815 3519
f 3505 3506 1378
f 1529 3820 1531
f 7775 3886 1564
f 7776 4052 7740
f 4228 6221 6679
f 1737 4304 4306
f 4346 1770 1767
f 270 6710 1802
f 1844 4451 7143
f 1843 1844 7143
f 1847 7675 4459
f 4525 1893 4528
f 7762 1742 4583
f 4601 1917 4600
f 7756 4648 2031
f 549 7847 4729
f 7765 4748 577
f 684 2437 2438
f 7812 7076 788
f 7787 5036 7176
f 2887 2888 873
f 6748 7779 612
f 7336 7793 7800
f 7781 7720 986
f 7782 5243 6834
f 5254 1062 3208
f 5328 1173 3347
f 7759 3381 7540
f 1218 5351 1216
f 7838 6357 1243
f 7760 3508 5425
f 4055 7716 122
f 7761 469 5875
f 6436 4368 6437
f 7785 7627 116
f 4569 5992 1903
f 5998 7762 4584
f 4588 5998 4584
f 7786 7652 5929
f 6037 2043 365
f 6050 4674 6045
f 7778 4710 4711
f 7526 6087 2235
f 7767 6094 211
f 7176 2772 7787
f 6510 7768 2890
f 7768 6510 6103
f 7788 2914 2916
f 6119 7769 7730
f 6129 7770 2940
f 6478 3447 1316
f 7122 4211 7667
f 2674 7789 6279
f 7782 6834 3190
f 2145 7832 2147
f 7832 2145 7764
f 7766 2265 2266
f 2773 7787 2772
f 7779 7390 612
f 7788 2915 2914
f 7770 6552 2940
f 7791 6571 6327
f 1189 6162 329
f 3470 3469 7774
f 7294 3579 7409
f 6373 1540 1538
f 1572 6877 6878
f 7766 2266 7326
f 6288 6775 5054
f 7779 2911 6529
f 7780 2922 5100
f 7793 7394 7337
f 7792 988 3101
f 7885 2282 7739
f 7777 4469 285
f 4470 7777 4471
f 1671 4124 7794
f 5769 7794 4124
f 7765 7503 2197
f 3093 972 6575
f 3574 7886 6995
f 3608 3610 5473
f 7795 4035 4034
f 4284 4281 4280
f 6725 7734 4581
f 7812 788 7171
f 3347 1171 7796
f 7215 7294 7409
f 7794 5769 446
f 7797 6960 7244
f 7730 7769 6534
f 2256 7164 4779
f 7799 6782 5072
f 5132 5133 7336
f 7768 6513 2890
f 6224 1698 6419
f 4284 4280 1730
f 1909 7734 6725
f 7326 2269 7766
f 7180 5070 7799
f 7394 7793 7336
f 7801 1045 7621
f 5241 3187 1048
f 4441 7428 7462
f 7067 7469 7470
f 3310 7352 5308
f 1367 7210 7872
f 4470 5935 4469
f 1045 7801 7802
f 7771 904 2987
f 2264 7885 168
f 7790 2342 6473
f 7801 7586 7745
f 6946 5847 457
f 7577 4441 7462
f 7783 3401 1286
f 7784 7636 5472
f 826 7092 231
f 12 1248 7754
f 4055 122 7808
f 556 6260 7161
f 2842 7558 2841
f 6861 6369 7542
f 4235 4234 4236
f 1714 4235 4236
f 7799 7830 7180
f 7800 5132 7336
f 6256 7828 2061
f 7772 7682 7098
f 7795 7412 4035
f 7322 4574 7639
f 7796 1171 5330
f 5565 89 5409
f 6861 7542 6864
f 7802 7801 7745
f 6193 7602 1640
f 7758 1244 7838
f 3505 1378 1398
f 3900 1573 5650
f 7819 5359 5361
f 1352 3461 7722
f 4471 7675 7683
f 4588 4584 1914
f 199 7720 2512
f 6373 1538 6242
f 2925 6800 5100
f 3087 7738 7682
f 3517 7291 371
f 1399 7292 3558
f 5935 5241 4469
f 7348 7802 3187
f 7690 7832 149
f 5401 6911 5796
f 7803 2648 771
f 3347 3348 258
f 7814 3544 1394
f 3607 3608 3609
f 7804 7755 3900
f 3168 7430 4452
f 5358 7879 5362
f 5477 7807 3462
f 7804 3900 5651
f 4303 7809 5856
f 4530 5975 5973
f 7846 5992 4569
f 365 7741 6037
f 1343 6085 540
f 2205 7810 2206
f 7810 2209 2206
f 2435 682 2437
f 7803 2594 2648
f 2652 2653 2472
f 7812 801 7076
f 7813 871 6512
f 323 5328 7514
f 5358 2154 7879
f 3462 7806 7109
f 7814 369 3503
f 3518 7815 1385
f 369 7814 1394
f 3607 1428 3610
f 1528 3817 1527
f 1570 3895 7804
f 7804 3895 419
f 1603 3960 3961
f 4065 1652 4064
f 4082 1661 4081
f 4586 1913 4588
f 4671 4665 2043
f 7810 581 2209
f 4909 722 2512
f 871 7813 5082
f 7805 5082 7813
f 5161 938 3043
f 7818 5186 3093
f 1029 3140 5219
f 7387 1316 3448
f 1352 7806 7807
f 1498 5577 1494
f 7821 6878 6876
f 6949 5851 6432
f 1738 7809 4303
f 7809 1737 5856
f 4480 4481 5433
f 4521 4530 5973
f 515 1983 1947
f 7866 2865 2867
f 7859 6373 6242
f 5406 6362 1358
f 7823 7357 7815
f 7851 6373 7859
f 5796 6911 6913
f 6455 2040 6456
f 848 7866 2867
f 368 7824 3574
f 4264 1723 4265
f 7846 7816 4568
f 4586 4588 6726
f 7166 7164 4778
f 6777 6289 6778
f 7817 242 5098
f 6819 6139 6564
f 3389 7825 6852
f 3168 4452 6247
f 7738 7026 6825
f 7122 7808 5738
f 7828 528 2060
f 7806 1352 6171
f 7827 3468 3469
f 7115 3461 7807
f 5416 7820 1367
f 5718 115 5717
f 5718 5717 7221
f 7291 3517 7823
f 7824 7289 3498
f 3571 7294 3578
f 7829 6287 6290
f 553 7847 2156
f 2995 826 5032
f 1189 1194 7033
f 1728 4283 4284
f 7438 7166 4778
f 7637 5739 7602
f 7625 2994 5132
f 7184 2947 6534
f 7516 3574 7824
f 7586 7621 1046
f 5820 7831 6934
f 1489 3755 5565
f 5565 1365 1489
f 1418 5565 3755
f 5936 7889 7245
f 6443 6831 5241
f 5072 7830 7799
f 7586 1046 7104
f 7754 7702 12
f 1980 515 1947
f 7823 7732 7291
f 5469 6861 6177
f 1367 7741 365
f 4235 6934 7831
f 7750 542 2277
f 7637 7602 7749
f 1358 7831 5406
f 7822 6433 457
f 2123 7890 2127
f 6336 65 7826
f 7826 4370 977
f 5367 7783 3404
f 7811 7767 2666
f 2211 2204 160
f 7753 7879 2154
f 4471 7777 4459
f 4600 1917 483
f 6478 1316 7387
f 7859 6242 1786
f 5054 6775 5055
f 5100 2922 6306
f 7771 7625 5132
f 7847 2159 2156
f 5409 89 1351
f 5091 6790 4731
f 5401 5796 5824
f 7843 2436 2279
f 814 2729 226
f 1253 7865 7754
f 7833 3442 1312
f 5577 1498 7834
f 7835 3991 7867
f 7836 4627 4586
f 2652 4977 2651
f 7856 941 5162
f 7838 1242 6357
f 7833 3448 5390
f 7839 361 5400
f 361 7839 7695
f 7840 5411 7872
f 4263 7841 5834
f 7652 6025 5929
f 1524 7842 6072
f 2211 160 585
f 171 7843 2279
f 7843 171 2444
f 226 2729 813
f 814 226 2739
f 2745 7844 6581
f 1066 3212 3207
f 3207 7845 1066
f 3219 7845 1062
f 7845 3219 1066
f 3355 1172 1173
f 3432 7833 3446
f 1398 3544 3505
f 7834 3776 5577
f 3960 3959 423
f 427 7835 3980
f 427 3975 7835
f 7854 4529 1893
f 1905 7846 4565
f 4567 4565 7846
f 7836 6724 4626
f 4726 546 152
f 7837 4872 682
f 7848 4874 4877
f 7848 4877 2454
f 683 7848 2454
f 775 2652 2651
f 1496 7834 5578
f 7834 1498 1495
f 1526 7850 1528
f 3834 7851 1535
f 5721 1632 4022
f 5746 7499 5748
f 5744 5756 5757
f 5834 7841 1704
f 7423 6954 1785
f 4525 7854 1893
f 7855 6019 6021
f 7855 6022 1983
f 6022 7855 6021
f 7856 938 7094
f 7844 7888 6581
f 6660 7857 4196
f 7862 4440 7568
f 7858 5312 7354
f 2061 4378 57
f 2145 7860 542
f 905 2994 2995
f 919 6148 910
f 6177 3577 3575
f 7857 7418 4196
f 6228 7841 4264
f 7836 4586 4579
f 7860 2277 542
f 6862 5470 5469
f 7851 5614 1535
f 4064 7852 1651
f 6952 4301 1728
f 7423 1785 1783
f 5396 1321 354
f 7739 2284 6749
f 3141 1028 3140
f 3304 3306 3303
f 2995 2992 905
f 937 5140 44
f 7853 7228 7547
f 7846 4568 4567
f 7856 255 941
f 7110 7861 7407
f 7861 7110 3499
f 7862 1839 1918
f 6268 7860 6737
f 5154 7584 924
f 6349 304 5311
f 7861 6365 7357
f 7850 5603 1528
f 6208 7857 6660
f 6256 2061 57
f 7862 7568 1839
f 3584 3582 3585
f 721 4909 7781
f 3401 7783 5366
f 7660 5746 5748
f 7650 7841 4263
f 7153 1909 4574
f 2144 7839 1343
f 7854 4525 1892
f 7864 6704 1539
f 5054 2819 5057
f 2041 5412 7645
f 7701 7865 1276
f 1276 7865 5360
f 7847 553 4729
f 6696 4293 6239
f 7262 7866 6507
f 2523 4914 4912
f 7586 7278 7745
f 2715 2714 800
f 1286 3401 3403
f 4151 5779 5777
f 6336 970 5884
f 970 6336 971
f 3401 5366 1283
f 1683 4151 5777
f 2721 2722 2723
f 2835 2836 2837
f 3982 3983 3984
f 810 2721 2723
f 854 2835 2837
f 1617 3982 3984
f 7826 968 6336
f 2123 539 6736
f 2123 6736 2124
f 6864 7542 5490
f 7683 7675 7797
f 6696 6239 455
f 2925 5100 6306
f 2513 2523 4912
f 2716 2715 800
f 1394 3544 5448
f 2472 2653 2460
f 3219 1062 1069
f 1603 3961 7518
f 4065 4064 4063
f 5389 3448 1312
f 3448 5389 7387
f 1687 5779 4151
f 7851 7859 7864
f 5154 924 921
f 826 2762 5032
f 4733 16 6772
f 5091 4731 7617
f 2943 822 2755
f 941 1174 1175
f 1966 1760 4612
f 7874 3401 3402
f 4308 4309 4310
f 6251 7869 1739
f 2138 1349 2144
f 7870 4878 2452
f 1110 7871 3304
f 7872 7210 7840
f 1892 5975 7854
f 2473 698 2472
f 2512 7720 4909
f 7845 3207 3208
f 5359 2146 7653
f 7874 3400 1284
f 3403 7874 1284
f 7880 3543 1388
f 423 3962 3960
f 4017 7868 1632
f 1651 4062 4064
f 1721 4262 4263
f 1739 7869 4310
f 4308 4310 7869
f 1740 4309 4308
f 4317 7875 1746
f 7876 485 4464
f 7877 7875 4317
f 7155 7877 458
f 7869 7383 4308
f 2124 7890 2123
f 2153 4728 546
f 7870 2457 4878
f 4952 4951 756
f 5017 2731 5019
f 5019 2731 814
f 935 3042 257
f 3306 3304 7871
f 7871 1114 3306
f 5300 7871 1110
f 5313 6349 6844
f 5359 7653 7701
f 5362 1279 1275
f 1388 5437 7880
f 5450 7880 5437
f 6864 7881 6861
f 1495 3781 5579
f 5451 5790 4174
f 7443 7882 2819
f 1738 5858 4305
f 643 6472 167
f 2584 2583 2589
f 7081 7882 2818
f 3025 7883 6150
f 7883 919 7189
f 6169 3449 3455
f 7308 7884 7310
f 2267 6269 7331
f 7882 6508 2819
f 7883 6572 919
f 7878 3203 3199
f 6845 7208 6349
f 5733 7222 1642
f 4049 5733 1642
f 5451 4174 6606
f 7887 6998 4104
f 7054 4470 7683
f 7873 7573 3218
f 6451 7877 7155
f 7877 6451 6729
f 2910 6530 2908
f 7889 5931 7245
f 7497 3821 1531
f 7497 1531 5607
f 7592 7423 6705
f 7885 7739 7471
f 7529 2868 557
f 4262 7650 4263
f 4612 6009 1966
f 7637 5733 5736
f 5411 7713 7645
f 3577 7881 7697
f 3620 7881 6864
f 7886 7743 7704
f 3188 7888 6582
f 2909 6115 6529
f 581 7810 2211
f 7675 4471 4459
f 5154 5156 254
f 7739 2282 2283
f 5154 254 922
f 1367 7872 5412
f 226 3299 817
f 2739 226 817
f 3992 1615 7867
f 7879 1278 3395
f 6696 1735 4300
f 6831 3187 5241
f 2523 2515 2524
f 727 2523 2524
f 6696 4300 7134
f 2715 809 5008
f 6496 2715 5008
f 4151 4150 4152
f 1687 4151 4152
f 2721 5012 2728
f 2835 7179 2842
f 3982 5699 3981
f 812 2721 2728
f 857 2835 2842
f 1618 3982 3981
f 1334 7890 358
f 7890 1334 2127
f 7826 977 7192
f 7872 5411 5412
f 7867 3980 7835
f 1740 4308 458
f 7875 1745 1746
f 939 5161 3042
f 354 6169 3455
f 5396 354 5397
f 939 5140 937
f 939 7094 5161
f 7637 5736 5737
f 3992 7867 3991
f 4149 5779 1687
f 1773 1769 1772
f 1769 1773 7049
f 5401 1353 3466
f 5401 3466 7600
f 4733 6772 7529
f 1161 1162 1136
f 1161 1136 1137
f 125 5857 7550
f 950 47 951
f 945 950 951
f 99 5418 5752
f 6774 6772 7177
f 11 4737 5083
f 6386 99 5752
f 94 5774 5778
f 125 7550 1762
f 6774 7177 5053
f 1177 937 5331
f 2944 822 2943
f 255 1174 941
f 462 1760 1966
f 5068 11 5083
f 1177 5331 1176
f 5414 94 5778
f 1771 1773 129
f 1967 6007 1762
f 1968 1967 1762
